Country,Year,Growth,Capital
1,1,-0.3116484688893657,1.668588257140302
1,2,-2.448210488221922,-0.7162316894093779
1,3,-0.1503494740581033,0.0893207752231544
1,4,-0.4461532524587848,-0.2153053157523702
1,5,-0.9728907225607498,0.8255506259448178
1,6,-2.406969676044537,-0.2206821147693721
1,7,-1.831291403180708,-0.6639058638273511
1,8,-1.296463859247006,-0.7102288422335717
1,9,-2.48594457418355,-0.5033873627431728
1,10,0.330452226879098,0.9818851333653837
1,11,1.039054271234524,0.3731909981946575
1,12,1.05261456610302,-0.7889529434339451
1,13,0.445671440692661,-0.2352397825778337
1,14,0.8087273667657444,0.7451340391140846
1,15,-1.150342874634468,0.2703627674522615
1,16,3.924976257329996,1.544556936732297
1,17,0.04188072605363913,-1.233112272388436
1,18,-2.884038754514435,-1.367648495634266
1,19,-4.737810437378336,-2.221979777741144
1,20,1.990335275803288,1.889969707254853
2,1,5.81291609106719,1.929494284375009
2,2,4.212413520006505,0.1207010874496817
2,3,1.233431709983912,0.4837219505950991
2,4,-2.186203448768844,-0.1862579208387485
2,5,-1.521902439809482,-0.0187008296559108
2,6,1.702317743201821,1.301898783111607
2,7,-0.276564434859622,0.2571261253794999
2,8,6.030581741696961,2.678662133465759
2,9,-0.7516543228385609,-1.803929639725738
2,10,3.055707201543647,2.602225763577328
2,11,3.814350372487122,1.76842184538127
2,12,0.4312500274855304,-1.034043580330134
2,13,-3.181780826529236,-0.5413990254295077
2,14,-3.495776939207156,-0.07581041435232277
2,15,-4.13055215574969,-0.6444495591549255
2,16,-2.536076854123355,-0.2039212920823092
2,17,-4.357356317724859,-0.6637646474163563
2,18,-0.2850337801322514,2.535410922435109
2,19,1.563456211381971,1.398553135644931
2,20,2.58976464721583,2.571614762094164
3,1,-2.256750941555882,1.379497183262309
3,2,-3.128612908854053,-1.630317112015575
3,3,-1.809526741793868,-0.3947763865650479
3,4,-2.480170105912507,-2.664921117033441
3,5,-0.5246620569237256,0.4037962272562799
3,6,-1.542134185777251,0.3485616747421357
3,7,-0.7341787942631433,-0.5513712859763865
3,8,-0.207299175913466,0.8378557657379673
3,9,0.2227674313366019,1.193010250039233
3,10,0.5247397161582038,1.20558461358238
3,11,-2.09710006371836,-2.638041941538622
3,12,-1.639913051971699,-1.559734677748303
3,13,-2.307358517376257,-2.143034372135455
3,14,-1.349159377305257,-0.9977828612363149
3,15,-0.09715522183411873,-0.03878320705859861
3,16,-1.473379098945139,-1.471352780735517
3,17,-0.5638541395038413,-0.6859264005640666
3,18,-4.109266872797345,-1.291746816432453
3,19,-3.413814635353747,-1.468147423585096
3,20,-4.56371445412424,-1.426105792838835
4,1,5.972065065451309,3.529404672307034
4,2,2.239717996570223,0.239479875548491
4,3,-1.511081879259646,0.7005605728278721
4,4,-2.33350665798855,-0.01714386333423484
4,5,-0.7970161532510242,0.3476133006647291
4,6,0.4976716619199212,0.9742610070268618
4,7,0.2362601771688281,0.8222016895098592
4,8,0.1006244813343425,0.7838850982953844
4,9,1.990497348307045,2.190760869316586
4,10,2.16522766867713,0.7040761845111537
4,11,-1.339315389721781,0.4234295837980727
4,12,0.2305301224308401,0.6875801688796317
4,13,-1.606687429565233,1.336231028080365
4,14,-3.543407775623366,0.5801498032308344
4,15,1.971823398095367,1.882871250107322
4,16,0.6915764237466824,-0.8237004024526148
4,17,-1.587263856126908,0.8018260389945224
4,18,-0.4385297468308373,1.760735849710715
4,19,-0.8709510264948107,0.6331233068486855
4,20,3.978908739499831,2.453504617241147
5,1,3.8783845168281,1.277392695332343
5,2,2.351122932835112,-1.179553584277233
5,3,-0.9879049945905377,-1.911660375632283
5,4,-1.407131216870689,-1.422579558075755
5,5,-1.028437861945033,-0.3877983882813962
5,6,1.301162925800164,1.941210050508645
5,7,-0.09898463905607813,-1.054324324664669
5,8,1.1421810228132,0.3496407280931164
5,9,-0.5624306164967228,-0.2181990958343309
5,10,1.58397916867321,1.650295816674098
5,11,4.437100233496826,2.00045271032841
5,12,3.187275465875016,-0.540338489271158
5,13,-0.2227092396019762,-1.736967242296234
5,14,1.381387587363095,0.290974960283688
5,15,1.153123012977666,0.3961372567603544
5,16,2.293124721539487,1.371786352815747
5,17,0.3488774583010089,-0.01807698505341637
5,18,-1.359205869009015,-0.6249679802044259
5,19,0.8224803268655281,0.004713204760926737
5,20,0.7279709899573414,1.35994687925406
6,1,-3.171378066400413,-0.3270810278613681
6,2,-1.098909336864003,-0.009915563475500155
6,3,-1.229357611967628,-0.3832565216759602
6,4,-2.764715293087723,-1.291941933930085
6,5,0.1298928264832012,0.9908490286232008
6,6,-0.03133142207690542,-1.424549131352161
6,7,-2.47607632980695,-2.563354748570102
6,8,-2.934760288528304,-1.067171845443892
6,9,-1.388326185104041,-0.7484787681339424
6,10,-1.003507864116753,0.2041254405318397
6,11,0.3642531376478553,-1.268832325418408
6,12,0.02930380956675801,-0.1585308718534065
6,13,-1.69077646993207,-3.000183775985322
6,14,-0.6408006838749555,0.1894621352710095
6,15,-0.5593302880911726,-0.8690219632753917
6,16,0.6428225861378505,0.1412583066509751
6,17,-0.05294165869692371,-0.760396376018542
6,18,-0.6202782435969391,-0.3100392222804483
6,19,-0.9910886292569693,-0.5172908977160445
6,20,-0.173447466353137,0.1978353066716013
7,1,-2.386231763173019,1.89953217308933
7,2,-2.320701920372092,-1.055858550417768
7,3,1.343913163180102,0.6707179096361222
7,4,0.6255497079328662,-2.253039151594792
7,5,3.345238028519682,0.509090572386262
7,6,2.147256002237914,-0.5276388449178832
7,7,-0.4082463258511499,-2.060332844614334
7,8,-3.463839176523584,-1.230234872971492
7,9,-2.403485090759335,-1.394325323327287
7,10,-2.809170035784799,0.01386667425654198
7,11,-3.215028694213431,-0.8758460428811007
7,12,-4.471422015242929,-1.455371535660805
7,13,-0.2285658897263398,-2.144084207410383
7,14,-1.121243429197257,0.5168826264550914
7,15,2.416175362556871,0.5695871218633661
7,16,2.200294730240453,-0.9107991186176427
7,17,1.771904177975526,-1.436203507582568
7,18,0.1564631710743544,-1.017846378070493
7,19,-0.622246590175195,-0.8446254685723541
7,20,-0.3852572780385753,-1.643751081898642
8,1,-3.666114567432176,-0.07445772128397604
8,2,-2.099440319161061,-1.910659553759717
8,3,-2.058654111251922,-2.034121708537647
8,4,0.8624061265732789,0.2049529557244956
8,5,-2.98408089967149,-1.152881472878555
8,6,-2.639794089866939,-0.6034516755205822
8,7,-3.450885240362054,-0.6865750812991644
8,8,-1.401692748756453,-0.8155035742217777
8,9,-3.539502022774827,-1.640963855284791
8,10,-5.618134789368241,-0.9145928155614735
8,11,-3.183081574627165,-1.778226484661785
8,12,-2.81169005907299,-1.226837462563188
8,13,0.07622409590921353,-1.700043765843541
8,14,0.7574265493126295,-1.881385540680594
8,15,-0.0962673933593573,-0.7332596653528869
8,16,-1.117119246992647,-1.735783062731378
8,17,-1.90400096924892,-1.703515489765799
8,18,-3.232926979534415,-3.444022083651983
8,19,-0.2519405850211627,-0.8497594609314102
8,20,-3.522729575630277,-0.5824137351333643
9,1,-0.7522484928614686,0.07711285067500395
9,2,-2.38954366427557,-2.920481176037575
9,3,-3.846805873110561,-1.557137618002339
9,4,-3.740792226921223,-2.400574034236416
9,5,-2.193545403441266,0.9015090220336888
9,6,-0.4400988885066833,0.7706345536384102
9,7,-2.537593013407752,-1.610698093501302
9,8,2.836777189483869,1.992453859103446
9,9,0.01868443523433383,0.3941545645349341
9,10,0.2372103989186355,-0.2487635629776899
9,11,-2.953681279361811,-3.411720153113866
9,12,1.137254981965241,1.895638133544823
9,13,-6.488221482797822,-3.022934989236689
9,14,-2.829779236526483,-2.784419386437357
9,15,-0.9903890333539358,0.350981476448602
9,16,-0.5366605128286027,1.578996710723905
9,17,-1.23089736823361,0.3964329254360567
9,18,-0.5411244260988165,-0.08760149206008783
9,19,0.7444987921189408,-0.3770220069611778
9,20,-1.857737972352487,0.7188241347563786
10,1,-3.647213039934526,-0.9299652134568781
10,2,-1.584768808020236,-1.268142346765509
10,3,-1.489631355876887,-1.095270983939414
10,4,-1.8967374256106,-1.474557137936096
10,5,-1.594744207440759,-1.736665791539065
10,6,-2.465032497103703,-1.179875229996326
10,7,-1.218456354825175,-1.689608270903145
10,8,-2.641177169156194,-1.217855942428028
10,9,-1.256372911182659,-0.4346038002204267
10,10,-0.0836443745191424,1.475718827563608
10,11,-2.001316577630528,-2.280678217806803
10,12,-4.600995169979917,-2.575979413183673
10,13,-2.300550148528081,-2.532516565383024
10,14,0.6118488024692784,0.6298167036151769
10,15,-0.5394376683069978,-2.286135518089445
10,16,1.652002715445482,-0.03251088472997665
10,17,4.707865251002344,-0.1210110735566972
10,18,0.6204137189645456,-2.015970848379118
10,19,-0.3726636585833822,-1.213665263999865
10,20,3.204871815833687,0.6829332045459326
11,1,1.729975290418411,2.426311932749359
11,2,2.809080250031654,2.695136583086015
11,3,0.162461362266125,0.04498134623435439
11,4,-0.4831675476334613,0.7302346617098086
11,5,-1.754164479764817,0.3105513485319688
11,6,0.3904243737408215,0.6311559391917175
11,7,0.5789455283803655,0.9657568627512739
11,8,-0.1272245180758815,0.4189716376575695
11,9,-0.6292810655670624,0.649009519702327
11,10,1.471519511795374,1.36699375481403
11,11,-4.998213173803324,-0.611176763796258
11,12,-0.632008440354543,1.565966038577688
11,13,-1.51219620699213,-0.8390941510814174
11,14,-4.541670091801464,-0.9255376708862258
11,15,-0.1223011395090549,0.8341490160964494
11,16,-0.6761353877083744,-0.789995549319321
11,17,-0.07763992550758657,0.00956939238175087
11,18,0.160208013306413,0.3085985193304331
11,19,-2.888408689571825,1.083347345292198
11,20,1.284893548949748,1.309334936943108
12,1,-5.163737163695934,0.7238772540651238
12,2,-4.029463813561662,-0.5171176597259634
12,3,-3.286839649537185,-1.127913598791875
12,4,-2.342020636023717,-2.379871278603665
12,5,-1.279138440454319,0.1267472666686194
12,6,-1.964248902817343,-0.7270302056243856
12,7,0.5726922563264694,-1.279170384726702
12,8,-3.595535602928866,-1.522568002207251
12,9,-2.239958477882406,-1.360211270541362
12,10,-4.765316519148518,-1.13805299038916
12,11,-6.315463476508103,-1.414578595056908
12,12,-1.283622833081587,0.9870859442032333
12,13,-1.952309059962843,-3.334581762297641
12,14,-4.719169812267907,-3.081900134250398
12,15,-2.185623145564433,0.4702632750393787
12,16,-0.002976450922970442,-1.399397469660426
12,17,0.4933877300971374,-1.98623072862757
12,18,1.355513606847991,0.05907597839043732
12,19,-0.4521693049850148,-1.906709985256519
12,20,1.168828792608882,1.362100192629816
13,1,0.3077437890061145,1.508473724402329
13,2,1.781638655930825,0.1812079765673533
13,3,0.5118561140912228,0.07485944450882553
13,4,-1.238333641506127,-1.527999852935939
13,5,-2.863406854340148,-0.7750660254271752
13,6,-2.035874048868311,0.1759592412459923
13,7,-2.317082650608388,-1.038677048045209
13,8,2.829792688883646,1.479925456241046
13,9,1.177687618975837,0.03592585564350792
13,10,3.40499205954194,0.9435074330426666
13,11,2.751640024686346,-0.116871343110964
13,12,2.505626470985234,0.910731244901323
13,13,1.423737695755064,-1.319779137307469
13,14,-0.7237227497933879,-2.303290760974395
13,15,-1.413487566677087,-0.13933917734648
13,16,-2.423572050204815,-1.37955076294528
13,17,-3.263410825279331,-1.383894748362302
13,18,-3.179735429405033,0.06741523310456243
13,19,0.2507259788439075,0.3990685492690885
13,20,0.6315886587724109,0.01924197917404925
14,1,2.339341433093267,1.808510390629208
14,2,2.453939268519885,-1.356632664431134
14,3,1.325943533045249,-1.774730639403884
14,4,0.9782529413631881,-1.11921458390861
14,5,-2.084126974469147,-0.9490466462963492
14,6,-2.316110569998197,-0.7307664707002397
14,7,-1.263892226436256,-0.2645161865356039
14,8,0.8443958590113427,0.656967376660907
14,9,-0.7788344673493355,-0.5375599218335533
14,10,2.417413804776871,1.515242015917454
14,11,1.826299432903167,-2.092359438042539
14,12,2.823284607735077,-0.6273197839943772
14,13,-1.583631916828895,-2.388540728744638
14,14,-3.917188581761784,-3.043913142222266
14,15,-3.190199224755664,-0.792625527072478
14,16,-2.295565102273,-1.020859089667392
14,17,-1.418972616286685,0.4872539644989291
14,18,0.674561653546716,-0.05905481322641037
14,19,-0.5623027496441383,-2.034319058624409
14,20,0.5526912879007175,1.681145256641519
15,1,-3.66088527973759,1.765895553766672
15,2,-1.895484029603832,-2.118254811589575
15,3,-0.9482938301565673,-0.7214922641326731
15,4,-2.244038152990956,-2.530940371438788
15,5,-1.052919432258159,-0.3709504816556199
15,6,-0.5465226587585601,-0.3716983439881735
15,7,-2.948396194156426,-2.634553890215554
15,8,-0.1077287785417265,0.8078830822298422
15,9,-1.664876631684469,-1.419076825241175
15,10,-2.717138605737736,-0.8310589424699144
15,11,-1.531322919485941,-0.8086195669958163
15,12,0.5272408160076214,0.6564585843963306
15,13,-1.936185065637776,-2.746058667437956
15,14,-2.891383900037824,-1.17421511561896
15,15,-3.090470631886959,-0.3396467812169313
15,16,-0.6787314997455944,-0.2645244143386898
15,17,-1.343351052237904,-0.9082726637837024
15,18,-1.047753422041136,-1.115412777182236
15,19,-3.262515689843968,-1.896240895261649
15,20,-3.714932603880153,-0.1453218669640202
16,1,3.991577689472974,2.067302336813415
16,2,6.303094703632281,1.619707172990914
16,3,2.067208674165144,-0.02323958154920616
16,4,0.987741452288594,0.3494652354301618
16,5,-1.603078137938649,-0.8283219862402147
16,6,0.3823446959329779,1.16370224151277
16,7,-2.410663325234051,-0.1351143333187821
16,8,2.099436708950091,1.700325729448345
16,9,-1.602923010332169,1.574352809117437
16,10,5.134585601860354,3.640209142558892
16,11,5.374856214474104,0.6418964149826277
16,12,5.417603130504219,0.9050695575455933
16,13,-0.2280457275823127,-0.4644005408864115
16,14,0.719037264165302,-0.5176092522818082
16,15,-0.8124201702716064,0.6414725679099983
16,16,-4.037280022298013,-0.1815794257450519
16,17,-5.440096148125817,0.1551987632044982
16,18,-0.8549615745379691,1.640664603504858
16,19,-1.7760866484286,-1.00374123389676
16,20,-0.9221163814708353,1.979864817114462
17,1,-0.0564422685686643,1.989273686440942
17,2,-1.350569685068085,-1.073784409364801
17,3,-3.943560824839296,-3.277157599304215
17,4,-2.206158918217375,-0.416374746655838
17,5,-1.071793344274543,-1.462146507033945
17,6,-1.929865731832621,-0.516028000985727
17,7,-0.1403839529106119,-0.7768796007319065
17,8,-2.040857335310128,-0.2557944494391391
17,9,-0.7150920412595635,-0.06447128829496285
17,10,-1.050231596848556,-0.5457307330162531
17,11,-0.9160991175002233,-0.5855208230415527
17,12,-1.464557450409448,-0.8411632996071781
17,13,-1.159644506718151,-1.080864224562932
17,14,-1.907400192762981,-0.7099653384447542
17,15,-1.995809119248332,-1.793339840582976
17,16,-0.05169973382617221,0.03891423758232215
17,17,0.5747712313415572,-1.710115521165852
17,18,-2.191615438680194,-0.02976499680864453
17,19,-2.405146902070979,-0.7908012182024655
17,20,0.7051988048696021,1.517280069793851
18,1,-3.196499780583013,-0.1876697386048645
18,2,-4.357733558295429,-0.7000541101268966
18,3,-5.250928289969689,-2.27275371940818
18,4,-3.075417943040477,-0.1672857522036565
18,5,-0.3688491801412784,-0.5079238602325187
18,6,-2.042840042348709,-1.546591510233496
18,7,-2.844561140337968,-1.081614300437784
18,8,-3.302250342927167,-0.8619958268957881
18,9,-1.393191189835872,-0.1182938871018213
18,10,-0.8054837336056644,1.566660791489735
18,11,-4.411467582104626,-2.63734438295038
18,12,-4.799886255011411,-0.1301358349628431
18,13,-5.112747420445667,-1.643352793104075
18,14,-3.711988824278107,-0.3175380380943412
18,15,-1.212094972813753,-0.3082498023876907
18,16,-0.02507441525191628,-1.462582502418529
18,17,-0.291031330220783,-1.156751303805421
18,18,-2.064749299759518,-1.297393943980278
18,19,-1.71809235557924,0.2543733149077929
18,20,2.193319802209161,0.03686274958367151
19,1,-0.4423856483691377,-0.1038334802804272
19,2,-2.517095805883689,0.4821084596077168
19,3,-4.715186764279224,-2.637924072637252
19,4,-2.613303548973547,-0.6844414377868511
19,5,-0.931312127359203,-0.2660351906276373
19,6,-1.710361930744148,-1.435914115348804
19,7,0.239200845873444,-0.0561938188271851
19,8,-0.6519529846798937,-1.036139831407751
19,9,2.608978165528606,-0.8250286637447382
19,10,-0.3813625595612788,-0.1897217112657819
19,11,-1.536121248012841,-1.572734550278776
19,12,-0.6692381845076898,-0.1106075364540716
19,13,0.9530486200241782,-1.365985172488815
19,14,-6.063252811937113,-3.413663983286581
19,15,-1.295218042672197,0.1066399167491792
19,16,-1.56205207453883,-3.049359054218977
19,17,1.207184118621768,-0.4814050593007393
19,18,0.4026895382424336,-0.05091684585279932
19,19,-2.268369568934901,-2.588854149409597
19,20,-0.5556248469703984,-1.071517082546449
20,1,-4.029314814603709,-1.127165122889555
20,2,-0.8793861030652403,-0.2355513189614048
20,3,-0.9380240690673074,-2.207289408697721
20,4,0.07024342940956663,-1.054607889362847
20,5,2.329569615281052,1.117206019002215
20,6,-1.349157474916667,-1.374937639935726
20,7,-5.901421154715563,-3.669205783714987
20,8,-2.868741779942734,-0.7623566807660527
20,9,-2.086099370258962,0.2969781998968324
20,10,0.5457680824219919,1.818044762106448
20,11,-1.408484496524545,-2.358234545337789
20,12,0.1086852997093214,-0.1149757284544755
20,13,-2.469340148196806,-2.315043491898225
20,14,-0.1287852227629805,-1.461339506429679
20,15,2.185389402906571,1.756383878810918
20,16,-2.077879824670181,-2.5800965366556
20,17,-3.589436236350472,-0.9504707442249665
20,18,-0.9987947685071294,-0.4001879529920928
20,19,-0.2826107857273831,-0.1023605363321951
20,20,-3.115405860215117,-0.2529787831981122
21,1,2.371357888447671,2.673124049821259
21,2,1.836002651752874,0.7914095918419796
21,3,2.108469489643973,1.074946825624072
21,4,0.630990716810881,0.4350289308344117
21,5,0.4157781324021562,0.415151393901168
21,6,2.831608349403117,1.635177027074469
21,7,2.100351202920612,-0.1448596831103734
21,8,0.0657294078149478,-0.3376472730063157
21,9,0.9541795629263554,0.05353143806184144
21,10,1.406856906485755,0.1353745001867488
21,11,-0.4968896268918123,-0.7832833887524095
21,12,-0.2834151450677934,0.264386214700829
21,13,-3.872861751736757,-1.621573119010789
21,14,-4.363902905897535,-0.6427728446572402
21,15,-3.915465942931732,-1.760994298052559
21,16,0.2356755621900335,0.1567473362198361
21,17,-0.8414194415615993,-0.1824250932499719
21,18,-0.8864267321274458,-0.6643899187183727
21,19,-0.8825425814989558,0.4916786442682067
21,20,2.242075751996443,1.607188038064895
22,1,0.5849471218798147,2.060319067180093
22,2,0.7832871823016921,-0.7635469459524465
22,3,1.834474746714778,-0.3867951155031366
22,4,-2.021776753700529,-1.039790088880603
22,5,-0.07634322027426466,-0.3342278838222417
22,6,-0.6214052271708306,-0.6810252884349958
22,7,-2.950354032704904,-3.220449001719198
22,8,-2.49042799687656,-0.2533452035463571
22,9,-1.60579848122683,0.9760531185240903
22,10,0.9156954510440443,1.143199127653335
22,11,-0.2208747028728306,0.1939989512316876
22,12,-0.4158172259719375,0.9817421876411095
22,13,-2.579130546332165,-1.403789026630845
22,14,-1.475854391070418,-0.8007890271940594
22,15,-1.734208048263401,-1.148324946114578
22,16,-0.901295468329713,-1.035912646761607
22,17,0.3133275826055919,-0.2311528384225097
22,18,0.6287897138102062,0.693289729937179
22,19,-0.7051503569184105,-0.970306719426653
22,20,-1.339322209131635,-0.4438647839945303
23,1,-0.435949150472266,0.7570897334295452
23,2,-1.511043605592051,-1.497365610251363
23,3,-1.689648133041569,-0.9952058398575098
23,4,-2.916539975347836,-1.235561312599033
23,5,-4.228847151729707,-1.844438054555197
23,6,-4.284523287328149,-1.562675514112618
23,7,-3.580020627059469,-1.570582658573085
23,8,-1.014164421572278,0.5391469997428309
23,9,-3.143227431572747,-2.576609203622054
23,10,-5.133044021684278,-2.141348650733001
23,11,-3.408166842856513,-1.49744480251527
23,12,-2.501524968196519,-1.094307942701394
23,13,-2.373418072912083,-2.209912063614178
23,14,-1.05970229563395,-1.644958647083458
23,15,-0.893731427294771,-1.644682415707337
23,16,-0.6104485720025208,-0.120783462524779
23,17,-1.571185392038196,-3.33863507706247
23,18,-1.100200959497872,-2.229898842404187
23,19,-1.770352402774104,-1.824922314287004
23,20,-6.102059472656264,-2.527671440689589
24,1,6.353607424300638,3.520386931417193
24,2,4.499580373927846,-0.3104612326620197
24,3,1.76995818077953,0.4491156933344845
24,4,0.9298760718607584,-1.723223577200942
24,5,-1.616546195213131,-1.04940889342155
24,6,-0.5062759395051397,0.8807573636752924
24,7,1.760543702757829,1.209101901711525
24,8,2.367223353436816,0.7431650240439358
24,9,1.278625679635691,-0.2531353314806754
24,10,1.384693183316782,0.7228928474534256
24,11,1.647541652863657,-1.515188550710872
24,12,2.961334630034147,0.8567445088085872
24,13,1.091130316815253,-0.1034958386505447
24,14,2.115578860265577,-0.9435773508144065
24,15,-1.74334629649488,-0.4940974818214007
24,16,-1.583304173334686,0.05265615553581965
24,17,-4.382740424077738,-0.7770260076159179
24,18,-2.97231892106703,-0.07010960523913087
24,19,-0.1691765037982086,1.775479062039191
24,20,-0.3352345199063023,0.2659164967292133
25,1,-2.971340609343226,1.055762644642086
25,2,-4.691282580706428,-1.614738665574974
25,3,-5.257091345743342,-1.954302988502009
25,4,-4.330075758049876,-1.403750862368454
25,5,-2.861785580605686,-2.188171115993044
25,6,-3.678255969848712,-1.685426703616971
25,7,-1.211316835292492,-0.6035935043946368
25,8,-4.61835935008107,-1.769195020427081
25,9,0.7689537319248922,-0.2817174605750095
25,10,0.5695328417497589,0.1782400743573224
25,11,-6.082439541721358,-2.998540206058451
25,12,-6.527636748434738,-1.433288130409135
25,13,-0.4536108830933289,-0.7996721584532818
25,14,-3.24562449655866,-2.480605209647708
25,15,-1.776372993861543,-1.496412256897987
25,16,0.21203532557312,-0.7591138413910327
25,17,0.8579994708394713,-0.5648684228194274
25,18,-1.911478646031578,-1.263468537184504
25,19,-2.612058593167652,-1.929705582345667
25,20,2.873393281668731,0.9273593986470172
26,1,0.3454704689143001,2.08612635869266
26,2,0.8618935467565007,-0.02732537968565613
26,3,-0.1675683390201794,-0.107364283961223
26,4,-0.5191600634478664,-1.284726345137684
26,5,-3.820269586616052,-2.57505631961511
26,6,0.3677334240370806,1.176762914408286
26,7,-0.8415409384329489,-1.082592465973169
26,8,-1.511313724828559,-0.8039649719251698
26,9,0.2998677004659285,0.4246607278161478
26,10,0.5378227263280883,0.002847918970617092
26,11,-2.489242005775104,0.4664146841651426
26,12,-2.450326392196448,0.5404942488895931
26,13,-1.117615193108878,-0.6310004609138011
26,14,-5.771743359779016,-2.186183612322186
26,15,-1.953066506203069,0.8591477681841764
26,16,-0.5209494919632766,-0.2807124260226977
26,17,-1.889678559965558,-1.03832429396185
26,18,-2.093097992020817,-0.1893294064113822
26,19,-3.820790060478778,-2.42921884316597
26,20,0.3585990811723488,0.592854125815556
27,1,3.763534650650028,2.203951882023201
27,2,4.38270477927027,1.087509894115722
27,3,2.365948835776764,-1.724051638420221
27,4,-2.71777241802522,-1.678318023706152
27,5,-0.7680729371622675,0.5938243668778516
27,6,-0.9775863207045358,0.3489818132584535
27,7,-2.854684064807922,-0.05440243494702601
27,8,-0.2999007343036267,0.397276308296663
27,9,-2.400447450552188,0.1197540366085136
27,10,-2.089768482659939,-0.9337352696431209
27,11,0.9943094827831376,0.4516723065181845
27,12,3.72240793692866,1.090954591518885
27,13,-2.0890189105157,-1.546084228404091
27,14,-0.04392684664318336,-0.8658285511572982
27,15,-2.916076789588211,-1.886027419979731
27,16,-1.913577233036321,-0.02983190146050352
27,17,-2.203494912733948,-0.09911341322328793
27,18,-2.440196306968193,-0.397032590974729
27,19,-1.527292992272366,0.4692460493810684
27,20,-3.271906309162838,-0.15199961686684
28,1,3.886385788455652,1.793076094048067
28,2,4.075293998390758,2.282718558449086
28,3,3.945657544940669,2.404771197530931
28,4,0.2709613436643386,-0.5137091139366157
28,5,-1.294011227310671,0.04036844066438927
28,6,0.8091344592567979,1.950837065951228
28,7,-1.138090108029626,0.0207533165625563
28,8,0.672036073865078,1.025038550502548
28,9,2.048921156278626,0.7682092127613998
28,10,3.028126501897643,-0.513173620991074
28,11,2.180661030575576,0.4042795303411191
28,12,2.093217544935642,0.2453995015655572
28,13,-3.380766489701972,-0.7960536301972152
28,14,-1.770442646888612,1.635043078663998
28,15,-1.966890552318573,-0.5976641351646449
28,16,-0.9653789487003536,1.282881205808259
28,17,-1.025052703917409,0.06362889126937965
28,18,0.05905160155627898,0.3991609340673679
28,19,0.6994338760706491,1.149027262100897
28,20,3.718160921682152,1.535891585220611
29,1,0.4141700634275594,-0.7424011677739989
29,2,-3.189657692288587,-2.871938503240257
29,3,-1.549839145275791,0.7278662493915942
29,4,-0.9728008257475294,-0.9127931191253651
29,5,-2.135520731293067,-1.833721925646398
29,6,-0.829968230529242,0.07052349475085973
29,7,-2.995503126988762,-3.783218543007808
29,8,-3.558893756005256,-0.4815294953110539
29,9,-1.619513494809781,-0.4847128052809265
29,10,-1.291583515210625,0.7754149044014107
29,11,-1.138436102935993,-2.151133446200182
29,12,-1.30597385612349,-0.5345403333099111
29,13,-3.608778627583877,-2.783710204200032
29,14,-2.393570275049143,-1.1085599394735
29,15,-4.730963121060434,-1.791858333591414
29,16,-4.139743544853437,-1.49377959044294
29,17,-5.062922654046916,-2.208578343532042
29,18,-1.483143979103676,-0.225297425956142
29,19,0.3335694531558138,-0.3382482876371502
29,20,0.475863266501072,-0.5941350496486945
30,1,4.813422241974851,2.775707913088571
30,2,3.929095410453445,1.024661798074195
30,3,2.806621053271672,0.168346930749061
30,4,1.627679545902491,1.335671077507123
30,5,1.652279071594647,0.6719528309893534
30,6,-0.6857355052584754,-0.09757427274525798
30,7,-0.9708881062934652,1.483518394934148
30,8,1.306351236811195,1.440617499430701
30,9,1.269940106601076,-0.02795877045260592
30,10,2.188887131464926,0.5992710262642256
30,11,1.825662963459704,0.3869572800330049
30,12,2.812744643099056,1.070576529354203
30,13,-0.01805238189506397,-0.43337408370935
30,14,-0.9015020922960872,0.174984207094956
30,15,1.878646463054276,2.031064592147879
30,16,0.155275452174982,1.213483629752054
30,17,1.104209854205102,0.2054918713230993
30,18,1.133019270002463,1.292496141787572
30,19,-2.177979333993893,-1.001604079021467
30,20,0.7504822621448948,1.266031799055416
31,1,-1.102089019182055,0.06869735816983513
31,2,-0.9400046794603863,-0.99429624949304
31,3,-1.135177763654489,-0.9406078713254461
31,4,-1.869579586410207,-1.195105738615629
31,5,-1.026082079154635,-0.3897708849191243
31,6,1.872927159090507,1.209059532741981
31,7,1.408571564260796,0.1760942659642712
31,8,-1.041523594413416,-1.555325853057248
31,9,0.5504657578046959,0.05133435446441004
31,10,2.755745704587757,1.421876426681363
31,11,3.0505088420932,-0.5086306309360693
31,12,0.8356611836474219,0.7125512727550698
31,13,2.498716315227247,0.3957832098426937
31,14,2.503764240149091,-0.09843580675846253
31,15,-0.07681419826056712,-0.405405073304288
31,16,0.4571095567087086,0.201208065084407
31,17,0.5448841636022945,-0.8260767733625489
31,18,-0.9860524979949076,-0.6107322822124706
31,19,-1.134358069890911,-1.306315297725175
31,20,1.663926870730221,1.445697221423201
32,1,-3.583515110071574,0.8960558791793473
32,2,-2.303970906544646,-2.373385727267627
32,3,-1.085950706880831,-0.8247993447240113
32,4,-2.278261881606213,-2.511040875168023
32,5,-1.826144915428667,-1.289319805238474
32,6,-1.224151924929585,-0.2208174282655425
32,7,-2.40267790549771,-1.758139218201066
32,8,-2.760376067177419,-0.6072199392735036
32,9,-3.670267617833138,-1.906019471518006
32,10,-3.105415763766104,-0.9223776680709392
32,11,-3.545903392127918,-1.920152774294408
32,12,-5.81082365066755,-1.943861690759932
32,13,-5.003612873542247,-2.61211559076265
32,14,-6.416640394674158,-3.489617843517987
32,15,-3.410038473915916,-1.964721607876918
32,16,-2.744920617217335,-1.947610094158813
32,17,-1.80467749035015,-2.045998550743616
32,18,-1.735384895061971,-1.694986963157001
32,19,-1.602218586080581,-1.835519453660367
32,20,-1.847660216248405,-0.4571288111116398
33,1,6.250363087182309,0.7983084326566774
33,2,3.264436136324632,-0.2578822312113292
33,3,3.619613003556849,2.078387717547447
33,4,-0.5480494359842238,0.08219749669386361
33,5,-0.1944273240939656,0.4497847018743868
33,6,1.344780740199333,0.8946540873729807
33,7,2.665510140265755,2.415263660601513
33,8,4.563601815152131,2.799651788473285
33,9,5.168921345038067,3.064844130343559
33,10,4.488207444512333,1.350697429482967
33,11,0.4578454100060498,0.8169848698588871
33,12,0.8887705105637099,-0.4782721691146246
33,13,-2.593328784452767,1.277246722997267
33,14,-3.494433901508161,-0.873125371396315
33,15,-1.255020274403777,0.9788614275536761
33,16,-2.664754359994016,-0.5243834038961267
33,17,-3.483214722253662,-0.1430319004610723
33,18,-2.001863448636723,-0.05509822381006257
33,19,-1.925794501993065,-0.1459767899501964
33,20,0.7192554421424457,0.7599606921791776
34,1,5.092274529677014,1.838046236855489
34,2,2.541218910795296,-0.3762741138064835
34,3,0.01446542758452696,-0.6729555165261751
34,4,-0.760502524561293,0.06707777676951177
34,5,-3.468174274323183,-1.442626552748939
34,6,1.419650383353437,1.326449913842962
34,7,-0.5158694021235781,-0.5236888711834127
34,8,-0.05360050960243769,-0.574998003255801
34,9,-0.9226905532319972,-0.2225704984270537
34,10,5.843322389389089,2.148270319418925
34,11,1.696315419936175,-0.6325962432310963
34,12,1.55729230454909,0.7782024611891217
34,13,-4.217339664741606,-1.549265516163146
34,14,-1.6550693251468,0.4339544924685744
34,15,-0.5134638732696113,0.828972065254586
34,16,-0.2719419149194752,1.802906419706464
34,17,-2.304254605476623,-0.3483505565482569
34,18,0.08341945685055326,0.8321974746708792
34,19,-0.8547403975368993,-0.05865552706209913
34,20,1.603012759121934,1.976333639864505
35,1,-3.516381154429139,-0.6361997461976361
35,2,-3.57045524290142,-0.6281750794284988
35,3,-3.87715899557683,-2.078940880054817
35,4,-1.251151240122889,1.117341787492721
35,5,-0.9295986133296933,0.3784066131628713
35,6,0.2462409137654191,0.07412128465808629
35,7,2.403726631412791,0.5487089584219197
35,8,-0.6515982709036422,-0.8987478946157692
35,9,0.2247800406045045,0.1634184853042628
35,10,0.3993668114503941,0.4834282833404759
35,11,-1.227979352916973,-0.4407443278157935
35,12,0.3226986770866527,1.084599090151679
35,13,-2.310537140074711,-0.6933203906024609
35,14,-3.615267725103647,-0.6427469475646121
35,15,-4.518258070816208,-2.118926362698505
35,16,-2.741346307801256,-1.613251961804002
35,17,-1.511040189478766,-0.9029987975793557
35,18,-0.8063506947656548,-0.3505882087449664
35,19,-2.481981742217421,-1.894430044209558
35,20,1.175912468137133,2.484635280645322
36,1,5.330271780400937,2.9777293495773
36,2,4.023478888595804,0.6888898783913406
36,3,0.4990843544643965,-0.2056991600200054
36,4,-0.764569434365472,0.4457401433186421
36,5,-0.5643322670876545,1.273111632390704
36,6,-2.417914865053882,-0.9901158344249354
36,7,-0.3748054886694606,1.535534296489085
36,8,1.006179424417877,0.7027712949348313
36,9,0.7088191399624741,1.136886990640337
36,10,5.043216190707457,2.572322724032927
36,11,0.9852113052463772,-0.9849801556139928
36,12,0.1599673667947459,0.1942625383833013
36,13,-1.293227762960479,-0.6229032384920312
36,14,-2.437135452891072,-0.6237661807481271
36,15,0.9426666860147833,2.362355600132537
36,16,-0.4161209822984762,-0.4185198095853941
36,17,-1.597875322202155,-0.2443786927045616
36,18,-0.2397866058967367,0.8518863993472958
36,19,-2.139321262295442,-0.8749178948457861
36,20,-1.503395829113383,0.7687358440765736
37,1,1.002124363680926,1.020422058440549
37,2,-0.2524579886403606,0.06347074304397499
37,3,-1.276594103592428,-0.1053349152320605
37,4,-3.849325062275568,-1.173260474026121
37,5,-2.232239677270615,0.7621732934711056
37,6,-0.4580982431426463,1.12599177545789
37,7,-2.395265090646873,-0.003116178080495857
37,8,0.7421183748188369,0.09792725582237594
37,9,1.168016725033367,1.574796906181506
37,10,5.721711880888738,2.84517563584083
37,11,3.25531884283621,-0.2821752198652282
37,12,2.099918825951333,0.1062293460208629
37,13,-1.899690830756173,-0.02845415483949437
37,14,-0.775158319950059,-0.3833493170058493
37,15,-3.625339504571236,0.3027145459973298
37,16,-2.850005094757972,0.9925981583309057
37,17,-5.148500130671969,-1.783495278360152
37,18,-0.2779935250354293,1.780492414961824
37,19,-0.601651520591925,0.2146048779244798
37,20,-3.12448747514484,0.5676161336354929
38,1,-1.747832642728841,1.497297906171661
38,2,1.982503063460594,-0.7945779224876096
38,3,-0.2693665853535356,-2.571475104830891
38,4,-1.23831266615642,-1.95790287114416
38,5,-2.115217240702826,-2.070334673207828
38,6,-2.010079701280494,0.541762962347131
38,7,-4.281024562062221,-2.668965800737576
38,8,-0.6073261452918811,0.08408633716056224
38,9,-4.254730170534295,-0.2442864583355761
38,10,0.7427742641784159,1.356058616259334
38,11,3.408705591861905,-1.871630436857476
38,12,3.913779046147486,-0.2326116854534418
38,13,3.018178925891808,0.0986599080780648
38,14,2.359334014801708,-2.306291722401847
38,15,-4.557205262042896,-2.756258609081083
38,16,-9.227986389104261,-3.290395135510817
38,17,-5.264715534819681,-0.8247572702008155
38,18,-2.978827364604114,-3.084290226158717
38,19,-1.028454208234966,-1.893724807552072
38,20,-3.891721381451598,-0.2469076429726537
39,1,-1.537205981165026,1.915064453458432
39,2,-1.468935178231281,-0.2256208436876077
39,3,-0.07876124049337085,-0.03620394891400724
39,4,0.7782472408015515,0.2239458370139595
39,5,-0.2309649486434753,-0.1295745451372426
39,6,0.7660026343724838,0.152218636849779
39,7,-2.124834790849438,-1.560304332229144
39,8,-2.23554498285168,-0.7288909571341875
39,9,0.8808911974202327,0.8424354504763978
39,10,2.794192666029779,1.755714978992638
39,11,-0.6742639514556069,-0.9071131217966206
39,12,0.504881962355674,-0.1059899390369177
39,13,-1.941229078049986,-2.294665144711132
39,14,-0.05121212798404162,0.2770479585427064
39,15,2.08106788813003,0.2371396208864672
39,16,4.298976998065052,1.323773493604108
39,17,1.6785471368856,-1.622851217498474
39,18,0.0175924149604646,-0.7862067583749379
39,19,0.2463973938427573,-0.4970186733451647
39,20,1.503136859477465,0.7552098664575684
40,1,-2.860853826883972,0.6660244839920981
40,2,-4.018369148993746,-2.269771527332981
40,3,-5.291459457331641,-3.065748570529432
40,4,-1.138483020144809,-1.418120434770857
40,5,2.219236148569513,-0.235240969949543
40,6,0.7336056345717569,-0.3626269643719626
40,7,-0.2480937405266589,-1.523563764405553
40,8,-3.703161776234813,-1.44786577319329
40,9,0.0678924944616437,-2.27838673033787
40,10,0.7987001804313925,0.3122069716926944
40,11,-1.424996681153044,-0.597154992017828
40,12,-5.563134620356823,-2.539646400899772
40,13,0.08220116695440087,-0.642135719455529
40,14,-1.356263105594584,-1.163561593749584
40,15,0.05500587835533421,0.1293935144216349
40,16,0.1067328319352557,-2.801495619263603
40,17,0.2339538924845095,-2.952276223653021
40,18,-3.515311364553351,-1.399092097042865
40,19,-1.526818186304046,-1.06760409689439
40,20,3.126128101936468,1.063157223739914
41,1,0.2073662248719049,-0.09047904635299409
41,2,0.3598332508942117,-1.15190327067801
41,3,-0.1487929322510635,-0.5741364982005223
41,4,-1.789574292233934,-0.7351376094480555
41,5,0.5659586191970156,1.65004827439382
41,6,-1.95280566267292,-1.20715824239653
41,7,-1.20965823894928,0.001053729218988053
41,8,1.038545225772727,1.647143397794118
41,9,1.554365118555808,2.101851058672828
41,10,1.610430119496295,0.08968263305366342
41,11,1.991260473459463,-0.00287274981340141
41,12,1.868322791165529,0.5924681538594205
41,13,0.6010909248461375,-1.01986855521311
41,14,-0.5690123912690271,-0.8198536050130791
41,15,-0.7483989049041109,0.1823986696456998
41,16,-4.017328437294041,-2.974989545128361
41,17,-2.424352839479298,0.112241832694862
41,18,-1.09604652824445,-0.1073204727437881
41,19,-3.948269537395394,-0.7762390096980369
41,20,0.4118426447959833,2.330283007402321
42,1,2.813651827349282,3.593331885045686
42,2,0.8206317091886283,1.959301439442761
42,3,-0.9778486682920526,0.06762166503719746
42,4,-0.8533840889238438,0.7751502104599365
42,5,1.085831636852066,0.2638844479347528
42,6,-1.108004221414003,-0.7468041674766454
42,7,-1.308622422603776,-0.5052673101837268
42,8,-1.962291275770509,0.7010498276346031
42,9,-1.445160116107349,-0.213054834096595
42,10,0.7288011911387764,0.6865183501994059
42,11,-3.113768381714501,-0.1746101886458985
42,12,-2.219951069974673,0.3529208701921294
42,13,-3.713051206413886,-0.7520002248721004
42,14,-6.673347607805173,-1.370521898773557
42,15,-2.399464767049243,-0.5595012975854652
42,16,1.612944044448596,-1.316236154211828
42,17,0.3431260035775079,0.8190794637152481
42,18,-3.331119311317126,-1.928053746849263
42,19,-1.112473798085125,1.010917801793971
42,20,3.110877109271349,2.080861780342424
43,1,0.2842137716166738,2.26010345394165
43,2,2.741153753793335,0.7847778517345851
43,3,0.2192763688602807,-1.327440523972408
43,4,-1.08994697989465,-2.622370372724847
43,5,0.007666255659794396,1.049503934337191
43,6,1.064358978285274,1.049426426675686
43,7,1.357392812744216,-0.549434189930633
43,8,0.1071457794075713,-1.378217724547571
43,9,-0.5310998054344735,-0.942473692663984
43,10,-1.584416483643475,-0.3901256898831854
43,11,0.1168123476468143,-0.8872965629940027
43,12,0.5383013875701885,0.7498635697161303
43,13,2.271527526950385,-1.059778910704977
43,14,-0.6838526202378994,-2.522230145834511
43,15,-1.158899871110355,0.3990740650892124
43,16,-2.480900309014399,-0.8534569849714999
43,17,-1.263674546916795,-0.6066075265848324
43,18,0.6222468853271783,0.5091968177968682
43,19,0.3023442492461967,-2.389190027509302
43,20,-1.982949471478142,-0.4762504320996791
44,1,2.312474219486392,1.215938220709766
44,2,-0.7714308027999547,-0.5148320063325917
44,3,0.1259924076236065,2.103004733023544
44,4,-0.9343847346482292,-0.1054329143209806
44,5,-2.107045250014572,1.012992370979233
44,6,-1.055874110761478,-0.05871340982132289
44,7,-1.859088120071967,-0.7310321869947634
44,8,1.184774575242266,1.793371370559533
44,9,-1.993528544743875,-0.965818626457738
44,10,0.324667889869492,0.6322225601761152
44,11,-2.116946411922652,0.09308148038239293
44,12,-1.465001280548551,0.687436670344588
44,13,-2.315920056031047,-0.8410872999387949
44,14,-0.3440929403720721,0.228167649165912
44,15,1.010930092089267,0.9926353078072275
44,16,0.7410123411983348,0.8452503573944163
44,17,-1.102166122027877,-1.002275194191834
44,18,-0.1503203341888496,0.03570279750920957
44,19,1.065016145167987,1.194355020800928
44,20,6.084838796692098,1.731424271100397
45,1,2.139425964384165,2.439008190272402
45,2,3.630879501640717,0.4462698261373238
45,3,0.2257525419130707,-1.720149673843832
45,4,0.6510136430399034,0.08371945446930062
45,5,1.004635090659177,-0.4641492345924653
45,6,-0.06302380220983161,0.174737070854025
45,7,-1.106857454722578,-0.5083052487791506
45,8,0.3834950954700144,-0.0691794264963897
45,9,-0.3766306205024881,0.9451420831931384
45,10,0.3572005492638915,0.3333953692244541
45,11,-0.1941544115025016,-1.690815058080728
45,12,-0.315943609364836,-0.4477887864729139
45,13,-0.7073720280804643,-1.113622297119884
45,14,-0.4602353411492761,0.4312396533593188
45,15,0.6179681368514083,0.2725512379305289
45,16,-1.865230024255034,-1.370245465819678
45,17,0.1180623101780083,1.838395532147164
45,18,-0.5505601405995303,-0.04568979259173428
45,19,-1.323537887403517,0.6446598979152847
45,20,-2.220450067698562,0.0547396509415754
46,1,3.43199583693962,1.235977686950919
46,2,3.415703923571932,0.636342006389994
46,3,0.5720228988581353,0.2856558348737034
46,4,-1.812290224965425,-0.02727127105205751
46,5,-1.477468439842036,-0.8535014561460201
46,6,-1.244822564365758,0.4614674659701486
46,7,-2.3318321674659,-2.217459630956394
46,8,-2.285887043595347,0.8006478814545662
46,9,1.449455437150258,1.723399949166947
46,10,1.329999462282895,-0.5159111477011334
46,11,0.4085487717445827,-0.6160889477480089
46,12,1.49634420627888,0.8159555034742507
46,13,1.418476548905022,0.5016332757644305
46,14,0.4587660338629805,-0.705092091970575
46,15,-2.102592481969565,-0.4816861210168949
46,16,-6.654667100135832,-1.947525674221411
46,17,-4.33219429713636,-0.00224859995631542
46,18,0.5427278617105699,2.272718591841336
46,19,-1.479246396370258,0.1877352771482518
46,20,-0.3857923905922458,0.7252827606023974
47,1,-0.8973699986604526,-0.09092320107152774
47,2,0.8616866747321074,-0.5124652459068539
47,3,-1.686782787607333,-1.940239834090021
47,4,-1.019443236862888,-1.145379590448568
47,5,-2.38367635809557,-2.170570271425631
47,6,-3.67485904527581,-2.197854714606786
47,7,-3.616877257496608,-1.470930664304533
47,8,-3.338227397362768,-0.5492766188836848
47,9,-2.579502031961363,-1.15085634243925
47,10,-4.840785405163746,-1.273528464059612
47,11,-3.467594631702019,-1.477779226739416
47,12,-4.359085351451903,-0.29157541283317
47,13,-4.601290638100035,-1.843821278963615
47,14,-3.397416072706071,-1.122085335249237
47,15,-2.296736346881032,-1.507269882383257
47,16,-0.1896929389499756,0.1453964927328062
47,17,-3.001080205851924,-2.329578955997228
47,18,-0.7244967516746094,-0.3295160413937143
47,19,1.308893569321148,0.04454901796551236
47,20,0.1932377153814537,0.180750942356981
48,1,-4.077712530394404,0.7916855522704834
48,2,-3.633581556046359,-1.170074489617825
48,3,-4.479721767388711,-3.340489110556145
48,4,-3.355025357505263,-2.546321745611352
48,5,-1.801560325854255,-1.38310355901396
48,6,-1.07734248814896,-0.2814112829495972
48,7,-3.49763927904069,-3.697195226186088
48,8,-3.164176853451036,-1.000625578483285
48,9,-3.814856264421986,-1.023081809340271
48,10,-1.085117756215079,0.3471601522845825
48,11,-3.845241084064774,-0.7979765107654198
48,12,-4.046545193865121,-0.3912527769996765
48,13,-2.923468544536095,-3.01182268593759
48,14,-4.571972679974299,-3.625542433366336
48,15,-6.031405285840952,-1.643161369385002
48,16,-1.387737061328844,-0.437643527169371
48,17,1.689291220565652,-0.1729050223125932
48,18,1.402007914800618,-0.5194811665772253
48,19,-0.4412940372427541,-1.120955182587293
48,20,-0.4719337648852744,-0.3334714324005267
49,1,3.065994012810664,2.211679190247586
49,2,0.5492895047778183,-0.9734932039766773
49,3,1.907857832858398,1.893800531559427
49,4,1.212904061068584,0.1209026360174061
49,5,-0.7880095405413452,-0.6932747721648238
49,6,-0.1821433802134401,-0.2226881146010445
49,7,0.5325776259576149,-0.3876122864453594
49,8,-1.630390710197543,0.1283958002291946
49,9,1.26371575520336,1.157102521565102
49,10,0.3868072263608071,0.8903636587667865
49,11,-0.1500461981288175,-1.016066508657014
49,12,1.788311848231192,2.123015914601672
49,13,-2.168115381393195,-0.9561745224610626
49,14,-0.5489455064334382,0.2576987049802392
49,15,-0.8517931670248566,-0.6519357945139899
49,16,-1.513444361992396,0.1302396006209631
49,17,-2.404051950219,-0.04885023343945866
49,18,-3.866091961262533,-1.913280235716793
49,19,-1.486654910796433,1.671378430325984
49,20,0.4833018596026064,1.783932705390426
50,1,1.913798781529288,3.472996843715086
50,2,0.5859909736862554,-1.956218643814551
50,3,-3.147959550344011,-2.535463546384263
50,4,-1.250761256901511,-0.0593395205270788
50,5,-0.9450668962864068,-1.184594143893552
50,6,-0.5665119823754885,-0.3228650079436123
50,7,-1.542069781030865,-1.469149070951461
50,8,-1.655864119444363,-0.2852270315051439
50,9,0.6666519603015943,1.245482245142913
50,10,0.5328592396559316,1.112751334652284
50,11,1.197829842252986,0.1844641291499157
50,12,-3.17219186652458,-1.576976439335332
50,13,-3.255461813636303,-2.54996120352273
50,14,-7.543284861204256,-3.74354424346266
50,15,-4.091263697395793,-1.24641472114056
50,16,-1.609809676078719,0.3305025462735224
50,17,-2.036628589772057,-0.2363383218228586
50,18,-1.219630487385145,-0.6384688195613395
50,19,-0.5066615045199184,-0.7595215768412849
50,20,-1.257638649090416,-0.5889219110961027
51,1,-2.388122344701308,-0.5988313635848129
51,2,-0.02546142271814344,0.08469708629889139
51,3,-1.294192299408868,-1.600372654733289
51,4,-1.823672224010889,-1.424641905743018
51,5,-1.052539075892944,-0.07447036259619688
51,6,-1.669524231903329,-1.83985391633697
51,7,-0.6170018997345953,-0.8957729892226333
51,8,-2.643308624388308,-1.418592841242066
51,9,-3.766076467834511,-1.288496416639344
51,10,-2.471373750665964,-0.4203693526230903
51,11,-3.58543211411427,-2.981252438225541
51,12,-3.911646622077926,-1.742857620404665
51,13,0.2074393253770686,-0.8510057685982653
51,14,0.7878385670112694,-0.8215455894339815
51,15,-0.2021545775164799,-1.302944671426585
51,16,-0.4743065893695297,-1.186348375640787
51,17,-2.588637916683655,-1.850798537249231
51,18,-1.118001826485647,0.136356635177223
51,19,-1.544581683358911,-1.74084506495894
51,20,-3.608287660307514,-0.4714654704273926
52,1,0.360863129797302,0.8581298446703768
52,2,-0.9735394692103447,-0.5104680260716463
52,3,-3.482838867392238,-1.410025622627198
52,4,-6.791796203551474,-3.137048023603934
52,5,-5.60284654321485,-1.396484020695688
52,6,-1.639464796452021,0.3314319324349724
52,7,-2.376279812794619,-1.443127826571305
52,8,-2.011029783999275,-0.7295693477600306
52,9,1.464041153451543,0.1755615844446576
52,10,-2.035871105228839,-0.8591094057326095
52,11,-3.617217914943465,-2.678321655487812
52,12,-2.435300914381384,-0.7791395575760323
52,13,-3.177681137128325,-2.340740472726449
52,14,-2.509589833177318,-2.328470958238339
52,15,-2.190205663803479,-1.070171410464348
52,16,-1.075655797116047,-0.5924540473732036
52,17,1.103603651457841,-1.220332453646897
52,18,0.5786551419302863,-0.567733538430829
52,19,2.560127264097047,0.6184273508843399
52,20,1.912103502189922,-0.7006742845861125
53,1,0.2307362943433161,-0.03170179055076172
53,2,2.749885055681223,1.059156339720328
53,3,-1.148216855933843,-1.058359043674063
53,4,0.1269080251813819,-0.1023265180020609
53,5,-2.740427914331607,-1.832865978230094
53,6,-0.8875244041354666,-0.9479677337681649
53,7,-1.113510322793819,0.9832141173424963
53,8,1.440958608560118,-0.1366097687548667
53,9,1.486848979816132,1.336339020029724
53,10,1.213736916821031,0.4685116279162543
53,11,-1.449741646194381,-2.283537744754311
53,12,0.0763980421283702,0.9674376271296415
53,13,-2.74338779175412,-1.752580373784861
53,14,-1.790980888312383,0.03034264048041779
53,15,-2.214677756758812,-0.1757036215771166
53,16,-3.714626720568886,-1.933199457114399
53,17,-3.66097805487875,-0.3528706612600528
53,18,-0.0559355423700878,2.015386996484191
53,19,-1.427105144525325,-0.008115423668164978
53,20,-1.278599210975373,0.2785652894144474
54,1,3.967789215071421,2.024580369293894
54,2,-2.337559871024428,-0.75303471573325
54,3,-4.415374776787971,-0.5126239656384451
54,4,-2.426323662844906,1.005617426849151
54,5,-2.592777526220587,-0.6682021694428848
54,6,-1.007562664254922,-0.457380919308302
54,7,-2.038538679496339,-0.1728989769667135
54,8,-0.3687083008147615,1.851647307159742
54,9,2.357048272124096,0.5951410204372101
54,10,2.834654411280833,0.9911604933060738
54,11,-1.725288198279545,0.5117181101660733
54,12,-2.908825759985554,-0.761338121014811
54,13,-1.541022407953538,0.2410168821926992
54,14,-2.789271779464078,0.6240881428139384
54,15,-0.1111421923701201,0.2987763212340001
54,16,1.936445001691781,1.524842567071808
54,17,0.775791844594548,-0.7356622411367406
54,18,3.712075421132508,1.856072132031881
54,19,0.04940492484915959,0.562391067859547
54,20,1.730386960846972,0.9085297369886571
55,1,-1.983008515573736,-0.2328723611560906
55,2,-3.105896986141714,-0.8722887299027078
55,3,-2.809355996703177,-1.56945293931353
55,4,-3.849361666387527,-0.5013017615887531
55,5,-0.1134131920861484,0.6947853687541006
55,6,-0.978090339221398,0.847667782758201
55,7,-5.638382076784633,-2.853362977834597
55,8,-0.8554350489202224,2.22293183803489
55,9,0.2391485105771928,0.1485131495120818
55,10,1.102978603659323,-0.2595871886141943
55,11,-0.2385057300325784,-0.3143423879014791
55,12,-0.3128688032637655,0.2217295148046473
55,13,-1.870305276495537,-1.859367108076783
55,14,-2.829117186347785,-0.5002598407905163
55,15,-2.146789656931324,-0.838217111833472
55,16,-2.973806234899847,-0.8242735569575173
55,17,-2.811106145514035,-1.233274897481673
55,18,-3.678804004955395,-1.643337770504227
55,19,-3.298756029161787,-0.3850957470632064
55,20,-0.1123564557154207,0.8915521438402826
56,1,-5.589428557403235,-0.9117810210728186
56,2,-1.035076073058356,-1.167288659190717
56,3,-0.9039439305888737,-0.9896405499952368
56,4,-0.05669916440491202,-1.020604683915843
56,5,-4.956620605613244,-3.300609492109699
56,6,-3.748328228231773,-1.623888457017719
56,7,-3.387327815080722,-2.4241616526516
56,8,-0.9787826529738942,-0.7834456433362046
56,9,-1.507652704565619,-0.7302169941932304
56,10,-0.5706518806982677,0.9494275764723596
56,11,-0.1529061635548604,-2.030630570112921
56,12,0.1128046256163985,-1.516227588859687
56,13,-0.5274020974743462,-1.1070411550989
56,14,2.544587438176335,-1.465794352454715
56,15,0.4415858108500326,-0.02728809587761871
56,16,-1.893026209868156,-1.195378344110086
56,17,-2.010331433385018,-2.768307163292286
56,18,-3.591508974558752,-2.607989618394808
56,19,-3.841827379094087,-3.146639249189947
56,20,-2.897348851140624,-0.09589024077001018
57,1,5.997725387650521,1.492539866908297
57,2,7.401633140722407,1.901751173469667
57,3,2.988599703891399,0.1037400519887679
57,4,-1.272579962942423,-0.4020524845086121
57,5,-2.00630070123197,0.6926040411756527
57,6,0.3770465309550187,0.4590346000819943
57,7,-1.272712809812754,0.2710499247697203
57,8,3.296425515143246,1.695100030405334
57,9,0.8806372073231843,1.371758871872198
57,10,3.589539294978019,0.7892658091880345
57,11,2.817509929161757,0.2110082438936933
57,12,6.343974428551042,2.290056620807056
57,13,-1.826825424815768,0.4740656503435795
57,14,1.752035366637895,2.547072454950808
57,15,1.818696853508182,2.119567273263221
57,16,-2.004319503228579,1.894565428027303
57,17,-6.479790862702993,-0.7646803884475322
57,18,-1.031270224755435,1.723377794603706
57,19,-2.507795669876681,0.5861449047593569
57,20,-2.802570716164195,0.9254548275205526
58,1,2.773821292679621,1.681860366424903
58,2,0.8811347828270093,-1.347740030270008
58,3,-0.8337588293934859,-0.5202454968797459
58,4,-0.628504327235434,0.1104036211276505
58,5,0.1304668520942143,-0.524882390543167
58,6,0.5102398473309084,1.357815492792624
58,7,2.758752137488219,0.502852727104105
58,8,2.248619378919881,1.062817991063286
58,9,-1.218403001221335,-0.6433826120838371
58,10,-0.9892888014376523,-0.5998895446047345
58,11,0.8522607429015814,-1.122016960957268
58,12,-0.9395242054103863,0.2048215842666218
58,13,-1.828642825699135,-0.6836907262949175
58,14,-3.598529228061705,-2.906706961595093
58,15,-2.419249890862531,-0.2758170745269686
58,16,-1.81010816108744,-0.2987813876463636
58,17,-3.009353585550005,-0.8614990667441932
58,18,-0.712339901305678,1.043648309549251
58,19,-0.6303777851733328,-0.146111191729773
58,20,0.08277403385255733,1.579485566702788
59,1,0.1703931332343021,0.5674863365718209
59,2,-1.662262260069965,-0.3928804349636019
59,3,-2.264982966357604,-1.125014998963751
59,4,-0.2558807924734616,-0.7064801123418147
59,5,-0.1010433331877996,-0.2894690147565988
59,6,1.703407870433585,1.663343131886105
59,7,-0.9540598850779292,-1.490247413402516
59,8,-2.592349593010227,-1.453407656700055
59,9,-0.3795743092430024,-0.5939303169330641
59,10,-2.560895103171732,-0.9786152164014237
59,11,-0.7620039903098296,0.3172433204034297
59,12,-4.000082883187283,-0.9309254877839639
59,13,-3.512684975669309,-2.451341900139896
59,14,-4.161309861368813,-1.862739370424396
59,15,-2.451787326699299,-0.20557454188221
59,16,-2.580078195662585,-1.270905688639666
59,17,-2.438644947850262,-1.881909722997656
59,18,0.3556561666772867,0.7614382957182708
59,19,-0.5571944747588027,-2.080349199081026
59,20,-0.6083284985817895,-0.3514283597837482
60,1,6.933605612067296,3.372332218198452
60,2,3.078218133217809,1.047573531428064
60,3,0.2995053575644108,0.4046986999316715
60,4,-3.188420492307064,-0.08437874862436023
60,5,-0.9951072507484623,0.4752463417051038
60,6,-1.462589980831242,-2.112938454111807
60,7,-1.901097457845321,0.5847229084445353
60,8,-1.929067514609767,0.5482117911192493
60,9,2.438260467748588,2.301728893296696
60,10,1.921898958605468,1.392081708813159
60,11,-0.2843111977545985,-0.804608040304783
60,12,-0.3529780145169218,0.8514852242964359
60,13,-5.168578747240264,-1.382813790065125
60,14,-3.402395009880472,0.6310565937024735
60,15,-2.023271660466571,0.9160282262489194
60,16,-0.5657961961942396,1.393753752963372
60,17,-1.493498991377287,-0.4820518672985546
60,18,-3.070153619604589,0.6791673015861717
60,19,-2.413271596142517,-1.040128326582627
60,20,1.789522472309778,1.863573175371258
61,1,0.1620682097149438,1.093014779838935
61,2,-1.06415758866934,-0.8768551611085027
61,3,0.03779791362430784,-0.7427025658255
61,4,0.6963725930595105,-0.523101829189552
61,5,1.389136321454942,-0.600508949362758
61,6,-0.8041564633641511,-1.213074563657859
61,7,-0.7786474262198114,-0.146248816767911
61,8,-4.187816358736871,-1.919239561569558
61,9,-5.290904294275313,-2.347854239747131
61,10,-0.5809488821651325,1.105362455226229
61,11,-2.52666128414828,-0.1151800261112076
61,12,-1.210154543097766,-0.1625856641262257
61,13,-4.085438350422178,-2.738696887234436
61,14,-4.159441093194093,-1.556817440160812
61,15,-2.319844090421041,-0.6442215632538133
61,16,-3.028021546003759,-2.166535524195752
61,17,-0.5619863063339023,-1.436754411103966
61,18,0.6167122128665872,0.2909338660579613
61,19,1.084015841398797,0.7456431556564815
61,20,1.579879350893612,-0.2639120366887507
62,1,-0.8844171031967788,0.9424732740678939
62,2,-3.615745972094313,-1.243439536206918
62,3,-4.621392012164014,-1.25542645207085
62,4,-3.761065429948146,-2.078276687230416
62,5,-1.188757709145045,-0.4666140708462196
62,6,-1.760667738591754,-1.574086594989127
62,7,0.5568317213343801,-0.381867706238384
62,8,-2.808037209928264,0.05345096365827905
62,9,1.370552480738883,-0.09091210612848821
62,10,-0.9131789350959661,-0.09630023154757583
62,11,0.5529130331163057,2.514309449881694
62,12,0.4590849366515796,1.314574979075879
62,13,-1.554275430267271,-2.528141504616332
62,14,-4.385345731410095,-0.556389034112083
62,15,-0.8531212981776406,-0.9298315805568778
62,16,2.228842284456583,-1.525471904381298
62,17,-0.1872405530547769,-1.978148446256912
62,18,-2.050901187850293,0.1304695965882905
62,19,-2.563204605377853,-1.303393065754554
62,20,0.909802805117859,1.182998117942759
63,1,6.656528451408484,3.903000572036264
63,2,2.290023786829321,-1.220396659924442
63,3,1.801093627362694,2.354254485156378
63,4,0.8704656943481096,1.782838231548941
63,5,-1.091706784951283,0.5376774997415428
63,6,2.121059775224439,2.042156545842285
63,7,0.7927870461048051,0.8185482322574472
63,8,5.801357992942897,2.707956675872519
63,9,4.90118945577792,2.133020473987981
63,10,5.489650065648855,0.4139453510226228
63,11,4.889362097630641,1.412896228898583
63,12,4.236674174599414,1.137015960985533
63,13,-2.445960075202184,0.1874183017197064
63,14,-3.105657371369123,-0.1292442867755814
63,15,0.0006507996297513922,2.814496367234496
63,16,-0.2663053212312312,1.917254377961907
63,17,-3.537872273855676,0.01033719662727062
63,18,-2.382671511627087,-0.2481729653479807
63,19,-2.759390397962937,0.3804992740703874
63,20,0.6019845345433167,2.037859475742076
64,1,-1.961555780775017,0.2156203846114526
64,2,-2.354333892282987,-1.649630304314869
64,3,-4.366543576602618,-3.142944176440007
64,4,-3.88727272599824,-1.83669956602751
64,5,-0.1280367269258549,-0.4368021897780906
64,6,-1.170612906216305,-1.942539788278174
64,7,0.3567974215056368,-0.3031902307701415
64,8,1.405645615711054,-0.2013322586536804
64,9,-0.5424684612099666,-1.750969377924853
64,10,-1.207368490260639,-0.4945869503040701
64,11,-0.4550939740512567,0.2568822359035845
64,12,-0.2655448454035865,-0.09088175903720797
64,13,-1.154118560155692,-2.0537040010721
64,14,-2.29221985180371,-1.805829089938605
64,15,-3.606350343606589,-1.024105018606534
64,16,-3.164063078123204,-1.801644387054827
64,17,-4.732334490084402,-3.521714532290631
64,18,-1.760888044342491,0.9615421649251281
64,19,-2.050970683571292,-1.245576482924218
64,20,-0.7330232448171905,-0.1655692923985472
65,1,-1.633231505368415,0.03696145818828156
65,2,-1.877858731539446,-0.8393807654295243
65,3,-0.1786934109933263,-0.1612700757489393
65,4,-3.11933261141536,-2.485478225314864
65,5,-2.866208187574885,-0.3922812956316749
65,6,-1.411680588700086,0.008988286295878237
65,7,0.0747430567170968,-0.7338805433808434
65,8,1.834972759149006,0.9245567017726758
65,9,0.9041991027678187,-0.1057926582528427
65,10,0.8424309532978975,1.701519468242672
65,11,-2.560120432502918,-1.758524204479034
65,12,-2.236251913976332,-0.1120001224722747
65,13,-1.520843978387223,-1.401515986727849
65,14,-3.524894378400639,-2.060895383880249
65,15,-1.516025339681618,0.4320857958856038
65,16,3.179978739361045,1.611297359592746
65,17,1.304588006462556,-0.8574662182029965
65,18,0.999957491580987,0.0008902255166153283
65,19,-2.004987448702857,-0.7398781234558406
65,20,-3.876984745061104,-0.700796344575809
66,1,-0.2961769066155557,0.1026461905872349
66,2,0.3811375385600378,-0.6224354968029945
66,3,-0.3622211419076181,-0.2760531496491057
66,4,1.132899968893274,-1.876702682380997
66,5,1.227646273730274,-0.2243021587361091
66,6,0.1714074875230959,-0.5074610608001076
66,7,-1.257451942013632,-1.438591859746493
66,8,-0.4447837359303161,-0.86312451031931
66,9,-2.827552674447804,-0.2327578921149808
66,10,-1.347386040501383,0.009887303057524832
66,11,3.189581675628895,0.9717526551468665
66,12,-0.2098645311594871,-1.639287416303721
66,13,-1.392071728311386,-1.507019154703595
66,14,0.8742319369450522,-2.059979983552456
66,15,-2.471964907622746,-1.93263427681016
66,16,-1.78502928292098,-1.263381166910818
66,17,-4.104452321360754,-1.242245747927903
66,18,0.6895573928430717,1.874904608687167
66,19,-1.751871184053732,-1.547680498570144
66,20,-5.673167114151168,-1.65652848776909
67,1,0.9303362448401955,1.230611367715021
67,2,0.4157548295932647,-1.790667551474344
67,3,-2.035187208694994,-1.038534147892736
67,4,-1.121888959611209,-0.6232303867856732
67,5,-0.8658091956724674,-0.3251764907604869
67,6,-0.7582930153130223,0.3200415700041617
67,7,0.837927166481093,-0.5766467658620226
67,8,-1.75427501161489,-0.7120543531868058
67,9,-2.343749679321498,-1.04657529678139
67,10,-1.490276647717303,-1.06794732513883
67,11,2.940067536132276,0.9273968532689149
67,12,2.228083977489304,-0.3269178221025124
67,13,-0.5431793442959802,-1.803279325943831
67,14,-0.06714891214622032,-2.012876468608811
67,15,1.319162512339954,2.319005199090853
67,16,-2.761462557622677,-1.87914747551415
67,17,-3.701481290541113,-1.361751566356422
67,18,-2.446498503682172,-0.1807375235022737
67,19,-0.1541341155228035,-0.3166271305580728
67,20,-0.9296954332519101,0.8782768835158683
68,1,3.241925644342055,1.091970912854399
68,2,5.500504578508701,0.5565102607410026
68,3,4.427656436098672,0.7732657272065211
68,4,1.331501811401989,0.1866402796778814
68,5,0.8570074216966922,1.542828480819631
68,6,1.457346332229299,0.841191073012562
68,7,-2.358244169981818,-1.474897479402303
68,8,3.532830067300662,1.767941546558919
68,9,-0.01303342478061364,-0.5282201788012144
68,10,3.639336793303083,1.651033299477946
68,11,3.261931552681165,1.325966757576256
68,12,4.123693651216603,0.7259305509459236
68,13,-3.100666182070186,-2.4649743563763
68,14,-1.482600008522484,-1.392685826728814
68,15,-1.557208266642232,1.31570249058554
68,16,-5.704172217652845,-0.3653314019967412
68,17,-4.497651188272197,-0.2437193788708526
68,18,-1.006115226205664,0.7718607833126049
68,19,0.7335966027218079,0.3890934927153027
68,20,-1.152964187252085,0.8087553676229747
69,1,-1.262780634617799,1.478910545519838
69,2,-0.6780925752322143,-0.5950007152079886
69,3,-2.017953275756767,-0.9539712749132275
69,4,-2.490373542199785,-0.1185901537246319
69,5,-1.977863459694367,-1.483462869241193
69,6,-0.3985315822158649,0.4523625099212198
69,7,-2.127333011943771,-2.757928143751378
69,8,-2.934381195551741,-1.368295289580311
69,9,-5.375101988031267,-2.598017827789858
69,10,-3.483369847500617,-0.4021429905402411
69,11,-1.149242898948986,-1.161941165908017
69,12,-1.052321444704589,-0.4845684572207801
69,13,-0.6750808408284099,-1.774844679987339
69,14,-2.808484140779083,-2.269939480693575
69,15,-2.7561064971662,-1.065195310375635
69,16,-4.487116817546109,-2.561567874622498
69,17,-0.3689612455708875,0.1720235716564074
69,18,-0.8717683697143501,-1.15850219541183
69,19,0.1111319025198896,-1.664027978071537
69,20,-0.3933262615511505,1.250983394018772
70,1,-3.655223860274266,1.243026268151081
70,2,-5.590340512901176,-1.816880453770918
70,3,-2.573692699081999,0.1484175747392126
70,4,-1.770150961651333,-1.027941756844513
70,5,-0.4281567635581207,-0.7774837885239871
70,6,0.7939482883059641,0.5573279464207908
70,7,2.146139180544159,0.1819775300897158
70,8,-0.3958464598757396,-0.1394623536730827
70,9,-2.056315958041171,-1.218192877668518
70,10,-5.488829772453554,-1.557283451243765
70,11,-4.592653337841584,-1.457745850938041
70,12,-4.583918188206367,-0.8718983413564481
70,13,-1.403901004642198,-1.385686725143364
70,14,-4.043133259706332,-1.34354917628106
70,15,-0.5668470997659616,0.156962360827822
70,16,0.228078764571636,-1.333120622548625
70,17,2.931691028030367,-0.9042627155899712
70,18,1.938180917115531,0.673095175421874
70,19,-0.3795921849834528,-0.4893327903340651
70,20,-0.3774364089238345,-0.05401062137506135
71,1,6.316059537733661,1.774073501940991
71,2,7.066944350924833,1.371125159952032
71,3,2.584945811117803,-0.180342468603076
71,4,2.73463509636563,2.121769319593734
71,5,0.2809579591009049,0.8069495192252107
71,6,-1.143386766115285,-0.3982719573871019
71,7,-1.371576396869886,0.0654991967373181
71,8,-0.1085455618186894,0.2049361699155747
71,9,-2.312469035224444,-1.665400153963831
71,10,4.768773915788185,2.792131998957576
71,11,4.136439875789492,0.9074213422925643
71,12,4.270486042711953,1.254496117166248
71,13,-2.500024790238155,-0.3513656238605349
71,14,-2.495082920546953,-1.404444969860049
71,15,-3.560542650802458,-0.03861285680362125
71,16,-2.907728184634419,1.097618317481499
71,17,-3.199249778902117,-0.9224666845441105
71,18,-3.136200521881939,-2.066686690050407
71,19,-2.831733291063689,-0.08228911809453607
71,20,-1.341677798813273,0.840244260261386
72,1,-3.67965813202916,-0.3391570796876289
72,2,-1.156453072099956,-1.155484649848599
72,3,-3.764483847080065,-1.904819119546301
72,4,-1.516775910714691,-0.6926361948690944
72,5,-3.548345423175694,-1.071147369985571
72,6,-0.9792876242002759,0.0887583464875018
72,7,-1.131235640779234,-0.1969701163105995
72,8,0.4887947986710517,0.06950383473563826
72,9,-1.549484860664152,-0.6766252823079026
72,10,-2.092577567810109,-1.284277232125359
72,11,0.2419092719111309,-1.277233343052081
72,12,-0.6842806578418932,-1.290527635206638
72,13,-1.912878974887692,-2.339559273322206
72,14,-0.1159921665261119,-1.875687584375603
72,15,-3.823974574742,-2.013647324488169
72,16,-6.635191494397948,-3.180227078894244
72,17,-4.664986752692343,-2.018115735547115
72,18,-1.554348910893359,-0.8202639543331752
72,19,-1.751204554102885,-2.68208618819884
72,20,-3.005044397878333,-0.4810419816971914
73,1,2.389676989937153,1.198159820681594
73,2,4.379792757164548,0.9678781029395931
73,3,2.680633777359829,0.1033719045213381
73,4,0.9047228981763678,0.09111230003496423
73,5,-1.235176118482419,-0.6529600086388274
73,6,2.69503663307056,1.337994550789003
73,7,2.984683035478665,2.032309899789879
73,8,1.787405974090653,-0.3977489147866275
73,9,0.2331870572035823,-0.05722520322174196
73,10,1.739090044497337,1.177820021581466
73,11,1.790096762224802,0.7442365006379651
73,12,-0.8946630908078763,-0.0847059974529456
73,13,-7.919991679024158,-3.596248085733391
73,14,-2.687365365390157,1.090313581566002
73,15,0.7358732655605389,0.9590618909055463
73,16,-2.497167656164769,-1.733558499219591
73,17,-3.803242598327896,-0.7252639579715755
73,18,-1.332638823835113,1.786816544297321
73,19,1.209344655088363,1.346164796713844
73,20,1.857000096129205,1.674193325537457
74,1,-4.290838312723409,0.1135993034345072
74,2,-2.538851591121609,-1.913661637682321
74,3,-2.466909972433408,-1.789217347606545
74,4,-2.295884576780242,-2.610754940177476
74,5,-2.4084484599363,-2.013123833057322
74,6,-5.986321127758449,-3.254386742720832
74,7,-2.479334324599912,-0.8782332855828152
74,8,-1.58968450020635,-0.8905959340307057
74,9,-2.68570085841537,-2.290478534601694
74,10,-0.9768405215073862,1.045391033774567
74,11,-1.951911772935898,-1.754709725959511
74,12,-1.773946625910485,-2.36085977913272
74,13,-0.2551914642854538,-1.706036869114238
74,14,-1.850144532274575,-1.670384191082807
74,15,-0.6397460969395692,-1.206420738188423
74,16,-1.689740012023294,-2.215923068378563
74,17,-1.227187148408356,-1.466755937408031
74,18,-2.626662911219164,-1.842680670445146
74,19,0.5161650059090688,-1.345246665092226
74,20,-3.4330383153791,-2.968947646146172
75,1,3.456229200164367,3.715697153040185
75,2,0.3773264675812318,-0.1725780341712752
75,3,-1.08575858235762,0.5381661133209794
75,4,-2.709513433233409,-1.154820897753927
75,5,-0.2586325848323324,0.3262587774092774
75,6,-0.9466714134572042,-0.7832722859343525
75,7,0.50007027061603,0.288275103230709
75,8,0.6822663330338345,0.1427989826679207
75,9,0.1495729667003343,0.2003345947735242
75,10,2.276763993585168,1.532796863955647
75,11,-0.7628033524471978,-1.386099736165957
75,12,-0.8038194884166202,-0.3210411563640988
75,13,-1.686364389093961,-0.4172832280917106
75,14,-0.3858868400656241,1.717955848360898
75,15,-0.8200274258200347,-0.05091627692790321
75,16,2.275271560930521,0.4891354356031814
75,17,1.568691607394636,-0.3360563496383248
75,18,1.443749222294473,2.049489995938469
75,19,-4.560678550712762,-1.960243002297103
75,20,-0.9877072922304068,0.7187846339400459
76,1,2.385963485144047,2.074612134998315
76,2,0.3713531810664311,-1.315886567259546
76,3,-1.311443701787711,-1.763923224774979
76,4,-6.078822006913071,-2.553669399738581
76,5,-3.224223937539421,0.6282532385939565
76,6,-2.314401832176011,-0.1366063566395449
76,7,0.810380854817528,2.652484767940752
76,8,1.536450296671033,-0.6065745880807356
76,9,-0.4902982061311782,-0.8612995220945803
76,10,0.1936134389987122,0.1584372740365321
76,11,0.3931862771535801,-0.02141735931080324
76,12,0.5363007546081114,-0.2177453540402289
76,13,-4.331152928740558,-0.3732678846795798
76,14,-4.966778728983021,-1.469846605678119
76,15,-5.830920088393723,-1.405418250233618
76,16,-5.34427136993007,-2.011208011233474
76,17,-6.473516975156854,-2.563651637220657
76,18,-3.99441067222458,-0.5218172077965033
76,19,-5.174474145773457,-0.6249942372286847
76,20,-2.986802532043534,-0.1182660277161114
77,1,-0.5337703651175021,1.699647014264941
77,2,-1.895624789830303,-0.7283858169212375
77,3,1.316587350700769,0.464849567707355
77,4,-1.094629353281866,-0.5460217367400053
77,5,-1.251071262174316,-0.8500240279628236
77,6,-2.064831137423624,-1.007291246562673
77,7,0.2097348157001304,0.0007093347193913857
77,8,-2.529345758681069,-2.008016868534649
77,9,-1.550674004455814,0.1836858794800637
77,10,-3.443884556641978,-0.8975705493631089
77,11,-1.840584113741552,0.4653756053771779
77,12,0.128847496892177,-0.1085985147223922
77,13,-2.657356383577191,-0.8638323729621528
77,14,-1.556909259198453,-0.9316254439949148
77,15,-2.912079385981231,-2.298559669041204
77,16,-3.44480184606714,-1.596078477349875
77,17,-2.851366512584456,-0.1900441738022478
77,18,-2.9912513040338,-0.3594484130917721
77,19,-0.0887989520948308,0.3346199383400396
77,20,0.9524754746502923,0.394089520674074
78,1,0.221900094775926,0.2087167687603245
78,2,1.005291687711029,0.9948180495999255
78,3,1.36104390887297,1.2118469696098
78,4,0.5451010793137815,-0.5459183087749695
78,5,2.191754100276265,0.98854985197669
78,6,-0.5117444682053385,-0.6696783128710262
78,7,-2.679417586004464,-1.581008893042828
78,8,-2.825566727038125,-0.0804047760062088
78,9,1.452101052469237,-0.01401746258302977
78,10,-0.4094561876714654,-0.1792664392064562
78,11,-0.1323407526901192,-0.2358938263660779
78,12,-1.076950680319194,0.04973746453322708
78,13,-1.575626932925377,-2.493016876258416
78,14,-0.9745494890347204,-0.4815752005230125
78,15,1.584143193033131,0.3305917084662146
78,16,1.893201274587291,-0.5506339565192453
78,17,3.533844943634918,0.3034606316929626
78,18,-0.1559324681206249,-1.730261984103668
78,19,1.219899614600778,-0.3651735049888804
78,20,-1.702413399085113,-1.166219708914972
79,1,3.350818222414022,3.96478174653372
79,2,1.097607702836213,1.772041054366077
79,3,-2.058325570111476,0.2377880927679327
79,4,-2.398286789927918,1.296013370189649
79,5,0.4148556697363382,1.1198053142872
79,6,4.900433874378052,2.780187683194611
79,7,3.168493383292661,0.6710574554010409
79,8,4.716522268619755,2.284745777529566
79,9,8.358992035713598,3.573496597933807
79,10,5.22418455060722,2.193262585476246
79,11,0.9925635649518264,0.6561093374523974
79,12,1.216221284081629,1.846238156072908
79,13,-2.994052966218724,-0.4795477707791307
79,14,-0.6288036054504729,2.768042675942114
79,15,-0.7555154164012605,1.02757769203279
79,16,-1.262191772866944,0.3854065940569663
79,17,-1.059952435410414,-0.3044332881966506
79,18,1.121855882572016,1.964805189391838
79,19,0.6075162033061434,1.414506674099122
79,20,2.092589588875866,0.8871498144598248
80,1,-1.121634777590794,1.035949777917613
80,2,0.5871044592430391,-0.537418205448566
80,3,0.5729591731733084,-1.59808359238652
80,4,0.2675294378994723,-0.7852001777028651
80,5,1.653684391636796,0.8717453758368963
80,6,0.7663066083757932,-0.9353603719517728
80,7,4.07219609994464,0.3311793445354315
80,8,4.84479082016777,1.320032636832086
80,9,1.018015757897039,-1.321848961899539
80,10,0.3401503358688178,-1.297069834974454
80,11,2.877497209805378,-0.5284365884833632
80,12,3.344048824577968,-0.8607950122276261
80,13,1.357572002945745,0.3171576462750749
80,14,0.9238129416093636,-1.022296149395467
80,15,-1.791714380689607,-1.391871414011052
80,16,-5.241389292845902,-1.925998257041914
80,17,-2.797791335548009,0.1839820156015343
80,18,-0.3974256431298395,-1.140777636611468
80,19,-0.9195641429498076,-0.84603059958087
80,20,-1.258267690814154,0.9031282706737174
81,1,2.59048715442582,2.40699849927532
81,2,1.178547397975322,-1.587978889208778
81,3,-1.005654070219503,-1.336472615345173
81,4,-2.319500159834955,0.1355462830779902
81,5,-3.976529061798047,-3.197625341285978
81,6,-2.725235314819264,-0.1331448682420726
81,7,-4.188807051909762,-2.09788558932111
81,8,-0.2703801521813518,-0.4810423870472477
81,9,-4.494941010210277,-0.630937650858724
81,10,-2.296596354223196,-0.0266831967494352
81,11,-0.9315050769638429,-1.209082329725762
81,12,-1.191451598522415,-1.236954728047592
81,13,-0.3490220674961009,0.9140421049727334
81,14,4.077528137977183,0.9839347253080257
81,15,-0.1464912078139301,-1.578161415190181
81,16,0.1268337401634706,0.9768544163153395
81,17,-2.136402722813422,-1.131812022920174
81,18,-2.115130670638445,-0.2668297781535968
81,19,-3.536779320126938,-0.7795569478962394
81,20,-5.37929129342475,-0.5388467046507546
82,1,2.968267023329236,3.003165516029025
82,2,1.432086699109095,0.5243974484293208
82,3,0.4873474306302714,-0.5577648559556747
82,4,-2.328403724405426,-0.2509436529926747
82,5,-2.467141666595619,-0.8226433067763643
82,6,-0.03838728347639814,0.4187196780585486
82,7,-1.735338883002605,-0.3309624793480204
82,8,-1.580995614060581,1.227036473637912
82,9,0.9696888619759674,0.8978157241797111
82,10,1.03306684059748,1.088293726933999
82,11,-3.058684634495467,-0.7564134715889739
82,12,-2.016736284813964,0.8647663795416297
82,13,-1.034633440223347,-1.207082464478718
82,14,-4.750890305039865,-1.702686483996176
82,15,-2.3849591458427,-0.5566282232745552
82,16,-0.7477773660075107,-0.2579801876336216
82,17,2.096506636535366,0.4406244147877055
82,18,-0.7975061919661381,-0.3167902600721788
82,19,-4.162328452350056,-1.662726535668648
82,20,0.2997362457196197,0.4403987834703121
83,1,4.307172007369837,3.424072689325321
83,2,-1.571646096672326,-1.087895561951469
83,3,-2.901791427395943,-0.3240689131707544
83,4,-1.668444992599976,-0.3286889360230337
83,5,-0.35135049914753,0.182304856384785
83,6,0.5778502234724874,0.8822822745059575
83,7,0.6398810641956618,0.805733631028599
83,8,1.879507360816163,0.3325816375486313
83,9,3.633365856340887,0.5887881864564505
83,10,3.763898329400363,1.068315352166866
83,11,-3.122309197548719,-0.8008339201714583
83,12,-1.032612016123186,0.528399293832631
83,13,-1.949466393376127,-0.7396516304102261
83,14,-2.618264804994391,-0.2667307825235264
83,15,-0.2286425725545257,0.3975409229803974
83,16,0.4748509482073161,0.2522882669580032
83,17,-2.020081613759534,-0.3827646502218068
83,18,-0.5143878666152482,1.658574543818802
83,19,-2.890648878884267,-1.103886555869495
83,20,0.5695695169391175,0.1818088894661596
84,1,7.028005073878481,3.107337455796048
84,2,3.785423696016573,0.1276167334683777
84,3,2.957028064857252,0.4248655123504372
84,4,0.1917711835390602,1.13550497240326
84,5,-0.692100288240193,1.489661726150642
84,6,2.014601924426522,2.80650500304553
84,7,-0.2834180560913671,0.7039170171987617
84,8,1.919723785628198,1.755187381916271
84,9,2.011489719562742,0.6833702203328089
84,10,5.089115750151604,1.966776168347524
84,11,4.657642502256197,1.235890074962012
84,12,4.025871832184616,1.215104178693499
84,13,-5.252267378712741,-1.728394541371796
84,14,-4.100855775822036,0.9011687220442236
84,15,-2.778184352979296,1.401690986988212
84,16,-3.466817706403077,0.1677892932304748
84,17,-4.241104677615504,-0.5635084639531822
84,18,1.076405110623373,2.533087003585312
84,19,-0.9131387819786183,1.228387627461732
84,20,0.8900654132927088,1.345046010248155
85,1,-0.2982808180284766,0.9558098131565715
85,2,-2.029910784169219,-1.232052137532558
85,3,-2.598058138159866,-0.939078109919623
85,4,-5.89607572875805,-3.60849359266302
85,5,-4.862708671993686,-2.720458199621368
85,6,-2.158416736218983,0.2265142240320091
85,7,0.2544421904141279,-0.03563658898513355
85,8,-1.272375935833915,-1.32073889608299
85,9,-3.220429630089474,-0.9819095209383996
85,10,-3.076399839126386,0.220516827122629
85,11,-3.001963470027031,-0.3693670828921942
85,12,-5.672429127964561,-2.573251957027372
85,13,-4.912477871355025,-2.669673015762075
85,14,-3.040197450542478,-1.621870265640945
85,15,0.1538041505398673,-0.118719004635594
85,16,2.664541453606165,1.487404541795522
85,17,0.3706527287242482,-1.366115866194785
85,18,-3.046390602605071,-2.208758320527041
85,19,-1.796753189766002,-0.7197785177357707
85,20,0.7353971992813785,1.036134119206176
86,1,-2.232303445565242,0.8451800794028096
86,2,-4.919893671081772,-3.945028654013907
86,3,-4.938065048149316,-3.17252190814397
86,4,-2.918164526445691,-1.758346588029106
86,5,-1.336705615433707,-1.161434834893744
86,6,-1.935743337980251,-1.111871769288319
86,7,-3.396453781291366,-3.005354510467083
86,8,-3.64045243441033,-1.581244251805275
86,9,-2.446443983530104,-0.699772058645172
86,10,-2.650991782390228,0.1544791277333892
86,11,-2.062972638663721,-1.431908019262141
86,12,-0.3565151572189798,0.2581588785651644
86,13,0.2880752371961029,-1.739335962439764
86,14,-1.134999427362607,-2.389846756864583
86,15,-2.040284603362398,-1.455461472398561
86,16,-3.610165035633134,-2.766992316249128
86,17,-3.231209813207991,-1.599349346891784
86,18,-0.8125681630905175,-0.04278045631701488
86,19,-0.4961659102831578,-0.7898567273414018
86,20,0.4248572554643113,0.764047438469287
87,1,1.289919241395546,2.231565635517297
87,2,2.106899793778565,0.6767288499370864
87,3,-1.628698762975169,-1.663038201554675
87,4,0.3778146103183164,1.600478840720881
87,5,0.06123977032461569,0.508290233022295
87,6,-0.1979171975777499,0.2404203371975568
87,7,0.3936983799474317,0.6483058613239066
87,8,3.732116634760934,2.586742852329955
87,9,-2.460589268880693,-1.545013996942685
87,10,0.06981089300589571,0.3321222046104236
87,11,-3.312325920148786,-2.809429071542777
87,12,0.85694744673311,0.2786641201729508
87,13,-2.2640468275622,-0.7866512539771073
87,14,-2.693686217941014,-0.6968657283523799
87,15,-2.892053138909897,-0.8448054999885034
87,16,-4.56361236267955,-2.428953185232849
87,17,-4.800206231071956,-0.1329891830918481
87,18,-1.620486261110955,1.285240898373722
87,19,-1.581548845403055,-1.081477777789051
87,20,-1.069150427555039,0.7867855315700607
88,1,2.381880318479575,1.654467784267652
88,2,1.923011152106645,0.4021882832084896
88,3,1.483801032133254,0.6982274378678184
88,4,0.8772328130750571,-0.2273740157916987
88,5,0.7313767878342172,0.1768475678503885
88,6,-0.1414132333904121,0.8053526873483762
88,7,-1.745842082024993,-0.5372241434033224
88,8,-1.677419106007118,-0.284145285831223
88,9,-2.67082416091235,-1.441819901714773
88,10,0.5753373036398715,0.2821473805066566
88,11,0.9312459248167343,0.46205993308009
88,12,0.2497593440057804,-0.1969869590328897
88,13,-2.674034331451196,-0.9699406418464361
88,14,-1.26428136873884,0.2286395659844481
88,15,-1.048017722895102,0.7503294589142269
88,16,-4.18728042347243,-1.03905962972881
88,17,-4.071257183635497,0.9104483814317763
88,18,0.7428859475154503,1.377068395295634
88,19,-1.128833894263713,-1.200397287792427
88,20,-0.4693085157556985,-0.05719937561248678
89,1,6.608896283013729,3.045297853019433
89,2,1.914967036842512,-0.4508537088280994
89,3,-0.5724570165373439,-0.1001618906303717
89,4,-1.824929047290163,0.370835623651185
89,5,-6.570647962210189,-1.599514060335715
89,6,-4.638543187326179,-1.541528166267619
89,7,-3.280357553984957,0.5061294588613309
89,8,0.9146771114774606,1.314592212713222
89,9,3.459815533548614,2.559169090782937
89,10,4.491742166653857,1.316722574784929
89,11,3.771209936076341,0.9899851574049884
89,12,3.868591190660673,0.4917827957552945
89,13,0.05549548330956533,-0.2535754225008196
89,14,2.305902582258063,1.610796080656256
89,15,-1.524563531775717,-1.713021895299487
89,16,-2.552118007503953,0.6354204403434995
89,17,-0.4426611683851388,2.230306715390092
89,18,0.8078107900617847,0.713083485484082
89,19,1.194260646546959,1.761356492993571
89,20,-0.4138720061795108,0.3187563048338155
90,1,9.621681251300055,4.637589896636026
90,2,9.951703359388423,2.643853544135922
90,3,2.703447989924668,-0.2090502725185837
90,4,0.1956895999556462,1.056701438119971
90,5,-0.2105006188482321,1.585824479322177
90,6,0.4900719638708861,0.740386666816779
90,7,-1.827447417703255,-0.8410412242763763
90,8,2.529267821691538,1.304767664996485
90,9,-1.479229538912142,0.8165914632746354
90,10,1.869206968342891,1.21735138410572
90,11,4.838015501113899,1.107050490469598
90,12,3.260578970335656,0.4310140144938891
90,13,-4.728453984637994,-1.20831200950683
90,14,0.1813451396900896,0.5471103914147729
90,15,-0.5956454826198749,1.291429197553244
90,16,-5.613474726116457,-0.4603525789700146
90,17,-4.298569689125595,1.517298778462026
90,18,-3.891336579668414,-0.8449436893431193
90,19,-3.588554954148186,0.02715825320329923
90,20,-2.40368717372996,1.184448100323868
91,1,0.48598388898748,2.312891724695561
91,2,2.178681780866239,2.995510914680561
91,3,0.2616133765433568,-1.929115530657765
91,4,-0.6938131065335146,-0.3941102375584707
91,5,-0.9950371889242009,-1.21451163385285
91,6,-3.562963041385373,-0.5444260507369981
91,7,-4.325959537406446,-1.409212979786432
91,8,-4.396326706698124,-1.152090124497511
91,9,-0.2932757442760237,-0.3953554946973847
91,10,-3.488441417013788,-1.164888076973366
91,11,-2.858246414406151,0.268039917815514
91,12,-2.836621782710544,-0.1067547134686072
91,13,-0.5685577495022637,-0.9773807600277162
91,14,-4.207593670199047,-1.371662461882751
91,15,-1.702372789598571,-0.8052461002288498
91,16,-0.08872015638340158,-0.3396450009041031
91,17,-1.126646822280438,-1.91834373593635
91,18,-1.87399816523896,-0.7759542569818465
91,19,-3.314897701955678,-1.597843072960981
91,20,-1.005481360580583,-0.7916134450710066
92,1,2.574720035637008,2.240268327659445
92,2,2.199288620112242,-0.4799145720447114
92,3,0.7122793533552865,-0.3642108230840123
92,4,-0.3251750086544469,-1.364551039495545
92,5,-0.2855131786279796,-0.4903473602194668
92,6,0.5251671774735331,0.353378021362816
92,7,-1.762497388892228,-1.445925624739299
92,8,-0.09782641567239286,-0.2823943936732398
92,9,-0.868414564537436,-0.5909591889935369
92,10,1.900317232821913,0.9575529903220685
92,11,-1.998124827690385,-1.923264757407362
92,12,-0.7565054095865894,-0.3917647951929588
92,13,-0.2554790589034918,0.3337247990402161
92,14,2.403781320711446,0.08012136556608374
92,15,1.299883472661022,0.7326719457882784
92,16,-1.053866757133271,-0.7812420029767224
92,17,-2.853224272063796,-0.6117604769278269
92,18,0.04132621713022405,0.4058074070510893
92,19,2.429014777948079,0.6435610333650785
92,20,-4.053176295543131,-2.031112484446204
93,1,1.106494278024824,0.2989599545656481
93,2,-0.4565713058491713,-0.7044080644704932
93,3,0.6995257851547325,0.1773022070257165
93,4,-3.157233861359803,-1.465247764852998
93,5,0.853028562056959,1.459410572511822
93,6,3.216444102826589,1.579314556786362
93,7,0.1241040416262709,-1.899406998409184
93,8,-0.1453086445353487,-0.597792441170155
93,9,-4.113272482242366,-2.278827418698915
93,10,-1.592676129007656,-0.1119627937645052
93,11,0.418596292828717,0.4486347865848015
93,12,-0.1455250167299202,-0.21463863306808
93,13,-2.438117953821907,-0.5780045306044299
93,14,-3.667557033508819,-2.066794209509514
93,15,-2.842366577252718,0.7209470472735625
93,16,-3.057812804306688,-0.8213041752910223
93,17,-2.888434683895404,-0.3811094625388609
93,18,-1.752881262520054,-0.1498243652528047
93,19,-4.047614219168976,-1.648764121266052
93,20,-4.652688170142845,-0.6931150075110158
94,1,0.5391002466841723,1.397983422299548
94,2,-1.109342354301643,-0.3450016849959089
94,3,-1.575687669810346,-0.2660340919452611
94,4,-3.069311810891057,-0.8257841472249667
94,5,1.004595178099148,0.4422154218403241
94,6,1.330062010253459,-0.07731611853955939
94,7,-0.9360995230990181,-2.308015615736139
94,8,-1.851499880093105,0.1401528079374064
94,9,-3.323275758724861,-2.405592326002028
94,10,0.02687752855445025,0.9793347012502329
94,11,-2.155944536287421,-1.342118418695018
94,12,-2.212417694640984,0.3175521656977928
94,13,0.01578627515451303,0.2302087088794222
94,14,-2.490200773119231,-1.538273084920554
94,15,-0.8842973026009703,0.9391635527789906
94,16,-2.767765328066469,-0.7446490124736102
94,17,0.857530786133891,1.314851158819035
94,18,2.006695391658233,-0.4671669754827499
94,19,-1.906407493679336,-1.262773084305244
94,20,1.058045261248465,1.10214327619927
95,1,-3.892267945569901,-0.2466820148138174
95,2,-2.395310965417758,-1.845344064055861
95,3,-1.700860790907651,-1.918124159849277
95,4,-0.1280117340898969,-1.305367079375739
95,5,0.4451180846429948,-0.1974234480336858
95,6,-0.5634855329219929,-0.7110302655254628
95,7,1.851337036438794,-0.5669986470893833
95,8,-1.869578789512549,-2.056300261378109
95,9,-3.326914839512524,-1.83377000877825
95,10,-5.117565714206558,-1.479763291184294
95,11,-2.474247202529611,-1.429398424873001
95,12,-3.118594136002762,-1.585791401732892
95,13,-0.1419330851988209,-1.735118162946457
95,14,-2.801491825900634,-2.901550928620467
95,15,-0.8142804572347226,-1.460086559747317
95,16,2.024953707261572,-1.005426362110672
95,17,-0.4954790304527859,-3.884671245622632
95,18,2.441331623070775,0.6385921177101959
95,19,-0.3306530708687981,-2.086456811013899
95,20,-4.233106912946711,-2.991159915207662
96,1,2.208089393807215,2.310944321581994
96,2,0.740263290448705,-0.6564640776434455
96,3,-0.9108109640058287,-1.217765142819413
96,4,-2.707689695018054,-1.166433767858147
96,5,-2.041088037068127,0.5126807486125413
96,6,-2.009402054032042,-0.3139865819100344
96,7,-2.94209670030496,-0.4859688649279423
96,8,0.003561463525151659,0.3092796190440343
96,9,-4.812517789996189,-1.950725993469159
96,10,-2.513098659408529,-0.8408247698447849
96,11,0.6045835826226572,-0.02180273399493027
96,12,-0.1877759013170131,-0.5780999852008152
96,13,0.5963722043073785,-0.02240379619487398
96,14,1.542133672836357,0.3820202797678797
96,15,-0.9585255635640522,0.6018135257921995
96,16,-0.6526706592773985,1.51324990669503
96,17,-1.891320866943872,-0.5166954058198441
96,18,0.4968800100440547,0.5516051287891921
96,19,-1.156468203229693,-1.001943510224694
96,20,0.9132361003054643,2.872012303842595
97,1,-4.951435925418242,0.4517211889317225
97,2,-5.796381339842313,-1.689625705311782
97,3,-4.401380403070519,-0.8607796197875471
97,4,-5.771487834690411,-3.190540150609099
97,5,-2.264061103214216,-2.024964369560737
97,6,0.7735330773912776,1.133484041049366
97,7,-0.0230919827130186,-2.017298339092914
97,8,0.7289091448433743,0.8169157084407446
97,9,1.110051341973775,-0.3988033502878404
97,10,-3.079134961591766,-1.899730517478643
97,11,-2.857145998231352,-0.4435158664454041
97,12,-2.928205556825564,-0.6795023646600891
97,13,-2.654337824915974,-2.25536020214415
97,14,-2.878382022652448,-1.060594169729778
97,15,-1.399556779166264,-0.3634860934155632
97,16,0.9516689069509112,-0.3196944970620654
97,17,1.663672346409529,0.02388233105222359
97,18,-1.127523202504409,-0.4099053227554081
97,19,-5.63680245222287,-2.513941060834143
97,20,-3.753087913962196,-0.7747675050964371
98,1,3.668155062895429,2.62871221365899
98,2,0.542772888189377,0.2568236654113901
98,3,1.254003587646165,-0.6023119933065281
98,4,-0.03939064912494872,-1.244932104178087
98,5,-0.5764987555678329,-0.3609387467237712
98,6,1.090929449981496,0.7034880074060263
98,7,-0.1818260595918777,-0.6100896627869679
98,8,2.304055638268121,0.6828977835501515
98,9,0.9194043631082994,0.4800802579033418
98,10,3.344040737795991,1.537788298460699
98,11,3.868519733831436,0.9990215772582713
98,12,3.62818645649705,0.3112440260925232
98,13,-4.048029673878532,-2.312598040961169
98,14,-3.913321083375227,-0.855583689640071
98,15,-3.278083501901287,0.00101465850514542
98,16,-4.500654075047128,-2.067983405132874
98,17,-3.509187798224156,1.029365673687605
98,18,-3.751548822406697,0.1194083470576031
98,19,0.04287850193155895,0.03811753261340545
98,20,2.822484198249039,1.859476085161921
99,1,-1.62046252818442,0.5947057458585268
99,2,1.347283843488025,-0.3075304082645964
99,3,-0.6912330421484332,-1.997304641401383
99,4,-0.0227288423812821,-0.0716337476871971
99,5,-2.359180632404474,-1.812270221287751
99,6,-4.498587238585947,-1.305011596785638
99,7,-5.372702434044901,-1.848011807990141
99,8,-1.143799237157159,0.4837438200170313
99,9,-3.158219116911631,-1.220160555234596
99,10,-3.314353813448851,-1.287702235094464
99,11,-2.043311047931955,-1.533768709434319
99,12,-1.562489312634954,-0.4431210809846331
99,13,-4.748137520101507,-2.830109277395706
99,14,-5.30829026472791,-2.306476019773037
99,15,-1.460517516136884,1.423933107280318
99,16,-3.016006696278401,-1.737095370687483
99,17,-4.871383802279116,-1.326656533105696
99,18,-3.117749430408202,-1.034521884169961
99,19,-2.267053466364307,-1.408907427655133
99,20,-2.536032029468434,0.4709810446869456
100,1,-1.520687890681118,1.860816015758624
100,2,-4.94877728661902,-2.546025598642444
100,3,-1.634288499591326,-0.9347805824726202
100,4,-0.9191982840263961,-0.8193471205155554
100,5,-2.037239217958136,-1.006702335934356
100,6,-2.157752475458696,-1.223042350612314
100,7,0.6511840317142843,-0.09969942058275927
100,8,-1.624522913452673,-0.8564505880322826
100,9,-0.9156368373420638,-2.265885980979329
100,10,-3.133135582545943,-2.166495560961485
100,11,-3.147379600932148,0.1554461859362797
100,12,-2.78194565294331,0.02827064160246295
100,13,-1.232421695645867,-1.738477871166661
100,14,-4.558957917766734,-1.772384172154005
100,15,-2.566808583811468,-1.393676265586902
100,16,-3.664244477958222,-2.129581239879716
100,17,-1.363240977437327,-1.612384433457083
100,18,-3.424088689536676,-2.964686723055359
100,19,-3.098925655760732,-1.900928897917715
100,20,-2.273737308939253,-0.6386178361977596
101,1,2.009244162417621,1.030585234490237
101,2,-0.3928071372009336,0.6494343417997276
101,3,-2.603150290904495,-0.8650969162189519
101,4,-2.333267435153358,-0.3708930581947617
101,5,1.396744027931713,1.515015845512133
101,6,2.087862969191281,-0.09143893428653604
101,7,-1.81140634616335,-1.686959168168606
101,8,-1.137477195702196,-0.5039513008831399
101,9,1.50496674484156,1.215265741458797
101,10,1.247148069850703,1.139376795138976
101,11,0.4566006438466345,-0.2326139797012131
101,12,-0.6316725355020085,-0.09582040712965428
101,13,-2.180205478510867,-0.3394247776920691
101,14,-3.519931992307257,-1.179547653242855
101,15,-1.207623870716326,0.4426544503093914
101,16,-1.696901604996203,-0.7834324272004911
101,17,-1.95243951718514,-1.076921441121682
101,18,-1.411163460725247,-0.4804202097096254
101,19,-1.703752935359367,-0.5386059578825919
101,20,1.788862039613229,0.6251565772702016
102,1,5.498208810429795,3.858495058213967
102,2,2.802014622090211,0.7926719578713501
102,3,1.294060173114329,-0.173362660847573
102,4,0.4542274495923838,1.00307539366738
102,5,-0.2188244843366465,1.570400750579236
102,6,1.06355869644028,1.820430128629079
102,7,-0.7360477389597925,-0.5345254464819742
102,8,0.3874839384959955,0.673719471611717
102,9,0.6227727372586215,0.82603478189657
102,10,2.341079514205582,1.452526709355537
102,11,1.944674084352147,1.255149578672719
102,12,-0.6359226651946295,-0.9924871300778619
102,13,-3.090792105779451,0.1186830735550756
102,14,-4.122199432689907,-0.01128345244244017
102,15,-1.921931591620834,-0.09237103047032547
102,16,-2.4640122004742,-0.1855239319103025
102,17,-1.713455750889587,0.2153409838822399
102,18,-6.108195139400269,-2.8348771750973
102,19,-2.963748471399742,-0.2553473779433487
102,20,0.7662113962909787,0.4073122928044426
103,1,-1.921003610803452,1.802786257344555
103,2,0.5558856451588228,-1.332071295363622
103,3,-1.024914984966777,-2.130788339858671
103,4,-0.6635412628908528,-1.884144678017343
103,5,-0.5564408069224882,-1.431254029708254
103,6,-4.892454718010606,-2.719399119098923
103,7,1.743119005409115,0.9793285859447822
103,8,0.7989562017551526,-0.5485662382054839
103,9,-0.2776110731306067,-1.186057924500603
103,10,-2.783017854290521,-0.1172235052570192
103,11,-0.02028292579650304,-1.01135876772022
103,12,-0.739152267025592,-1.344313234614882
103,13,0.3111268195520618,-3.073058968780326
103,14,0.4237879743011383,-1.348025263225293
103,15,-1.598685412319631,-1.094333425096118
103,16,-3.778057177008543,-2.479101104771308
103,17,-1.619960903322779,-0.3772595917737296
103,18,-2.475200654991788,-1.166613885855996
103,19,0.338075896309155,-1.050412296425365
103,20,1.190069657505626,0.4488741535894578
104,1,0.4826649170269365,1.098609420094914
104,2,-1.005664726219085,-0.5832770992400371
104,3,-3.147720384260305,-0.8504437412333254
104,4,-1.323734335074047,-0.0218921928772608
104,5,-1.894558770062787,-0.03736324467446847
104,6,-1.890646850719021,0.06923386462474901
104,7,-0.2738607315433995,0.3691173811590655
104,8,3.320439994708697,2.326795274335396
104,9,1.990688202012951,1.915348097215101
104,10,1.107955785548982,-0.9830014486013945
104,11,-0.1340942100018669,0.5284602485248555
104,12,-0.1408109291956547,0.2903747738202522
104,13,-1.941219418930839,-0.6145046766777273
104,14,-2.005842615303811,-0.6736011700930046
104,15,-0.516658449337734,0.3097021772561733
104,16,-0.6476905390196074,0.1543542033866601
104,17,-2.248432111936223,-0.7030891474933754
104,18,-1.844371963355666,-0.684175657007619
104,19,-2.349419716470793,-0.5567695283159387
104,20,2.008566361053382,0.9633703433628458
105,1,13.17031772684796,5.128499346058536
105,2,12.05348238594537,3.668648625145659
105,3,8.340403108807863,4.480217635123086
105,4,1.359976759177306,0.5537045920778446
105,5,2.101565382014445,4.616895770642483
105,6,5.196726637638218,1.939792558136947
105,7,1.717241311520489,1.018168278645867
105,8,7.250114404703617,2.600271910986942
105,9,1.842717205458277,1.363509225800287
105,10,6.817200354322204,3.008293443527418
105,11,4.982358417318762,0.3007898563723646
105,12,8.266506298433432,1.899124441240607
105,13,0.2775476719612326,2.185401194238546
105,14,1.293981997415213,1.337099551438338
105,15,0.6244716436406798,2.003188313528804
105,16,-2.637417342928987,2.147684391451903
105,17,-2.362981765188527,2.716003218593158
105,18,-0.08230455952333393,0.226446158048079
105,19,1.126247219519795,2.14592918556093
105,20,2.273895493482198,2.130450919084268
106,1,3.227886334190123,0.298936142793951
106,2,3.55464576295077,0.723457275178087
106,3,-0.9605524608143349,-1.159581448080135
106,4,-1.170143712958285,0.5698892660350284
106,5,-1.273259555834773,0.8735795503680595
106,6,-2.299945105736095,0.02193426460020909
106,7,0.1430754377735566,1.400939244597257
106,8,2.672062236573951,1.748112725871768
106,9,2.468380118092096,1.590732384138361
106,10,2.702308303430029,1.287445493506286
106,11,-0.5207580891229023,-1.125318535847542
106,12,3.247986733831852,1.785087802471677
106,13,-1.701941546828927,-0.7012139523024261
106,14,-3.287868911698401,-1.326280813366676
106,15,-0.05547949798844559,1.882970379719746
106,16,0.1430855573645011,2.4411717941936
106,17,-0.5083311366606388,0.1734319472527933
106,18,1.424490184976325,2.710130511797302
106,19,-0.7687903579237735,0.3220583492913437
106,20,-0.6892583480003815,0.6874726411161778
107,1,3.367622498332461,1.932430803049108
107,2,3.259974150185645,0.8159202968461081
107,3,-0.08829155659682175,0.1202499661657872
107,4,-0.2153755352125319,0.01865197778734676
107,5,-1.039943487469702,0.03409574570418483
107,6,2.411335899358102,2.257659896745546
107,7,0.07694222087601643,-0.5034853851630388
107,8,-1.938566687764637,0.1517742024795035
107,9,0.6315495205072519,2.685371044657524
107,10,3.633402515845536,2.205903786454339
107,11,-2.720809495208746,-2.145439735664254
107,12,-0.394574438552959,0.1914252230127529
107,13,-6.459279242019084,-2.293363458766072
107,14,-5.311008325029363,-0.9377229316266453
107,15,-7.562751860892448,-2.658115220526003
107,16,-4.421470471642925,0.1542431279597648
107,17,-5.300350575375139,-0.977793310966698
107,18,-0.6662634686054663,0.5603830459530661
107,19,-4.477846929727124,-1.444909206239914
107,20,-0.4563897659076825,1.100308830417186
108,1,2.608264413898662,0.942282854011176
108,2,3.925040157644458,0.9422011503297941
108,3,1.665036877611,-0.8759503676214557
108,4,0.5613368590151839,0.2712537027593905
108,5,-2.624415424303022,-1.628122648837338
108,6,-2.972736556260774,0.5670946454580004
108,7,-5.681169674948952,-2.336093807973453
108,8,-3.171912618455012,0.04402244961341784
108,9,-1.292527494558434,0.4238849532172894
108,10,-0.1997140361519027,0.1262411510958726
108,11,-1.11410504221974,-1.391610185200225
108,12,1.30221002840266,1.021955912046051
108,13,-2.747109395828461,-1.16568343052398
108,14,-0.5396377273870168,-1.057449404715101
108,15,0.1898826639018034,-0.05855115261072594
108,16,3.067143360144136,2.347055328126257
108,17,2.202863624581796,0.7368048385031182
108,18,2.6120776326722,1.082204937871429
108,19,2.942058392048363,0.0349118521619361
108,20,0.7586088901613707,0.6030357303492538
109,1,-2.634207359972,1.380227398544885
109,2,-3.494318214446579,-1.466917225517367
109,3,-3.471210484785086,-1.578128570379221
109,4,-3.478370787944576,-2.752907057217118
109,5,-1.19710093238531,0.03022133621249645
109,6,-1.592322029090322,-0.7807151281228787
109,7,-3.481771022866943,-0.8959795192769322
109,8,-1.945715304051529,-1.451473891616718
109,9,-1.27342808884948,-0.3071933095104031
109,10,-2.020524797498084,-0.8414034343733666
109,11,-0.1678224099983663,-1.209553176711333
109,12,1.932939376038961,0.3269915754239918
109,13,1.940595649029025,-0.998133227009779
109,14,0.3897328769438214,-1.316580728766621
109,15,-3.909471223260737,-2.595250005036972
109,16,1.305975646983383,1.976524857676058
109,17,0.3487795566701628,0.602489060429459
109,18,2.512938044760385,-0.08436580399336446
109,19,-0.2161245569940068,-1.88051014698665
109,20,-2.294472584579373,-0.4037136024951091
110,1,-4.75542081678202,-0.4361902875739943
110,2,-1.058949490317592,0.3474127725591409
110,3,1.825574661745777,-0.2260041061653133
110,4,1.823783234325358,-0.4805035352334708
110,5,2.330552200668411,0.3280668912764975
110,6,0.5898707395348659,-0.5713542428221756
110,7,-0.7530364819569917,-1.207638075008923
110,8,0.02948025870462301,2.073295860129896
110,9,-0.3698744720897648,-0.6866347870680499
110,10,0.3995256361540084,0.9587471232332082
110,11,-0.5572717595358309,-0.7583857076287939
110,12,-2.748781074744043,-2.096015779476149
110,13,-5.745243227327609,-3.530444336626177
110,14,-4.680919723843351,-1.570457669772185
110,15,-1.888216387136893,0.5320594857571352
110,16,-1.858271035554392,0.07508315066882021
110,17,-0.8073493926908937,0.07378446079775658
110,18,-3.359805821268117,-1.491009601400578
110,19,-0.5578605545494932,0.7916433311440343
110,20,-3.053201281806963,-0.9519375345621288
111,1,0.2206497158645316,1.55312049351537
111,2,-2.569333739411875,2.01658724449236
111,3,-2.789544933104986,0.4597461013299444
111,4,0.5945906476925531,1.685921341269961
111,5,2.699980151482094,0.714879532597755
111,6,1.492656096443816,1.361285388558923
111,7,3.123476204849313,1.6245195203319
111,8,-0.05812992601892503,0.6902698940118184
111,9,2.181166913037274,-0.2018496630530851
111,10,2.904145293975958,1.6817139180634
111,11,-3.647567351450673,1.114514379792047
111,12,-4.108844249517934,-0.3022805008476723
111,13,-1.675354833896615,-1.781943023902667
111,14,-4.250784566133106,-0.4271760261391299
111,15,-0.5220026062766305,0.7328984922810791
111,16,5.246562297856898,0.510323933956649
111,17,1.856040561043107,-1.839018912351605
111,18,0.1242947614566261,1.833084035861329
111,19,-2.87315956525718,-1.039952697112859
111,20,1.272875196748048,0.1733321599979468
112,1,-1.673186979421166,1.609802882107077
112,2,-4.161301701135976,-0.6240295633860238
112,3,-5.575654507201882,-2.355761387693009
112,4,-4.702895610030613,-1.627321656457345
112,5,-1.630272284667159,0.02310546881074615
112,6,-1.677392529542269,-0.001456127268159135
112,7,-1.455041030705014,-0.4678390788488025
112,8,-3.371142707427319,0.009003817278405601
112,9,1.667961522881355,0.9248838656142051
112,10,-0.02172529704277623,0.1981749378173084
112,11,-3.171666008206669,-1.412273182648986
112,12,-4.737143191255082,-1.424995426717473
112,13,-3.085510103940153,-1.497689010801375
112,14,-6.67517178933914,-3.693660600793543
112,15,-3.869408870900108,-0.9698139039317444
112,16,0.4130724211026926,-1.180531502074706
112,17,-2.011202713856224,-2.466246693229737
112,18,-4.249302621037937,-1.693712397306438
112,19,-2.787597279433471,-0.2760547650162167
112,20,0.8801687843201178,-0.01781562148696061
113,1,-0.441845967156772,0.9599538503248363
113,2,1.848108298726077,-0.1880782030556188
113,3,-2.152305118193191,-0.8972198251246848
113,4,-2.897780267529105,0.3213339699660729
113,5,-3.000017218262303,-0.3708551410666553
113,6,-0.7476555101027069,0.5690932225282183
113,7,-0.9556393667835927,-0.1071119304240936
113,8,1.262150547793403,0.5927744056298653
113,9,1.145484360534317,0.04606122654690775
113,10,2.902619622145027,1.244469770399787
113,11,2.605313892635154,-1.05016831260756
113,12,5.017976234561107,1.661914747066506
113,13,-1.843625113730042,-1.212098646383087
113,14,-2.422413994921529,-1.792768517920606
113,15,0.01392885530750831,0.174285660889276
113,16,-3.873033722842584,-1.054134918604312
113,17,-3.496333955708297,0.3352959008929547
113,18,1.440721113658503,2.215896223388471
113,19,-1.081521493929285,-1.100547180725773
113,20,-1.410875112762479,0.8555821686585969
114,1,1.977906104215079,3.416513619940858
114,2,-0.2812181412469428,-1.376172637158154
114,3,1.962601536165478,0.8195322562487866
114,4,0.651426946524368,-1.498085998436091
114,5,-1.298550717205561,-2.270356361211334
114,6,-0.1336542322294443,-0.7022554636583662
114,7,0.5415176336479143,-0.03178426619564956
114,8,-2.377456969924897,-1.255598914119741
114,9,-3.623015891742788,-1.345390067010494
114,10,-0.9441622472567077,0.5121667672767767
114,11,-2.521953661087075,-1.066694807049067
114,12,1.053329305852067,0.03187802789347549
114,13,0.1537037460609733,-1.552973467262104
114,14,-0.9712147232713843,-0.816835805476239
114,15,-0.4613816726576812,-1.261330626917926
114,16,-0.4446057902967648,-0.7864652391323221
114,17,-1.050020467887538,-2.072653384317742
114,18,-0.007953480022958252,0.4794825248435943
114,19,-2.064709448810653,-1.763491550991124
114,20,1.830854648711796,0.8368155779781137
115,1,2.076247195251086,0.6794890431631809
115,2,3.337177687963265,-0.02429451757549234
115,3,1.393294937441262,-0.1763536798190157
115,4,1.382253421384461,0.4686214530109138
115,5,-1.847523803101127,-0.553933979541846
115,6,1.436481953112172,0.498080464676519
115,7,-1.269104330343424,-0.5747345926853563
115,8,-1.061107201968653,-0.9154857690354914
115,9,-4.468575387921622,-2.511963339844479
115,10,-0.8959195060571458,0.8385164263679379
115,11,-0.02974886122021736,-0.4069283161205532
115,12,1.422770743856371,-0.6820405674391588
115,13,-2.524283049824569,-2.921096665282029
115,14,0.04336059008020754,-0.1778422113647984
115,15,-1.905508911821054,-0.6060701160496615
115,16,-1.441361904111095,0.02755794045970639
115,17,-0.5117092817824562,1.207647551044226
115,18,-1.140793078954086,-2.461502578725224
115,19,-1.712987726854369,-1.339938243621899
115,20,-0.7536054797485374,-0.01252812362891356
116,1,1.657442697540673,2.777887997454988
116,2,0.5905839859433317,-1.445177988769745
116,3,0.8584762357033775,0.3175235326949858
116,4,-1.302355121466481,-0.8002877139665587
116,5,-0.4407347604064177,-0.3959734110663997
116,6,-3.583490193358711,-2.117153244253631
116,7,-7.153495406226594,-3.033123228727304
116,8,-6.3398476294257,-0.3882100137061832
116,9,-4.920462321248483,-0.2483669862380543
116,10,-2.14237810699295,-0.9567921344047967
116,11,-0.7669616640694181,-1.908669975914641
116,12,-0.1844026921455371,0.2585060635822084
116,13,-1.473683678411283,-0.9781701692139683
116,14,-1.423952419173472,-1.184423827066398
116,15,-2.189707338892966,0.2009506384270308
116,16,-5.200886595708139,-1.942620118533521
116,17,-3.334890481883527,-1.251436937359438
116,18,0.6292276622337822,1.08870486647322
116,19,0.1595399353521274,-0.8111163458846522
116,20,-2.014341777952133,0.08405896336506433
117,1,-2.750176035360581,1.002935736063571
117,2,-4.2246722217951,-1.17350357092482
117,3,-3.564180125422062,-2.039763537585973
117,4,-2.063766820946869,-1.359581860227147
117,5,-0.202744169014496,0.4134925978983415
117,6,1.209110146629975,0.3736972527070748
117,7,1.851943116896547,-0.2319596081968051
117,8,0.4814393675276384,-0.06722869456897182
117,9,0.1565777154563295,-0.01800949970949817
117,10,-0.7796282424698056,-0.6782448817985997
117,11,-1.743616994990552,-1.175546684148949
117,12,-0.788290456273231,-0.1570225620586686
117,13,0.04105389367191126,-1.309569023572629
117,14,-2.374206069908327,-0.772555144540019
117,15,-2.012319137858895,-0.7636465975588429
117,16,-3.223313779266138,-1.191901456727124
117,17,2.580877183425031,2.21620902998841
117,18,1.379401943284214,0.3015543008385244
117,19,0.7170594693132768,-0.5123512326552682
117,20,-1.081214194677487,-0.3215222822117497
118,1,8.451795682660865,2.072057556145695
118,2,3.966665714524364,1.927068209588145
118,3,3.822548487946742,2.003596681960012
118,4,-3.181362293409632,-0.5039241396500689
118,5,-0.708561270135051,-0.2061963373778173
118,6,1.536990238199686,1.724297595970619
118,7,1.173828149799987,1.445036334796557
118,8,1.685316843410191,1.179172418220325
118,9,3.339351249654116,1.829906347216933
118,10,3.880396100191179,1.104154663384794
118,11,-1.253315710054244,-1.288784587622785
118,12,-0.9669713157057614,0.9190179383127288
118,13,-4.149231839821224,0.1680930737312516
118,14,-3.331994669684816,0.3233628503143215
118,15,-1.266028629694419,-0.09196876952928013
118,16,0.4792445483509009,-0.9381812218029421
118,17,0.4774482883546034,0.236294752248884
118,18,-0.07108116791307872,1.98436860922854
118,19,0.9485623128723126,2.022644540478462
118,20,4.631680372855079,2.79134540980577
119,1,1.823841355137552,2.367519461735057
119,2,2.387541414924998,-2.091441437115518
119,3,-0.852843366378499,-3.153353408691395
119,4,-3.521143979843989,-3.649276650379694
119,5,-2.97257457636578,-1.461026521672177
119,6,-5.773239185333155,-1.472399367904921
119,7,-3.903051522537626,-1.284739489331013
119,8,-1.427081385954212,-0.697436516289277
119,9,-5.010214432744942,-2.760880011145271
119,10,-5.424435374597436,-2.308868251024988
119,11,-0.2219867402663676,-1.186433439968713
119,12,-0.2332115304145067,-0.8299278464004763
119,13,-0.9329810839990056,-2.629232762914159
119,14,-0.7273293762805615,-3.366216466687285
119,15,-1.831867587718965,-0.7702499348705623
119,16,-3.407178803689198,-0.1589083922659393
119,17,-2.516142331895703,-1.279909694930054
119,18,-2.205356812943217,-2.069036744752027
119,19,-1.984135802488554,-1.497276425129827
119,20,-5.679089140911546,-2.070757747032129
120,1,2.771111022253861,3.196435104942334
120,2,2.187829668860171,0.07029262950075721
120,3,-1.180905741061163,-1.561309216783012
120,4,-1.729528306680598,-0.7567612751806254
120,5,-3.859316598518335,-1.41441429343082
120,6,-2.002650902963342,0.8482882871422166
120,7,-3.05212691469701,-1.82922282213852
120,8,-0.2684238488803009,-0.1154954041855704
120,9,-3.215042457081036,-1.147333419867074
120,10,0.2505373004577889,0.6475078345493874
120,11,0.2392299727944252,-0.834040786494558
120,12,1.378880368394203,0.2260729930878382
120,13,-0.7686188165010089,-1.166396638623234
120,14,-1.887252939738785,-1.681064338321083
120,15,-2.578904426165843,0.3999034368514765
120,16,-3.831420951627041,-0.4649060185749903
120,17,-6.105859639783572,-1.531753572056869
120,18,-0.4177602808246184,2.034031272976838
120,19,-0.3087926890882496,-0.05073085302584601
120,20,-3.587677267583698,0.1567633514602584
121,1,1.321163474431671,2.565242810215479
121,2,2.667887720512511,0.02041282108072773
121,3,0.006119662174334461,-1.177162272953895
121,4,-2.478020429301239,-2.995114408926301
121,5,-0.6373635602341092,-0.864161138454741
121,6,-2.07639785176552,-0.2418891782510242
121,7,-0.2206271988265142,0.1403332889005693
121,8,2.55972867222724,1.224128533919024
121,9,-0.7524332870061865,-1.376934797680633
121,10,1.624627636730501,0.7729128884388904
121,11,3.970347173887248,-0.2512489783071687
121,12,3.476729426073774,0.5737715672843017
121,13,0.8299482729137041,-1.239009306417773
121,14,-1.146725048674474,-3.18585502652246
121,15,-0.9509887622902248,-0.9313480841690228
121,16,-5.854746163615504,-2.120799966612508
121,17,-4.292530172247211,-1.29478236207276
121,18,-1.760720960717894,0.2241569279412216
121,19,-0.6827914691395895,-0.7709622088317161
121,20,-0.1753761193295232,0.9091627462932788
122,1,3.352710866765332,2.001065271684737
122,2,1.138959421725515,0.305125144671567
122,3,-1.328344405133704,0.5171288984718645
122,4,-3.763542479095767,-0.8308973642877244
122,5,-0.03829723695147846,0.7505129654748801
122,6,0.834750083608857,0.4284059487224572
122,7,-1.218020773075914,-0.7844701585259061
122,8,1.088853329096227,1.3481286775594
122,9,2.225905797387347,1.938726066790012
122,10,3.58649222074148,1.835560324461629
122,11,3.201954628654926,1.045326257345002
122,12,2.00364206249403,0.1187280848366467
122,13,-4.753052342481934,-2.196319121196685
122,14,-1.240124087258039,1.38578001306424
122,15,-0.8294573456784757,2.417589064288586
122,16,0.9431990211657717,1.716714208599178
122,17,-2.366325611067845,-0.288962701609347
122,18,-2.493129372710988,-0.7714818203964275
122,19,-4.411976152750133,-1.002795916001166
122,20,-3.134839975205083,-0.7836608611931135
123,1,2.549106289487431,1.870948876483756
123,2,3.875414416480725,0.8283563046360523
123,3,-0.4116323643529747,-1.092184354389237
123,4,0.2819171316253127,-1.221680081560526
123,5,-3.089388969697742,-2.681785529855316
123,6,-3.209052514245972,-1.188700864421436
123,7,-2.296757678442148,-1.533736749908979
123,8,-2.487462724786918,0.3722306784567044
123,9,-3.451512946658467,-1.616718974125076
123,10,-1.960857398714861,0.4543009127009776
123,11,0.4649810123011924,-1.332043082782461
123,12,0.3753878486808586,-0.9905794817394679
123,13,-2.082526059073572,-1.802575480918624
123,14,-0.1791290379238712,-1.948283939312095
123,15,-1.471768145239606,-1.518733131232491
123,16,-6.074223624494043,-2.983648528984269
123,17,-4.481638181992321,-1.653901027981138
123,18,-2.298954176096665,-1.549585685839961
123,19,-3.489172703559461,-1.905864265554331
123,20,-1.544877962793593,-0.135825289012676
124,1,-1.423666069524926,2.517851876917451
124,2,-2.291922180527822,-1.457998998209486
124,3,-2.078866085756164,-1.623633482337248
124,4,-4.67207379899361,-1.575088946456045
124,5,-4.290776405992806,-2.076248489868599
124,6,-5.577703780880722,-2.158803657930028
124,7,-0.7818790903903488,-0.08484581558658921
124,8,-0.4490883065694562,-2.317764230486298
124,9,-0.8492878579127277,-0.5551848483456633
124,10,-1.787590752709249,0.747801935290823
124,11,-3.433098631405866,-2.578386115139211
124,12,-3.82135925164701,-1.534418219638749
124,13,0.8403251639963849,-0.6350287120792621
124,14,1.843161116959765,-0.8209742972511845
124,15,0.4499539828387267,-1.503720040437685
124,16,0.5724835590533035,0.1266479297480441
124,17,1.791205463521095,0.003850452382081704
124,18,0.7224646998053288,-0.5973032970944996
124,19,-1.241692120099937,-2.086781954497886
124,20,-3.195572244207832,-0.7628855054934836
125,1,6.411193679818235,3.998586806104338
125,2,1.976723574384509,1.945853765022456
125,3,-1.892969086978657,-0.4846755453050494
125,4,-1.938864985936572,1.390215493024832
125,5,-2.45100015632062,0.0425611815242396
125,6,-1.51346652705135,-0.6713732530175647
125,7,-1.828057833290256,0.08736395514487993
125,8,0.5942951954028544,1.572165425026017
125,9,2.922572604938328,0.3841622990376033
125,10,3.255682490391606,1.203529349096432
125,11,-1.345341969273202,1.665761476178921
125,12,-0.4785398031657317,1.145699410734774
125,13,-2.374899977867207,-1.042150964267444
125,14,-2.930244171245349,0.9975195536774625
125,15,1.309220843004981,0.9605964808838081
125,16,-0.7753482119174524,-1.947850627586809
125,17,-1.783016645431069,0.8750228901875884
125,18,-0.5037237396447208,1.174827965094255
125,19,-1.050193381420433,0.4828546504449974
125,20,4.728135193039986,2.191619026536247
126,1,-0.3196862794059089,0.3116921954622802
126,2,1.411087222152393,-0.5117247827180288
126,3,2.803659040646969,0.6563651973150952
126,4,0.3851518115953706,-0.4547350352233013
126,5,-1.850551863815296,-0.5316618214743085
126,6,-1.156651568762243,-0.2231689266404526
126,7,-2.418762846264403,-0.4138998296877872
126,8,0.3541561156430353,0.6675655724777622
126,9,-1.730944978833483,0.1994087986625332
126,10,-0.604370838999123,-0.07801615106160625
126,11,3.582204755493483,-0.4097519539007385
126,12,2.088435453945515,0.2624161923318004
126,13,-1.30985801027103,-2.462776619770631
126,14,1.227524189166468,-0.7930092080673306
126,15,-2.162911153280234,-2.65511195163396
126,16,-0.51553586705205,-0.2004410955647424
126,17,-0.03420077988572934,-0.1497159482823396
126,18,2.102541368575384,0.2738164039034523
126,19,-0.9561639342127775,-1.189042310566591
126,20,-3.039946218243788,0.3522363012295461
127,1,8.565761738520543,2.960166322324143
127,2,1.669140093493773,0.2521850008453393
127,3,-0.0206418449548762,1.567122035260448
127,4,-2.888056957704564,0.4444798617816013
127,5,-2.211479960234873,-0.0382907888091697
127,6,-1.053241595569642,0.7946467796710904
127,7,1.414410823726672,2.738096828750505
127,8,3.940954426325281,2.050829898060064
127,9,3.406852233036318,1.446751755647348
127,10,4.257133654459432,1.752776707370352
127,11,2.71239779263416,1.306437026529971
127,12,4.222673857738815,1.811534129608041
127,13,-1.4340034449332,0.5854089283856982
127,14,-2.899329286740592,0.9024270734487528
127,15,1.045084222025668,2.123812005395976
127,16,1.672675261141665,1.088951273036828
127,17,1.213435940696704,-0.03917610597563514
127,18,0.1547902522550839,0.6626691196381493
127,19,-3.137372696898563,-1.024192419464711
127,20,5.242459631007668,3.818828314669928
128,1,-0.4918021345555866,0.9998321561298125
128,2,0.07515790334178263,-1.854849384979586
128,3,-1.118141153908912,-2.979646742645433
128,4,0.1285025626703948,-1.454992068077664
128,5,-2.70841019218949,-2.885118280788602
128,6,-0.4372378698278531,0.4035144114248626
128,7,0.2410214922652159,-1.73711997590096
128,8,1.483877254783121,0.2826853397299955
128,9,-2.339823325891627,-1.720335482129617
128,10,-1.470740522880003,-0.3075915186086331
128,11,-0.1258916010436834,-1.355475706446162
128,12,-2.99191003323812,-1.0928586825974
128,13,-2.262537137269989,-2.718532161410242
128,14,-0.2439528856101352,-1.399074746550503
128,15,-1.622587130872483,-2.250262344584804
128,16,-4.99432217851211,-2.722701150114984
128,17,-3.793083533842187,-0.3975231252881914
128,18,-1.452656052764702,-0.5768527487609045
128,19,-0.7227233545110793,-1.558394865564781
128,20,-0.4634601039881096,0.8780408329792948
129,1,0.224893651505728,2.058173690448642
129,2,-0.2017258726193962,-0.06588997965549467
129,3,-2.007299396264611,0.2665628929157868
129,4,-1.894695153279718,-0.6750989775582596
129,5,-1.166842485971215,-0.5420211012499003
129,6,2.121918472185972,2.398203210930971
129,7,-1.416361351856527,-1.765989074180861
129,8,-0.6569683718498287,1.102881267776871
129,9,0.132431500289453,-0.5333000449865553
129,10,-0.2885069696816749,0.3692019384440064
129,11,-4.663086142166849,-0.6005045351607632
129,12,-5.876726744780891,-0.5698259775636798
129,13,-3.43647212294637,-0.4332255765833575
129,14,-3.159669244258853,0.8805356921229879
129,15,-0.2950639568359079,0.4273374413391191
129,16,1.574539987585117,-0.1284609637497769
129,17,-0.576391582615222,-1.345367656520212
129,18,-0.7668913727057131,0.4942273893654993
129,19,0.121280159149684,1.813486018756331
129,20,3.404070254504862,0.1136266878344744
130,1,3.913977372731332,2.389473716383195
130,2,1.738095241734705,-0.3184663806421353
130,3,-1.184194062747208,0.2225133920566228
130,4,-0.07276018468589385,0.7729120283987146
130,5,-3.874641801745504,-1.009001580733859
130,6,-1.494951742518384,0.03943020220630211
130,7,-1.034179159608181,0.2209334736758654
130,8,3.723231918909977,3.100120349446847
130,9,0.001036606893362713,-0.4922819999661306
130,10,4.865845047362719,3.074720341185209
130,11,4.964747844292591,2.050627500092235
130,12,2.979424654159245,0.4659030449098478
130,13,-0.7429054425478312,-0.9729964140156356
130,14,-2.199224228948564,-0.8725672034877995
130,15,-0.8936069377465699,0.2187271487636502
130,16,-3.147080869304957,-1.308956493517568
130,17,-2.450932660466433,-0.1055602757377016
130,18,1.261341662796146,1.803888296395766
130,19,-1.19621106170012,-0.6243427764458239
130,20,-1.132366417276932,0.5832029066443778
131,1,-0.6405266937993185,1.409303828149868
131,2,0.5637852338761704,-1.21282557578048
131,3,3.603872223752518,1.468257778378486
131,4,0.5119523315268624,-1.449312819545118
131,5,0.06137493300360664,-1.115228310155769
131,6,-2.080364164032994,-1.180105224468468
131,7,-3.160848746321859,-0.9425769517528744
131,8,0.1404545486188308,0.2110432658555448
131,9,0.1452955987921558,0.4720311121264333
131,10,-1.330955280710245,-1.557152463859652
131,11,1.107792910912202,-1.302245796546361
131,12,0.300839229677354,-0.09253684818714097
131,13,-0.606324679794137,-1.190241007828924
131,14,1.240538968618246,-1.276408001626293
131,15,0.7743650760910553,-0.2731010059793031
131,16,-2.982015171999245,-1.813655608491535
131,17,-1.801332316977457,0.4261295192935286
131,18,-0.5907437054824237,0.1971814709166154
131,19,-3.166120572183935,-2.460640155642003
131,20,-3.868492531359951,-1.353630492091051
132,1,-10.30335369581706,-2.134463593245805
132,2,-5.352321336295733,-3.408069088813183
132,3,-3.640030258179574,-2.503494139424123
132,4,-1.814419425365651,-2.535760339431442
132,5,-4.206826047066648,-2.375493831342148
132,6,-5.54000776567633,-2.324451186494966
132,7,-3.632383241257734,-1.7730167394347
132,8,-4.345802672227396,-1.979975638512032
132,9,-6.123867612256233,-1.667892691192819
132,10,-9.50811992479654,-3.481242908503693
132,11,-8.0479820146972,-6.618250286690742
132,12,-4.613831458276691,-1.895052008039945
132,13,-3.524262730297058,-4.841663773026688
132,14,0.009454549142120405,-3.135007939025627
132,15,-3.977921186210223,-2.75722159341775
132,16,-2.566634775680466,-1.056890690031937
132,17,-3.116465316517774,-2.371378936962961
132,18,-1.766887042589531,-2.269187182145881
132,19,-0.1668202170090475,-1.918320790824896
132,20,-4.238047313149256,-1.549629434016997
133,1,-3.272543208411023,-0.3511837702688325
133,2,-4.04297273715503,-1.98266048848096
133,3,-3.52109924755461,-1.774402066267579
133,4,-1.883441846605631,-1.832226976458451
133,5,1.548868712550362,1.024131541294446
133,6,2.054457036934188,0.4145543199736643
133,7,2.806132822003709,-0.2986574088512808
133,8,1.643888268178914,0.5077146452230881
133,9,0.03214304662529932,-1.987315564600139
133,10,-3.813531337446914,-1.547180567265737
133,11,-5.617558563665879,-2.42006850258378
133,12,-1.864040087519161,0.5383179214824892
133,13,-0.1612380780986622,-2.581438084165014
133,14,-5.019496180892392,-2.791260594529182
133,15,-3.818980508164457,-1.503468928590281
133,16,-1.774234978445505,-1.500245000139425
133,17,-1.582989122191263,-1.120310392189329
133,18,-2.470256466486313,-0.8014433642098345
133,19,-2.704062228095582,-2.200840685309402
133,20,0.8752407479597886,0.1501811956803518
134,1,0.5912092794260626,2.453586764323011
134,2,-2.013421520019196,0.05326140742560642
134,3,-2.424014584584252,-1.585076022388995
134,4,-2.216780090557682,-0.6685484885512205
134,5,2.275170365384782,0.6804091783657757
134,6,0.365801119834517,-1.047020308216436
134,7,-0.04974417995091995,0.1644323154047618
134,8,-0.6834354717825957,2.513054135876979
134,9,4.201844367434732,0.9246325803881479
134,10,3.14410839622134,1.940523812947996
134,11,-3.436506868098468,-0.2435488309430564
134,12,-4.647575646116986,1.023054366574147
134,13,-3.665166890368592,-1.900788879972052
134,14,-4.024695495635329,0.1072700297158373
134,15,-0.4728930774030291,0.4332260353548012
134,16,1.984461243173708,-0.1204176647226288
134,17,3.001223079566584,0.778594383499113
134,18,0.724109815405432,-0.7398685931047599
134,19,-2.735594827482674,-0.7084070082450502
134,20,0.9517792149043728,0.4112974741894437
135,1,-0.6079587168733953,0.3505569411178132
135,2,-0.1640146806434947,0.128938770539768
135,3,0.937238609196236,0.1217373658933879
135,4,0.8344590920516015,-0.2790628321118301
135,5,1.17963057433295,0.9694518953852502
135,6,0.9224382949551011,-0.5863158325516972
135,7,1.661131411280059,0.9463629569116802
135,8,1.125891810511101,-0.9662631256308873
135,9,0.3213909903996239,-1.405656546661024
135,10,-1.813180720526594,-1.489251122454189
135,11,-0.8521473364731565,-1.163469812902982
135,12,-1.54272146640385,-0.7043868367112436
135,13,-2.799620850391987,-0.9127853030543136
135,14,-1.713380062676351,-0.7004897586958856
135,15,-4.45571750855614,-1.669922387416046
135,16,-4.934314110622569,-1.058841994877057
135,17,-3.402569731970792,-1.164661974998018
135,18,-4.601323570207626,-2.232852919910211
135,19,-3.371504317930369,-1.758083136475705
135,20,-2.757495138267108,-0.7107651154738897
136,1,1.551910283934395,1.544031864785317
136,2,-1.968445836139789,-0.6318253887774088
136,3,-2.502749123705232,-0.825400220504016
136,4,-1.784508193033286,-0.6011020111082903
136,5,-0.3630903337154555,-1.216802435638166
136,6,0.3593450718030741,0.2330134858547441
136,7,-0.936174328944993,-0.119737949178866
136,8,-1.535031494040228,0.3017015801465378
136,9,0.8111322407249493,0.2219284743610341
136,10,0.1141752043990902,0.8618128926923808
136,11,-4.469957794059638,-2.332213657673824
136,12,-3.431004508659271,0.5935631821623976
136,13,-2.565126344117363,-1.952379905322634
136,14,-5.447107501696006,-1.88286233967151
136,15,-2.25426667272737,-1.424043320603122
136,16,1.169508973734809,-0.0752166223299256
136,17,1.137968419316175,-0.8584173574864015
136,18,-2.780173511541526,-1.981481933284945
136,19,-1.976071193840887,-0.1417410706212673
136,20,0.1132239812558785,-1.222202092009843
137,1,3.734130595113916,1.308034410801471
137,2,2.47878473551022,2.033098763910338
137,3,-0.09449501732902277,-0.6534931612270742
137,4,-0.8257555120888038,-0.05229574375949782
137,5,1.128300875185707,-0.08571943304859897
137,6,2.107931824706441,0.8202268982535853
137,7,1.314771835510326,0.4580345472063985
137,8,1.087557833378463,1.109843594304861
137,9,1.473922925795816,-0.4047379526203917
137,10,1.435075661575721,-0.1108565564597899
137,11,1.53968191156975,2.526847653122266
137,12,-1.082659699394548,0.05670152181037658
137,13,-2.347354581148621,0.001840216655741966
137,14,-5.423252122218983,-1.810671649546814
137,15,-1.088106332585337,-0.01521137500886677
137,16,-0.1308023662418522,-0.05196477914096256
137,17,-0.2436202495183621,0.4209654773102193
137,18,-5.56580588063029,-2.437974452647538
137,19,-2.117672845539872,0.1303545649087151
137,20,0.256760578519445,-0.3483425789349737
138,1,0.413657730750017,-0.2612898501874947
138,2,2.343331446377554,-0.4535067880555765
138,3,2.432249913860338,-0.09182321966770457
138,4,2.36521486294813,-0.3690346052070472
138,5,-0.5002177019024634,-1.280150596012865
138,6,1.889062927588646,2.764515985541372
138,7,-0.8447293999031392,-2.110043005177463
138,8,-0.8934894682117905,-1.253581087429678
138,9,-1.941286020119078,-0.2644265357178489
138,10,1.54180840952139,2.282460180972021
138,11,1.676160151906039,-1.658919983467229
138,12,2.669643947863742,-0.571543499215676
138,13,-0.5052028617585836,-0.4664795439801652
138,14,0.708265828572467,-1.067293488890964
138,15,-1.790986213279564,-0.916603504614099
138,16,-4.003983906850178,-0.2055334882514129
138,17,-3.099922148770728,-0.6257325973676335
138,18,-1.159192010209008,0.4685174790015787
138,19,-0.9994123093376657,0.4092818459161345
138,20,-2.221314332055165,0.2620009414586675
139,1,-1.027280450822062,0.659085243550773
139,2,0.01873995869602441,0.3760009716350988
139,3,-0.8034249848907921,-0.2414265626879596
139,4,-1.763217242950892,-1.697206454655498
139,5,-0.9826359114196523,-0.5426981037200962
139,6,-2.547407317296807,-1.442176764651958
139,7,-0.8976045023691143,-0.08794398880874599
139,8,0.2979367203325274,-0.3735022125468066
139,9,0.3904287413090537,-0.8746084517644845
139,10,1.086780966808806,0.191906638455411
139,11,-1.901701265406867,-0.7232934358331329
139,12,0.4487075909105458,0.6483389255965546
139,13,0.7224904079947534,-0.8935586880709587
139,14,-2.867250329538985,-1.146716615196355
139,15,-0.0103970519073423,0.2407924972348696
139,16,0.2323515741869397,-0.3113051388468423
139,17,-2.234780823764607,-1.265726226283586
139,18,-1.898837019943016,-0.6275154672720208
139,19,-1.516375934889147,-0.9712859343926719
139,20,0.5632525445160935,0.5193832222271852
140,1,1.48964005617581,1.512045099266944
140,2,1.181608394031215,0.02352926079466644
140,3,1.755906424632556,0.3103655919900264
140,4,-1.338015114313601,-1.161430418074235
140,5,-0.2450151953602572,-0.3666897766311064
140,6,-2.768033293043694,-1.361845927393629
140,7,-4.191143965299933,-0.5923765818594235
140,8,-2.07139732323403,0.4296661873373825
140,9,-0.2221476786698836,0.1200882384035135
140,10,1.090903701140436,1.333028682062217
140,11,1.291970054194619,-1.495580478442118
140,12,-0.1249257583090743,-0.7363750577857108
140,13,1.271264627490587,0.4536809614519666
140,14,-0.3842854726401667,-1.097812875310471
140,15,-0.6029099134383373,-0.280019030315006
140,16,0.4293299426185005,-0.7362295994068847
140,17,-0.9039060801815546,-1.61798458144578
140,18,1.195721475929624,1.163554736713063
140,19,-1.507673598947939,-1.307941622613365
140,20,-3.310050480239747,-1.070340809797155
141,1,0.9918773080620773,-0.6855403042644268
141,2,2.18500189450459,1.186748333819809
141,3,2.466324411626894,0.9085695563520471
141,4,-1.103220287115696,-0.6996536413796117
141,5,0.1863314348696801,0.713873309436257
141,6,-1.263746890782206,-0.3614658427657024
141,7,-0.7101938342915657,-0.6556875608342139
141,8,2.982542187871248,1.975680318184713
141,9,0.06596623772170851,-0.1222250585706462
141,10,-0.6454861798767959,-1.056547937668336
141,11,-1.292462583658428,-0.2385017572659078
141,12,1.476340823326583,0.2632230717954469
141,13,1.441881780988433,0.302121950656089
141,14,0.7991668181332532,-0.387568313548983
141,15,0.9596807727629303,-0.3560553632456087
141,16,0.7096838803573144,0.9214163533715602
141,17,0.153081822650489,-0.129933756817629
141,18,0.4613539750416005,-0.6644173899224423
141,19,0.9770400678725054,0.9203371156708762
141,20,1.247301269906283,0.7961862442485925
142,1,0.4325724042747966,0.3252657575535278
142,2,-4.36118690915122,-1.233349476069397
142,3,-3.705781036248292,-1.081387849632211
142,4,-3.238936406699395,-1.399780999746613
142,5,-1.041237511205698,-0.4850123197323526
142,6,-0.4461614483866762,-0.4245681858968957
142,7,-1.246273343927622,-1.218496788529326
142,8,0.6517153235077622,1.421882602761291
142,9,4.482588842531263,1.159575252585332
142,10,3.345648779627458,1.548756871435075
142,11,-1.932422078698678,0.1350770698728612
142,12,-2.577262767023601,0.2208311792624601
142,13,-1.775841479467912,-1.607000660610175
142,14,-3.911353324956341,-1.568785591706731
142,15,-1.539663657000008,0.2147993004004756
142,16,1.146224350354559,-1.510993535633339
142,17,1.344004837824897,-1.458368269721028
142,18,-0.6774556533715725,1.024795196621189
142,19,0.334218337963188,1.45226524562445
142,20,2.351189730527408,0.7820962666713782
143,1,2.79848813936734,3.049022258084541
143,2,-2.901791629463301,-0.8538087357923259
143,3,-2.840751544164181,-0.913205882248596
143,4,-1.88181260904541,0.1778746852037028
143,5,-0.9738924889676733,-1.923716418669787
143,6,-1.683238376939729,-1.01288121442069
143,7,1.066996752036535,0.6147019044660421
143,8,-3.056542868369389,-0.9921511940276007
143,9,-2.853219462786395,-1.96689725632275
143,10,-1.429774740826639,2.384359690040481
143,11,-6.666653066279791,-1.866367404678042
143,12,-6.25003470293256,0.2285796407187083
143,13,-3.195523444683406,-1.124512648312364
143,14,-9.208652830957977,-3.509884274662092
143,15,-3.269666354258905,-0.4991412972923899
143,16,3.421233956466625,0.02742223530019894
143,17,3.6500357260324,-0.1937658301191436
143,18,1.370835976211268,0.6917747531275114
143,19,-2.204448218672353,-0.9195029820954406
143,20,3.585183680221257,1.017677699504689
144,1,3.6261757701785,2.824869390918539
144,2,1.915042557681235,-0.8645790308429007
144,3,-0.1946472263305064,-1.206360500670272
144,4,-1.56339941417561,-1.695847890421702
144,5,-1.363318162368287,0.009966375111647108
144,6,-2.946194777558977,-1.525356827329276
144,7,-0.0897427944242859,0.1071642973301701
144,8,0.7838136437855642,0.1983829088526556
144,9,0.06159218448907522,1.114586726958468
144,10,1.898956710860369,-0.02829154033998649
144,11,-0.6312478750969372,-0.5480747740637286
144,12,-1.821051522472271,1.294456843841522
144,13,-0.7063335464039836,0.3173310738991311
144,14,-0.669077983840892,-1.251615055638214
144,15,-0.3986728132971833,0.07775022662019337
144,16,-2.574756671242024,0.001221231662751732
144,17,-2.104634175428624,-0.0466285378592417
144,18,-1.619495187998653,-0.3465283218339981
144,19,-0.3900813250821606,0.8771649990912427
144,20,-1.023191244195246,-1.456736958051403
145,1,-0.5926633849954105,2.026639450137599
145,2,-1.279335408142385,-0.6488074940121935
145,3,-3.130067975558286,-1.612522756013685
145,4,-3.892307378448532,-1.819198404459809
145,5,-4.674324615335975,-2.039232486588268
145,6,-1.1300958537349,-0.5710356274404929
145,7,-0.254238400675055,0.3585823655775939
145,8,-0.5924736843859297,0.09628592129136532
145,9,-0.8754022774722117,-0.9389405605529064
145,10,0.6149732839395179,1.059361826537807
145,11,-2.994313334394074,-1.566352992136888
145,12,-2.385296622577334,-0.1215160968863457
145,13,-1.850732493687075,-1.634554827371814
145,14,-2.493384382760372,-0.1814519460653187
145,15,-2.005728506066696,-2.070379258653745
145,16,-0.4423351496550649,-1.532515373603229
145,17,-1.816320609833857,-2.447647484342201
145,18,-1.930162815891681,-0.7326692660949232
145,19,-3.456282394550127,0.4180892228327611
145,20,-1.215780357551427,-0.4616005658506619
146,1,-0.4044180617816189,2.039165844933466
146,2,-2.458111887106579,-0.6249318240350148
146,3,-3.168265209065732,-1.745810854217184
146,4,-2.341601682708365,-1.47098355081142
146,5,0.5964508778957014,0.9364040853837107
146,6,-0.6211972224647756,-0.3134216662239814
146,7,-1.725373043715877,-1.105550984577964
146,8,-3.545720310402322,-1.202633131018608
146,9,-4.770080264382091,-2.483461771567442
146,10,-3.734115577793128,-0.08524055168689099
146,11,-1.523127331018647,-0.5880990245541549
146,12,-0.9624875933485202,0.7030103266432719
146,13,-3.970054065203502,-3.883128755611228
146,14,-4.334165256368657,-2.265386665141973
146,15,-2.33395996412928,-1.253599744755968
146,16,-0.4299935404276611,-0.8655062428270488
146,17,-0.2692139720546238,-1.134143283241363
146,18,-0.5987474301036835,-0.7744689964381961
146,19,-1.657302439025985,-0.5649499886949985
146,20,-3.069530080481131,-1.039154233441517
147,1,2.641069056483851,0.8347234596731596
147,2,2.621717171338539,-0.06137629078074422
147,3,-0.8976790347545089,-0.5389380751916115
147,4,-1.301605576981212,-0.3831477121442304
147,5,-2.869289175104365,-0.7208369692577381
147,6,-0.8371261511901215,-0.09886026632306955
147,7,-1.491032268538711,-0.3471279164185473
147,8,-0.5359148276460691,0.4215031238284309
147,9,-3.028310875927566,-0.1124022739398347
147,10,1.757710609409427,2.260840740951998
147,11,-1.804202521810087,-1.423640793073596
147,12,-0.5210748388109937,0.01990232990934929
147,13,-4.386197840800333,-2.727580980682096
147,14,-2.595080515903587,-0.2875285969050976
147,15,-2.793843604842014,-1.307424928029871
147,16,-2.785496536171015,-0.6596553875839627
147,17,-4.455978404610743,-0.8804936544978059
147,18,-1.971044842637096,0.1087910783967055
147,19,-1.064639195610064,-1.045156702263662
147,20,-1.91741306045066,-0.2504865578099299
148,1,-0.4959724981820224,0.3990672907249291
148,2,-0.2754927418405719,-1.314536419589472
148,3,0.1968907185464794,-1.218548082026591
148,4,-1.495562783874609,-0.6535365885522045
148,5,-0.1953066890415076,0.3065133522864609
148,6,1.239103877358185,1.023479261286084
148,7,-0.8172876432120036,-1.579025970269589
148,8,-2.1764527440002,-0.9233401057220745
148,9,3.267024559871317,0.9095557567813344
148,10,1.15126847210411,0.9041565951713485
148,11,-1.88812563743657,-0.6481047571495258
148,12,0.3790753664246,0.25937707573082
148,13,-1.226504630821514,-1.481821465102762
148,14,-1.3537573810472,-0.4330911172110792
148,15,0.0855403257873294,-0.8263108128450073
148,16,1.415812664148716,-0.4106059219543656
148,17,-1.065244126484818,-2.317041104222186
148,18,-1.249109953762056,-1.157950067716107
148,19,-3.319273426050184,-1.467442686195036
148,20,-1.790167756006706,-0.3276366180090716
149,1,3.7213267150944,1.328289787624601
149,2,1.952180452288935,1.211737970550649
149,3,2.35136420553302,0.8783557475932441
149,4,-0.1293118493738055,0.1913451733045213
149,5,-2.308353377682233,-0.4583077074948586
149,6,-1.660167172370366,0.5621615643788718
149,7,-5.600983821188766,-2.123394269243626
149,8,-3.285423203221864,0.9171796841658919
149,9,-1.81565955946401,0.7147460005962301
149,10,2.192438430411938,1.162308831616809
149,11,-3.804237274625935,-2.932879017508346
149,12,-3.535972880518441,-0.7081992921112247
149,13,-6.167121046156407,-1.428711913297251
149,14,-4.549591550981443,0.1053798857330858
149,15,-3.371783722946653,0.5704915421064511
149,16,-2.085301130127528,-0.07823789556204222
149,17,1.310430430852116,0.6001472355540001
149,18,-0.1228209727325839,-0.7250113953908426
149,19,-0.4539698385331946,0.5912002490920374
149,20,2.750591704264931,1.292892272840467
150,1,4.075480515137757,2.693681282513979
150,2,-1.275517757917537,-1.320471530752966
150,3,0.4010987450938207,0.9155038046476817
150,4,-0.06068937757130344,0.9155343036550528
150,5,-0.1032672803584887,0.4544073584491103
150,6,2.951203723833765,2.429465734298396
150,7,1.4501632453414,0.3647092680501653
150,8,0.01734520359156616,-0.6062680999391921
150,9,0.7747935860420352,0.8480954528425221
150,10,2.09263628614492,1.391502496494523
150,11,-2.077380990928436,-0.4450739127675871
150,12,-0.8380477022875239,1.248791772082368
150,13,-4.133962891819274,-2.230490414413094
150,14,-2.558992559857782,0.9220835622131853
150,15,-2.876779245887406,-0.4791732849156297
150,16,-4.301368436662491,-0.7751644464815391
150,17,-4.723888600326969,-0.03112729113107725
150,18,-2.542760861267356,0.851999690182049
150,19,-1.009630162677832,0.262685089217827
150,20,-0.3751915882683179,0.1932867844545538
151,1,-1.52829437800222,1.214213014399118
151,2,-0.3548391257529068,-0.7825641332552962
151,3,-0.3796694148735132,-1.325248064273343
151,4,-0.6709990426593598,-1.259352552132732
151,5,-2.425263065565183,-1.683081205638874
151,6,-1.229040742974131,0.03210068491310114
151,7,-2.73095401238282,-2.574942224412657
151,8,-0.02360738159214515,-0.4192096454602625
151,9,-1.197394211931442,-0.3713335835755015
151,10,-2.219346342243256,-0.4678974449819164
151,11,-0.8094803755157897,-0.8867427774592146
151,12,-2.50944269914027,-1.731934962970115
151,13,-3.244346131974061,-2.944485425059003
151,14,-0.726652525165592,-1.247599650144018
151,15,-3.298322915600857,-0.3383354326299326
151,16,-5.542849707735613,-3.080917482807025
151,17,-4.75396440982375,-0.8111153896536409
151,18,-4.906991490525553,-1.540008244178731
151,19,-0.9320264224076511,-1.509878567623822
151,20,-2.56217948320064,-1.819405479278912
152,1,2.943171489223305,3.421633684224888
152,2,-2.422865181542147,-0.7113022371021098
152,3,-2.866999051307016,-1.832622612602305
152,4,0.2919996117675979,2.310253847419125
152,5,2.210538234279831,2.556609302704711
152,6,3.394744528822206,0.977394889872997
152,7,-0.8374862364450214,-1.164912164757462
152,8,1.957411697866666,1.731368416801014
152,9,1.181157821435459,0.3325292206786681
152,10,1.841886876416601,0.9912105265722604
152,11,1.511526216820652,1.010268234012774
152,12,2.542759257343072,0.9671941369753183
152,13,-2.734816367148281,-1.7910536043401
152,14,-3.537632685465906,-0.4356387454145008
152,15,-1.247982401892304,1.017687802248247
152,16,-2.645685687312638,0.677620355937589
152,17,-1.465571974879273,0.3023005104319526
152,18,-0.8280360859709591,1.310036171511355
152,19,-1.028445402866256,-0.30536950729579
152,20,1.081874351983498,1.072202180343081
153,1,1.985343183313498,1.768981862260486
153,2,-0.08180115969006992,-0.9587466618809102
153,3,-1.207458439653731,-0.3280519341840082
153,4,-1.397635044922633,-0.8239794299886867
153,5,-1.169048411617174,-0.4372740667917545
153,6,-0.02007240855335776,0.3397833163183065
153,7,-2.53490685096552,-1.838570758135681
153,8,0.6680993290644675,0.1770925664346767
153,9,0.04323589993568483,-0.02665838729729098
153,10,2.449928784327154,0.6024222304287387
153,11,1.010957093316005,-0.730640405134556
153,12,2.305515181444142,1.140058125465345
153,13,-1.063738270203743,-1.589510288812752
153,14,-0.1352804623300345,-0.5141899441153831
153,15,1.161677859120193,1.023213366906399
153,16,-1.210734143568974,-0.5426270470937884
153,17,-2.16260965600266,-0.3758718370650184
153,18,-1.060103182195282,-0.3503904598854527
153,19,-0.6688474810281828,0.6630982334790273
153,20,-0.4791465711790943,0.005188802931667569
154,1,1.284173977966382,1.980152760609238
154,2,0.2011366835508595,-0.03945702434277179
154,3,-2.868194990964606,-0.9486720181452137
154,4,-3.971187716342141,-2.560694370470615
154,5,-4.086440458343277,-1.041036196135506
154,6,-2.098952211099132,-0.09608254167092684
154,7,-1.29731924821865,-0.4772885377854258
154,8,-3.155916201325955,-0.6973107582055278
154,9,-1.004624140054554,-0.3860787416072078
154,10,-2.641965347150361,-0.3625809206087813
154,11,-5.177764181406922,-0.3457951424427539
154,12,-4.206046890350783,-0.7760571200626616
154,13,-4.128738677723585,-1.789928531497685
154,14,-6.969236230399578,-1.755366123123732
154,15,-1.452835391655825,-0.1327510037849497
154,16,-1.38937147957429,-1.034864818221894
154,17,0.3092381156287218,0.6112830209468403
154,18,-0.6758910686183243,0.4466783019263239
154,19,-1.013883285211132,-0.3492895694642344
154,20,0.8805138413849313,-0.2397382740218452
155,1,-0.1852888687135805,0.8254002300608548
155,2,-3.660848661906526,-2.041329538780237
155,3,-2.710447079187848,-0.1585564557263222
155,4,-2.421891123750687,-0.8103479686051541
155,5,-2.688944700302654,-1.328371247768064
155,6,-2.634158016798433,-1.398815169181841
155,7,-0.8122042509019879,-0.4091642773573887
155,8,1.203755756043915,1.237599203620601
155,9,2.651076882552053,0.5190868288674311
155,10,1.165646173265908,0.6545187276078449
155,11,-0.8430496315348204,0.0882773932150886
155,12,-0.1267478891432156,0.09922568681387126
155,13,-2.494150468293147,-2.541342507265817
155,14,-5.271646919859554,-2.038170366466262
155,15,-2.122915728125038,-0.3530132263080703
155,16,-1.919268238906689,-0.4996647237437955
155,17,0.1919925498745852,0.3848870436699505
155,18,0.4565440273456475,0.6275378698999465
155,19,-1.363018073163915,0.1551009253701325
155,20,-0.3201552550996257,0.1068701211365371
156,1,3.976356135697767,1.838814528913769
156,2,2.282175383032556,-0.6908802373887676
156,3,0.2089879935709263,-0.6723195654359602
156,4,-1.112518105726946,0.1397315228914395
156,5,-2.582898956707769,-1.336026938297615
156,6,0.8200969817172518,1.143711232828357
156,7,-1.104108729559694,-0.5212150971928717
156,8,4.521250451837981,1.355414846878262
156,9,0.9097155112350015,1.163322253024983
156,10,0.4531916602805479,-0.8071764737252476
156,11,-0.8321939600918272,-0.7040554832179515
156,12,0.6817593993857465,-0.4609924087369825
156,13,-6.245112152711138,-2.656250769296676
156,14,-5.707414633499311,-1.381714197440316
156,15,-1.465665208966044,2.559506607953861
156,16,-1.7853370903436,0.538593918846632
156,17,-0.7412468188983163,1.719287793780852
156,18,0.3988214144490333,0.967427546155448
156,19,-1.3252604110393,-0.9237797913853794
156,20,-1.4296243093596,0.2734770975515878
157,1,6.538435858487771,3.245676056438211
157,2,3.718081663944562,0.4957336651215729
157,3,1.101235784245095,-0.4177791479398161
157,4,-0.4307093724521076,-1.303257792330485
157,5,1.115300163568986,0.3882115407401295
157,6,2.884189028199073,2.462584892908868
157,7,1.398920362735675,-0.06363776332374277
157,8,2.486490249137665,1.6938995255831
157,9,2.434065442237156,1.42509536442618
157,10,1.969658472442124,0.9611364859676689
157,11,0.2431730653571145,1.572785285643135
157,12,-2.554980505220882,-2.135210297162513
157,13,-6.356597233599186,-1.687357914847359
157,14,-4.617845167042562,-0.8858980494750159
157,15,-3.498350826915856,-0.322549092064519
157,16,-1.492028549435601,0.6442621419344368
157,17,0.1469381408086858,0.4709527963433495
157,18,-0.817821200057098,0.9112348464264695
157,19,-1.204894849735934,0.7930600318699323
157,20,0.04061031333826645,0.08405889319433069
158,1,3.176081717656666,1.950462961099259
158,2,1.199109670567066,0.7067728688646806
158,3,1.022836670490553,-0.3415000070311243
158,4,0.05432944821882776,0.3993695382608667
158,5,0.7265698500381893,0.8274259408121787
158,6,2.696477797793857,1.856612458853199
158,7,2.018141077904733,-0.5160045761453717
158,8,0.8990563531504483,-0.1902239682082187
158,9,2.671426411571557,0.1173449062427152
158,10,1.939812591114221,0.1208486992469517
158,11,-0.3610745304058428,0.6647169840703228
158,12,-1.26307676163309,-0.5445225209592108
158,13,1.458916579406349,1.712187114042715
158,14,-0.2380436162531696,1.169440440356404
158,15,1.99394732255201,0.353520032302395
158,16,3.384581254201641,1.019172015645727
158,17,-2.760219527065532,-1.612108539122134
158,18,2.114696118344953,2.884395937550229
158,19,-2.005634802686646,-0.5494577425638343
158,20,2.066865606493018,0.7574443803398305
159,1,2.42999610154428,3.09480660563182
159,2,-0.1244729159627201,-0.5324920463922994
159,3,-0.3254156215086096,-0.1160650859649474
159,4,0.6574234777528201,1.136224724740169
159,5,-2.312439317637253,-2.329398212761203
159,6,-1.497166343095246,-0.3940601342984803
159,7,0.4842310565980187,1.078423231499713
159,8,3.345355849495356,1.367690888587769
159,9,2.510683904238836,0.4699692896903631
159,10,1.454392329462233,0.1626059486421412
159,11,-2.494544938169494,-1.258997936005384
159,12,-1.634419390407124,-0.4513850570679635
159,13,-0.06122109001773479,0.4497806995659284
159,14,-2.914141672942596,-1.232328327415483
159,15,-2.967378052533931,-0.03503099010105151
159,16,-1.584570342641424,-1.079328339256785
159,17,-0.3031037255542697,0.3900691382448943
159,18,-1.457642591679718,-0.6551018912385598
159,19,-3.019808177716922,-0.5342352375605491
159,20,-0.75079344265535,-1.282838555846426
160,1,2.514879380466027,1.301038494998916
160,2,-1.328025615057996,-1.324089350479403
160,3,-3.040104923315705,-0.8310039554917574
160,4,-4.884291462713144,-1.931630926820878
160,5,-1.857152137480194,1.139681873023543
160,6,-1.413604811491469,-0.4885597369407854
160,7,-0.4114195239800847,0.05305572855004415
160,8,1.211270802636158,1.542428310899415
160,9,0.08627203748622424,-0.6414600607414357
160,10,0.1920977543163052,1.054393795733672
160,11,-2.018010932739877,-1.49609695021477
160,12,2.978575797505817,2.496768672997719
160,13,1.01315153566577,-0.250678844926517
160,14,-1.27195159840652,-0.8853235353113176
160,15,-1.54883389562568,-0.9981191435200484
160,16,0.1328949492018576,-0.5284487055250406
160,17,-1.749915112007783,-0.881520072496027
160,18,2.455702820164082,1.747737484817013
160,19,-0.6810052131327238,-1.751007527911412
160,20,0.6252790792059988,0.4465135421962281
161,1,2.916627682320962,0.2128474072323818
161,2,2.14572349193906,1.43347332552957
161,3,2.454942367915049,1.352912969145319
161,4,-0.7089522218421846,-0.3633253404365859
161,5,-0.69990993384758,1.277788411317243
161,6,-0.05725512079351147,-0.09548928466651124
161,7,-1.945908243527986,-2.093425294088777
161,8,-1.352568637710745,-0.3248979957780661
161,9,0.782960862317576,1.837058332672487
161,10,-1.15341451260202,-0.7196437139961502
161,11,-0.6689407712510378,-0.217424767224408
161,12,1.10197911420943,0.3342078433786845
161,13,-1.546866079719522,-1.450968377356514
161,14,-1.422112440014454,-0.8871738502331894
161,15,-1.727271463855786,0.09602856775955532
161,16,-3.313748799701456,-0.7275496484657042
161,17,-3.646060201042257,-1.714530001158002
161,18,-0.7353793244689469,0.2588897199153994
161,19,0.1043381413396674,0.7969586229028993
161,20,1.096681636591658,1.430349483713883
162,1,6.369046198407231,2.476240644533588
162,2,3.388359957799781,-0.7960082465881073
162,3,3.129255933301496,0.6914352164215497
162,4,1.546604024070729,1.546012739268357
162,5,-0.7534760442883088,0.07305570009948206
162,6,-0.9354076327096015,-0.3818717674409571
162,7,-1.976787102111987,-0.002773585249983751
162,8,-0.05898616907706489,-1.497990864754163
162,9,-1.210517507663854,0.7356675316155247
162,10,3.486968351210283,1.51471738827508
162,11,6.810602473153758,1.749697045700838
162,12,4.353422986289459,0.397075958483025
162,13,-0.9916897383670087,-0.2385019942310539
162,14,-0.8441338177512722,-1.013933551770798
162,15,-3.685989372340519,-0.04164088599054822
162,16,-7.811366703982207,-1.399565942181997
162,17,-6.437799971105355,-0.1962543242621284
162,18,-2.301236285978433,0.02955542446455639
162,19,0.1813338152857155,0.3137986075580008
162,20,-0.3586505076237676,0.2281868857390004
163,1,-4.080314538660163,-0.1840725157990339
163,2,-1.702065552922346,0.6493912818410632
163,3,-0.7774625520182326,-2.078243619532941
163,4,-0.8492017955968523,-0.9314248094927746
163,5,-0.8724378028430585,-1.877245486848179
163,6,-0.1818331772535049,-0.7388090976987375
163,7,0.2296420247398137,-0.8916135775889986
163,8,-1.165748141592756,-1.59269589932493
163,9,-0.4396697294677196,-1.989533679883572
163,10,0.2048299137318267,0.9741264117121202
163,11,0.1205829358372285,-0.6885326466186386
163,12,-0.471296644971566,-0.3654432236293325
163,13,0.05240624781477798,-1.606897332624321
163,14,-0.8887363872056294,-1.440256254443542
163,15,1.537215072888758,0.5853757543398845
163,16,0.08643114418093525,-1.577658497012353
163,17,0.5019978996227616,-1.171388629147684
163,18,-4.076611245453487,-2.863234643980602
163,19,-3.867468450565549,-2.557548138491847
163,20,-3.730974725915103,-2.096221527133112
164,1,5.146808040250916,3.56749793531808
164,2,-1.369402569633948,-1.321893329586611
164,3,-1.849712943835636,0.07820775141077724
164,4,-1.900866671649044,0.2050344133908246
164,5,-0.3137401358498468,0.5995811978980274
164,6,1.712325948958504,1.265492197974934
164,7,0.1944858384737739,1.012070749086991
164,8,3.273870000965463,1.028789292314862
164,9,2.714496762821264,0.3685094730007361
164,10,3.811039687532263,0.9926571534723136
164,11,1.167570810910603,-0.1996515626775712
164,12,2.572425551599659,1.716417562882024
164,13,-0.8871376824843875,-0.9557123243485307
164,14,-0.9951894503840878,1.031929147128856
164,15,-0.1050669820473066,0.6715888042999095
164,16,-0.06250578040104349,-0.05783182487042071
164,17,1.655555775946446,0.9547460002707501
164,18,1.556708747820116,-0.05478585923448898
164,19,1.259013263649947,0.9905863697028259
164,20,3.537589412848654,1.402313374768932
165,1,4.307363750851553,2.74881919959809
165,2,2.526083142012515,1.017975382846873
165,3,1.685242275097624,0.3513650860215871
165,4,-1.777618488278812,-1.605114753400727
165,5,-0.2088614599578533,-0.8096481117061312
165,6,0.6564753335920013,1.191217821987412
165,7,-1.735701686402213,0.04203775674412789
165,8,2.42237300361368,1.155385497259757
165,9,1.9559222761442,2.064337052415206
165,10,4.328303886598341,1.777628376788059
165,11,2.071506508869122,1.322096324530321
165,12,-0.2787067956750049,0.6749015074526039
165,13,-3.882656291015151,-1.46505364292974
165,14,-2.293030401309198,-0.2213622416670138
165,15,-3.375391073909178,-0.5008162122523836
165,16,0.2506253118759019,1.673063818184873
165,17,1.019688803101323,0.7780757404888006
165,18,-0.125455100199003,0.8445264415436247
165,19,0.4185060725337052,1.239691410629432
165,20,0.6369397892126524,-1.179123281519362
166,1,-3.890001443184838,-0.1930808453165194
166,2,-3.114124974299496,-1.981314636135653
166,3,-1.269241958253744,-0.6562741994621479
166,4,1.657466676441239,0.4199013280522539
166,5,0.05181354830589592,-1.198557913463886
166,6,0.331242802344541,0.3563311087029435
166,7,1.52792338781016,0.04533375024316832
166,8,-1.202348573323594,0.4492438127564077
166,9,-2.049970126175058,-1.00427788992714
166,10,-3.842686912372284,-1.12043757495994
166,11,-6.713382178014986,-3.225320682208447
166,12,-5.656568255744207,-0.7636036168051099
166,13,-1.539571784919343,-0.5607338322077164
166,14,-3.553925307102991,-2.368645302539198
166,15,0.3319179751934251,-0.07683778633907112
166,16,1.823063302350265,-1.916366903964038
166,17,-0.4485909394937792,-0.9872259949844215
166,18,-0.1705492435791204,-0.04917767625422798
166,19,-1.668243869918208,-1.73673046376169
166,20,-0.426503598319996,-0.06956542162381313
167,1,-2.857333171029122,-0.2688081486285532
167,2,-3.678670374304757,-0.7248118856887338
167,3,-5.263461326844512,-3.030724656674164
167,4,-3.075309269431238,0.2017748805594761
167,5,1.265429196926672,0.5288223746031433
167,6,1.865798782277599,-0.6239197735783679
167,7,-0.4178827160411374,-1.244705027773706
167,8,-2.491239600829058,-0.2837161041811524
167,9,-0.7934653185155188,-0.4869769548066581
167,10,-1.077889857847139,0.2518550569356002
167,11,-0.2253178609986934,-0.3054690141516079
167,12,-1.9596039681487,-0.5193174748440145
167,13,-0.04081731457326765,-0.6415559017849166
167,14,-0.8357029422931398,-0.6444595451447797
167,15,-1.937983139727405,-1.229939084223291
167,16,1.072148594188397,0.5229702893991117
167,17,-0.5273287662567835,-2.297483561986566
167,18,-1.092400304499929,-0.6950631057235417
167,19,-0.2012272080496293,0.04375436965938639
167,20,-1.477327818409577,-0.8090512117256914
168,1,4.976171025350084,3.888414090666288
168,2,1.250724289196872,-0.4746178227287628
168,3,1.102565356804413,0.5012634013748155
168,4,1.284634878050657,0.4550541062275133
168,5,0.8518677052378758,-0.1167781953910509
168,6,2.356285253617369,1.130935559182792
168,7,1.403542289869224,0.08659454332019154
168,8,-1.068955422848428,-0.914298633640888
168,9,0.66323445678624,-0.1565605538793671
168,10,0.9514711885310547,0.2268399880042519
168,11,-2.845638288349427,-0.6107364097590393
168,12,-2.747174464389729,-0.9359845470551753
168,13,-1.297514878507771,0.2563942641003184
168,14,-0.1599098628867911,1.226295084960329
168,15,1.485769634837226,1.069737090264752
168,16,3.829383947052881,1.173096598359156
168,17,1.283954586006467,-0.5691516602552364
168,18,0.09393515071587688,-0.5244443772711027
168,19,-2.376406651333715,-0.9870403256107941
168,20,1.017990686350332,1.272796568760675
169,1,-2.170406947330892,0.1967028184000879
169,2,-1.603730301454749,-1.321247556411924
169,3,-4.120500133426779,-3.511349807247266
169,4,-3.47499531629495,-1.498989021516759
169,5,-2.61129652459557,-0.04029839542985236
169,6,-1.234071972759841,0.103885744376471
169,7,-0.8921447874727202,-1.642903249418264
169,8,-0.2934944191353739,-0.4371952731788131
169,9,-2.705084610557918,-1.367925117231837
169,10,-0.860471287979041,0.000678928513451138
169,11,0.922480907524745,0.4036437601505607
169,12,1.958359842299619,0.3490447382257799
169,13,0.216454492851981,-1.336717842133518
169,14,-0.4376546273276792,-1.856055177217361
169,15,-0.8360505132864856,-0.1458001879693772
169,16,-4.230383740901411,-2.771782272341599
169,17,-4.99491668888464,-1.46434300041853
169,18,-1.812866488566606,-0.2919488176416751
169,19,-0.2490097930118921,-0.4555047599318899
169,20,0.03002293463184158,0.3111434408386345
170,1,-1.175115893903974,0.3875314631526343
170,2,-4.413723147085402,-2.033953526143823
170,3,-4.00058747438148,-1.865577910312662
170,4,-3.220272163722138,0.06080260118314718
170,5,-2.277200659184485,-0.7872352698040921
170,6,-0.7056904735353362,-0.5728081010195346
170,7,-2.823110903353551,-1.364619626902121
170,8,-1.783924985751268,0.09895925856471827
170,9,-1.429250363114047,-0.5531706716168441
170,10,-1.408679012090147,0.07683102141707981
170,11,0.8082431233861321,0.7109048341758456
170,12,-0.1417176686489163,1.416607187421115
170,13,-2.166332475524153,-2.96948885077669
170,14,-2.905303713841498,-0.5375325637321079
170,15,-2.772749618134716,-1.174555709577031
170,16,-2.29973634263111,-0.8351114648710617
170,17,-0.2261747917569772,-0.4046661633423673
170,18,-1.308777660223522,-0.5903351844379672
170,19,-1.671471931984169,-0.4674211233934308
170,20,0.989567979447264,0.8122741266133882
171,1,1.403418923994007,1.829125899240754
171,2,0.6601982597284305,-0.5836082044324021
171,3,1.052078204522908,-1.947663976753977
171,4,-1.101699315624644,-2.452039799900951
171,5,-0.4261354271570856,-0.5739754348511785
171,6,0.8883049986955771,-0.7218541077745222
171,7,1.289736955818952,0.05673864519002836
171,8,1.187306649842853,0.5458998736900296
171,9,-1.798961004682778,-0.7121966150613945
171,10,-1.059091120097923,-1.021619801578022
171,11,-1.493735143263904,-0.3415535868007046
171,12,-1.764651135037388,-1.353228583348754
171,13,-5.663870757931625,-2.331801143571643
171,14,-3.853268887968174,-2.058411075863305
171,15,-2.406561338854956,-0.7500646756686764
171,16,-1.410465741352699,0.369461940287509
171,17,-1.12732706807346,-0.9328554614656749
171,18,0.7070219968168843,-1.034704002707828
171,19,-2.101128461743543,-2.437365976839393
171,20,1.36218106478858,0.4775584625382293
172,1,-0.8108157919477427,1.199255245416243
172,2,-1.464814295398126,-0.7818646627463106
172,3,-0.7154596217457803,-1.117137643896859
172,4,-2.404219697192048,-0.9425913838371074
172,5,-1.799938222887142,-1.624978920184628
172,6,-1.33862620923086,-0.4556995568319667
172,7,-0.8509917151772275,-0.1709191259708598
172,8,-2.568954620434172,-0.3916484348537806
172,9,-2.509149285926584,-2.041279802510841
172,10,-2.747361682836051,-0.1783208654542677
172,11,-3.657278655253869,-1.764169310008782
172,12,-0.2442277867580742,0.09013544915418359
172,13,0.2703969989909659,-1.096221527354296
172,14,-1.99182700863786,-2.579491672828125
172,15,-0.825984681274712,0.3057276067595222
172,16,-0.7570953194199816,-1.754638405155555
172,17,0.02254162816840233,0.7896459891462613
172,18,-0.9842985195387105,-0.4819832848746929
172,19,-1.166541413194227,-1.999866255427255
172,20,-1.922082101411006,-1.058273902978239
173,1,2.016932095430907,3.227572906491825
173,2,1.736395392361862,-0.640060814182228
173,3,0.009776707232471323,-0.8342225935457943
173,4,-3.178026032762709,-1.813082741222608
173,5,-1.90575136770041,-0.4867620459141874
173,6,-0.2919598508649611,1.377575064308288
173,7,1.744231073942319,0.343166170847687
173,8,2.802694261203779,0.8242535146389245
173,9,0.887976776182801,0.1885857389498432
173,10,0.6176930234297928,-0.05267699729244552
173,11,-0.4346407082181387,-2.132679895537763
173,12,-0.02668514397656821,-0.366545501173322
173,13,0.08214487397255521,-1.639436277267538
173,14,2.12221870642083,0.1395715099300074
173,15,1.057649893388367,-0.1324008033619863
173,16,0.0831061874874931,0.981353542027412
173,17,0.1721105009817603,0.4394463567029447
173,18,-0.1708813592396605,-0.8782085118773115
173,19,-3.63677993422084,-2.537107835507101
173,20,0.6441045494474213,1.480781519656784
174,1,-3.889631563394279,-0.1939656240390178
174,2,-2.207292657522688,-1.340034349598017
174,3,-2.957399772498864,-3.004671257550879
174,4,-1.633642254892725,-2.925128723538433
174,5,-1.176168451410095,-1.308312164311238
174,6,-2.091704089100124,-0.3787558677320308
174,7,-1.983862331099098,-2.622623957561627
174,8,-6.539564230456643,-2.671681164259224
174,9,0.6419100827685466,1.618025114763859
174,10,0.1970703368364102,-0.2191101064477186
174,11,0.240021259643419,-2.25780036407469
174,12,0.7105143329816843,-0.6047553275824437
174,13,0.5130900684435068,-2.83630131625488
174,14,0.8185884512938244,-1.350345914447643
174,15,-1.832466567823031,-1.590677921852181
174,16,0.02804237187099012,-1.847965961515159
174,17,-1.286731144478625,-2.179903925372614
174,18,-3.239127445959479,-3.177374109642902
174,19,0.2870843432360612,-0.1121636133006885
174,20,-4.427648471915558,-2.154607508359037
175,1,1.733046244001421,2.249791601053877
175,2,2.205982049547728,-0.2376616138345725
175,3,0.8954494234228221,-0.3335740234820342
175,4,0.6714182322987187,-0.4710677093059059
175,5,-0.6715706129410131,-1.010968708596283
175,6,-0.7119518151199451,-0.03700928473726028
175,7,-2.369335170409713,-2.12437521927189
175,8,1.395523613398027,0.892171917463527
175,9,-2.563182407623527,-3.487225147412447
175,10,-2.848479280717068,-0.1277343644170593
175,11,0.7788713638381526,0.1119277462974142
175,12,-0.3161467937808518,-1.875826165287827
175,13,-0.9959286733068453,-1.350236397468809
175,14,-1.154211422826945,-1.936440878672059
175,15,-1.465131582762241,-1.157046013362474
175,16,-1.724440978102206,-0.03146852758849683
175,17,-2.025938280345794,-0.906436759801878
175,18,-3.166992454985816,-2.802520272609377
175,19,-3.856903985721641,-2.064855680970629
175,20,-0.6838731389683527,0.7240905182522639
176,1,4.507447936969718,1.467826680611795
176,2,1.757123376792093,-0.6918767629048661
176,3,-0.435859747390044,0.605831319916351
176,4,-3.211597863794442,-0.01692052147572623
176,5,0.7605250042350578,2.65913353448841
176,6,1.825886762790342,1.039844906002208
176,7,2.99890847065273,2.134128864520049
176,8,2.944433521883621,-0.1879417592018502
176,9,-1.724878788512565,-0.918400076875014
176,10,1.647686511512737,0.1984064731487512
176,11,3.694576510859461,1.519239128356526
176,12,6.297816501527031,2.603220935790969
176,13,1.09034613884609,-1.173118191282374
176,14,1.725463538744091,-0.3571628840966697
176,15,-0.4185692250266674,-0.5981460806301848
176,16,-3.612844242471486,-1.429971757590402
176,17,-1.364397220130241,0.9729955898455214
176,18,-0.4221630615876374,0.8139334759930688
176,19,-1.278413723106263,0.2811354191907648
176,20,-0.8547114243309536,-0.2922241760439559
177,1,3.827442335161598,1.932042409644045
177,2,-1.655887667043765,-0.7756818035873421
177,3,-0.6004430138872168,1.52136022546274
177,4,1.972544432271535,2.463261927670413
177,5,3.934603876311831,-0.320938421370524
177,6,2.920239268118749,0.8120091531996481
177,7,1.126181439439186,-0.1269779647703951
177,8,0.7801333622410315,0.1784836308069391
177,9,1.087126039497747,-0.7215289497005857
177,10,0.3054684201515067,-0.3107477264606736
177,11,-1.821315145604234,-1.349759263276947
177,12,-1.914489479113599,0.7080880269920979
177,13,-3.835141007193114,-1.454884560187857
177,14,-5.781644881678027,-3.019161049132125
177,15,-1.946784704819934,0.4714217055261551
177,16,-1.663444358688722,-0.2008645375906527
177,17,-0.7488632768401212,1.056985548815556
177,18,-1.248289757623484,0.4197642254674329
177,19,-3.401212896225306,-1.75229750444789
177,20,-2.277241678362767,-1.666115624265039
178,1,-2.142611711635345,-0.3743906720473892
178,2,-0.9190546537139301,-1.000278301119502
178,3,-2.508334821835753,-1.9839519493651
178,4,-1.133423720002275,-0.448347414389614
178,5,0.08056435224422284,-0.08745157080803001
178,6,-4.352992193847884,-2.30328966453634
178,7,-3.848016284766463,-1.912331180301143
178,8,-3.212899549651102,-1.881249510559536
178,9,-2.258701452252027,-1.211721091450225
178,10,-2.480846715561765,0.369762597999083
178,11,-2.836026643596113,-1.316083428819355
178,12,-4.020506936355146,-1.146544572113728
178,13,-0.8463442570884554,-0.4946668880606273
178,14,-6.035708240120263,-3.605358704477428
178,15,-2.66825079207146,0.4038020455565127
178,16,-0.822716953179697,-1.566524881171528
178,17,-0.5530715633910759,-1.227429795587925
178,18,-2.696142088113306,-1.34035484223323
178,19,-0.3350888514762078,0.4096308645119806
178,20,-2.04793694419444,-1.527050813229862
179,1,-0.402845621081356,1.546160080353673
179,2,-1.577297836558287,1.008421901381001
179,3,-1.59640080828798,-0.4839037377574496
179,4,-0.1604262537107901,1.285181032831359
179,5,-3.07172074343464,-1.4427421173296
179,6,-2.404338890978623,-0.06315728361918255
179,7,-3.324859092942705,-1.099900409574184
179,8,-2.779622665086667,-1.149417482989885
179,9,-0.5743647063066788,-0.5449886490530047
179,10,-0.04341878725225029,0.6891031286046829
179,11,-0.9746287615028668,-0.1923782518749525
179,12,1.311064122380414,1.970853746311948
179,13,-1.085356771200074,-0.9731890463362223
179,14,-1.566982897254666,0.2068221706124616
179,15,-2.664561816778334,-0.4097887028487515
179,16,-0.9784050025266934,1.013005911250538
179,17,3.421160616793961,1.606315398926919
179,18,1.108881397925371,0.07528052527681312
179,19,-4.382728772371013,-1.768729357664734
179,20,-3.215754666896362,-0.4876904403877866
180,1,-0.4253613478116924,1.480303463848933
180,2,-2.671179308798457,-1.721377174410632
180,3,-3.239353994435776,-1.743359445185093
180,4,-2.284483651027012,-1.005146181651452
180,5,-1.730250364548149,-0.2937226205922406
180,6,-6.271506079183988,-2.612810116321167
180,7,-0.1394626588490921,0.2276094064626822
180,8,-2.638349478419602,-0.6574442177933826
180,9,-2.3591370734882,-1.822322704592378
180,10,-0.590926743745778,1.114170074245322
180,11,-1.393174311650411,-0.8388967153962915
180,12,-0.1660713548873297,0.9178970399987938
180,13,-0.0009077660595769865,-1.098374557230879
180,14,-4.451986967478138,-1.043499440166053
180,15,-3.10017642731767,-0.7272831982787362
180,16,0.437882601365297,-0.2810072327967719
180,17,0.2888718823087301,-1.304335449621334
180,18,-2.745243138661133,-1.407047498596489
180,19,-3.228003097341495,-0.2648315237093617
180,20,-0.9039023455733434,-0.1820435632059003
181,1,6.350509299623648,1.578630753770514
181,2,2.962781512459182,-0.1600117753341802
181,3,-0.799581506873102,-0.0608085620378962
181,4,-5.260778293964201,-1.487890915283731
181,5,-6.095158464167593,-0.368636956410521
181,6,-4.195554619445848,-0.3463244435764166
181,7,-3.545392848284417,1.798661862345588
181,8,2.244984940283417,1.733815053638805
181,9,2.195838686819147,1.57369778390025
181,10,4.497828253499207,2.04023437956433
181,11,4.080112955643882,0.6299877925853198
181,12,4.428200444706556,2.440710500574669
181,13,-2.81123852935069,-0.8687905707133802
181,14,-3.699389019940101,0.3429836233780296
181,15,-0.585570744278039,1.450804479754535
181,16,-4.286108729111722,-0.806630319980047
181,17,0.1630516146497454,3.484083610559538
181,18,1.721090895195159,0.7523897581565886
181,19,1.849777525507021,0.545547709440579
181,20,3.531277915192412,2.497621215142443
182,1,2.135690803175857,2.176899258159041
182,2,1.349319766818561,-0.3542103656181086
182,3,-1.38435581697943,-0.7431545611010658
182,4,-2.609949406935546,-0.4149005006200231
182,5,0.9607534344472037,0.9120654915014093
182,6,3.898831583672939,1.382823333422777
182,7,0.2181469310258547,-0.667178543321373
182,8,2.74696273609371,1.003629429117865
182,9,0.938633097742591,-0.286427904805711
182,10,0.07337013695670502,0.6057060506567936
182,11,-1.559692067485702,-0.8900701391038739
182,12,0.9751187209221543,-0.08118189726153524
182,13,-1.336783516709334,0.2037352277672042
182,14,1.147937449873846,-0.5508318114506121
182,15,-0.4375620171947901,-0.04053876631810349
182,16,-1.549518551459474,-1.812205794182709
182,17,-2.521194968777874,-0.8013161200165744
182,18,-0.8472289013538357,-0.3970578351665593
182,19,-0.6556656791840427,-1.305152153379252
182,20,1.180342198441037,0.3828416683702514
183,1,1.809959751164382,0.7338556321652728
183,2,-1.796209806617485,-1.028461807100165
183,3,-1.798877740242385,0.06442367328236448
183,4,2.389525108216585,1.800867213284765
183,5,2.787059413134815,0.7565608284944342
183,6,2.740395624690901,1.520094039496529
183,7,0.4067255694153382,-0.6207953648027856
183,8,-1.673917911977922,-0.3664325170442784
183,9,0.8735414025318584,-0.8746622202534404
183,10,0.3058081358228259,0.08154774961645755
183,11,-4.025073739276618,-2.471343217628606
183,12,-2.729323648634623,-0.6264701281553074
183,13,-4.422580309504577,-1.699962024750723
183,14,-3.242024380327783,-0.8206251600930933
183,15,-1.742084284255727,-0.04608519203153347
183,16,2.060869348146799,-0.004551173207544279
183,17,0.5472419250967153,-0.5090116117352086
183,18,-0.04465716694839683,-0.7392000446729914
183,19,-5.888301863841464,-2.441381338109771
183,20,-3.452711898080291,-0.2161463786435093
184,1,-0.7849370338692132,0.4845919769568308
184,2,-1.334827625422207,-1.277211128310228
184,3,-1.635745197637081,-0.5021227923627337
184,4,-2.944330033294193,-1.381740280849191
184,5,-3.181516814260836,-1.157900435199798
184,6,-1.229044765553386,0.3335277706697517
184,7,-3.449950908006836,-1.959979270061603
184,8,-3.65633889659567,-0.8003098459888205
184,9,1.58190023876479,1.934118995632664
184,10,1.402389117239559,1.003177214665622
184,11,-1.479083167422418,-1.191243455344524
184,12,0.1372136701140143,0.4905449743859592
184,13,-0.5244976086002726,-0.5983977103207826
184,14,-1.132167646952724,0.3230281157754539
184,15,-0.1616203165722987,-0.3311106498520879
184,16,1.279093034761852,0.5833763423232021
184,17,-2.282918735198029,-2.558652082790954
184,18,-3.206472215152818,-1.24018440742252
184,19,-2.615946176112147,-0.3402706117243273
184,20,-0.496320258902185,0.6626764439495432
185,1,0.3602776167610439,1.833731360507383
185,2,-4.04300543980293,-2.779397622200547
185,3,-3.528376910843453,-2.460006952759844
185,4,-2.106082007949048,-0.06103004012942281
185,5,-4.818277282248514,-2.234160263047864
185,6,-3.492393361663667,0.1739811512312386
185,7,-1.589379381041972,-1.262972353139613
185,8,-3.897963984108548,-1.244546140620603
185,9,-1.018153508373372,-0.2263361140929289
185,10,-1.028519812653472,0.2887263754637607
185,11,1.178484326889299,1.209653265072342
185,12,-1.357513109567628,-1.00849059236555
185,13,3.188278485834664,-0.1816273511876616
185,14,2.366146920299466,-0.7749726738798932
185,15,0.007094616261409448,-1.320985785887493
185,16,0.83829817891961,-0.04988418688186513
185,17,3.988576589282246,-0.4104763374042527
185,18,0.09027816949405665,-0.6040422660381407
185,19,-0.6292882148695087,-0.6938559409695828
185,20,-0.611905457383295,-0.7199534038532032
186,1,-0.2526030147872723,-1.403510848390155
186,2,3.374922440772608,0.2448847235553731
186,3,-1.090816033418402,-0.951501754799418
186,4,-1.51832923330641,0.6442071009973163
186,5,-1.752622193845862,0.2602325991244936
186,6,1.021095432384294,1.495459485619173
186,7,-2.648914269901026,-1.395598166374345
186,8,-0.04733285434364976,1.388950217540541
186,9,2.676823681039855,2.128791548528438
186,10,2.216790809526225,1.450772247084598
186,11,0.7911712612684529,0.4885806970737667
186,12,0.7267702525555432,0.3848393639707876
186,13,-2.715575973223591,-1.547485176416686
186,14,-0.08445596507344622,0.2327178598428146
186,15,-3.267400907995131,-1.567125739341335
186,16,-3.967320210250654,-0.6679646939144132
186,17,-4.58471429692627,-2.148350568789873
186,18,-2.376880019314287,-0.7446208628057592
186,19,0.3646654159028369,0.2808148698888686
186,20,1.566444004251585,0.9813480788183053
187,1,4.640423393586865,2.692007811678072
187,2,1.451165545172044,-0.030173538401852
187,3,-2.607856765472761,-0.4186975148803217
187,4,-5.264115992082251,-0.2432637066071501
187,5,1.327239886455318,3.299306897240705
187,6,4.184074305042449,1.451441209181319
187,7,1.813534840771727,0.9938591988471086
187,8,0.3344487033106164,0.07215435756458177
187,9,0.614997831008127,-0.8768647704395907
187,10,1.951461878873456,0.8115142882218258
187,11,1.505101303300807,2.080380257778154
187,12,3.824468467516192,1.493470137840301
187,13,-0.6566419533314811,0.5197316797809984
187,14,-1.913166492016235,1.154044510531295
187,15,-0.2817919991633973,0.2915607754503832
187,16,0.9781402868914387,2.081708999167699
187,17,-0.9924932402209328,-0.06614838148694457
187,18,0.05522016915103434,2.309220857959804
187,19,-0.1744391947478973,1.025024918318576
187,20,0.4447927662988223,-0.3691374674605521
188,1,2.11286134716835,0.4156967483373317
188,2,-2.635369850832821,0.6424376665966649
188,3,-2.830035073978973,-0.5722601081839028
188,4,-1.092442194165355,0.8299962576469568
188,5,1.299706585075236,0.9978929189048937
188,6,3.790959783644026,2.274427153643626
188,7,1.257567878090298,1.027193893650447
188,8,2.315048242758297,1.87247167859853
188,9,2.678363358209618,-0.2144983414130451
188,10,1.868950451809068,1.922263657602763
188,11,-0.07722691944104088,2.098346192301325
188,12,-2.809140987553367,-0.04174500650135748
188,13,0.3494079165592672,1.208585110435334
188,14,-3.260326941346298,-0.6461613895004674
188,15,0.06500708156127155,-0.4813508594296841
188,16,3.094741171041073,0.4776540889207985
188,17,2.844917160847201,0.7702798642356763
188,18,0.9199655163973027,1.302448853041146
188,19,-2.889707848801895,-0.8913294282183373
188,20,2.757914222731238,1.34215801441169
189,1,5.050406523855216,1.742704458696173
189,2,1.177940333679619,0.0552857569890142
189,3,-0.7511450699654919,-0.4620385232269226
189,4,-1.298363893103961,-0.1103194418628693
189,5,-1.985177957076441,0.09960898292317588
189,6,-0.4378058416084051,-0.2031077510034286
189,7,0.7183437329598505,1.637463855723343
189,8,-1.079548902645221,-0.8700129668515444
189,9,1.371744576850618,1.007843835836676
189,10,3.875232409639599,0.8519934083124905
189,11,1.501978940319663,1.865640591924541
189,12,2.129786030649339,0.8226833753013927
189,13,-0.4024749598452027,-1.116144844557251
189,14,-2.861900665218368,-0.5096046228158727
189,15,-0.476155265484636,0.2454409540578127
189,16,0.3060816673891593,-1.126423175512679
189,17,-1.944706730306289,-0.8775862030932834
189,18,-3.162001128591271,-1.559331366205215
189,19,-3.21841675808199,-1.017630031901468
189,20,0.7007378748041466,0.8364382727356106
190,1,1.679184377883077,2.396231461607869
190,2,0.4719786499791938,1.948083095057201
190,3,-1.100228855116362,0.08415039772240773
190,4,-0.6023547609951805,0.7192869798253461
190,5,2.671047394000605,2.351047543783736
190,6,4.024535331244864,2.107478751391659
190,7,5.150433512631987,1.270666167932101
190,8,2.932167405265348,0.4733740560394721
190,9,5.96662011484127,0.682076350911972
190,10,3.441006824493174,-0.202164253698174
190,11,-1.156118004509827,0.6266441805249565
190,12,-2.819534022954635,0.9191999563687583
190,13,-2.493715562363674,-0.5699331795160765
190,14,-1.579105437032853,0.9282183665632301
190,15,-0.932659095908216,-0.8393195601845994
190,16,5.966192031609707,1.814151373345815
190,17,5.017055230936366,0.9539690126666577
190,18,-1.253840104736796,0.3178996260364138
190,19,-1.656288675124764,-0.08046171864302204
190,20,4.771270823711053,1.386064009025501
191,1,-0.9260048902438355,1.404306800043917
191,2,-0.3536938697800019,-0.1781030359276462
191,3,-1.438344853597035,-1.386472291535449
191,4,-1.318045287372107,-1.528820331779766
191,5,-0.9287138413728883,-0.6465077448097116
191,6,0.1937250324361964,-0.04145334612280638
191,7,0.2213362372846215,-0.1165873915078739
191,8,-3.373704071100983,-1.914619271692886
191,9,-2.287576356669009,-0.9378489325954542
191,10,-3.789771739830375,-1.362221905303069
191,11,-1.635280426704673,-1.333522067246521
191,12,-1.785788676818274,-0.9917450766695037
191,13,-0.9757754836015601,-2.050377326318619
191,14,-2.935178270790913,-2.309028877533821
191,15,-4.035229713980206,-2.529144098711291
191,16,-6.247765481407312,-3.325458572273095
191,17,-5.350036016616183,-1.489285397282126
191,18,-4.76050776559226,-1.452777067888211
191,19,-4.393298549510444,-2.017979363373115
191,20,-0.4699460288116717,0.8176916888649075
192,1,-3.223097904932088,-0.5744123333545261
192,2,-1.141387199434709,-1.382493590282007
192,3,0.08795003226860443,-1.47625031807538
192,4,-0.7674158421717135,-1.971873888105006
192,5,-2.116349466341134,-1.537324492892437
192,6,-3.521334046524236,-1.388530865299304
192,7,-4.286679751396878,-0.9021262992228818
192,8,-2.441333352287692,-0.4992879802014454
192,9,-4.112931786595578,-2.546247548726518
192,10,-4.976961662431545,-1.910056261753371
192,11,-3.084365673353882,-2.142222334392564
192,12,-0.2310038812906753,-0.6340007940664483
192,13,-0.7970997183512647,-2.460838587707987
192,14,-1.497921261533415,-2.75770452872883
192,15,-0.2818472787240536,-1.385603837960917
192,16,-4.277367143378315,-2.167099694263349
192,17,-1.781611904602542,-1.082886911976039
192,18,-1.853391007715055,-1.293985656171109
192,19,-1.476364011369278,-2.262588015204317
192,20,-4.528647523902284,-0.8786061311031765
193,1,3.479243275048203,2.231060098066098
193,2,3.169137396777099,-0.2203165567431395
193,3,2.905203135448088,0.2136100757398292
193,4,-1.918101451795511,-2.749059361641954
193,5,-2.767730227837635,-1.217414223259999
193,6,-3.171826058042891,-1.105430139398239
193,7,-0.7873566582654506,0.3470134392224262
193,8,0.08133221411412184,-0.5985375088339202
193,9,-0.1536043870812601,0.3027180906562251
193,10,-0.04363296730619515,0.6568472193504002
193,11,0.01213334270760325,-1.729698918073145
193,12,-0.4965038596022256,-0.9373401926913734
193,13,-1.734663257265856,-0.2946223753275372
193,14,-4.003371077050724,-1.869580831834049
193,15,-2.639114465326614,-0.5017988890347295
193,16,-4.801739148624792,-1.598374525610983
193,17,-3.610016971651568,-1.256869623659493
193,18,-2.861968369325752,-0.6527500997515896
193,19,-2.75412977166238,-1.709720402593125
193,20,-3.866276211011889,-1.050115921676981
194,1,3.122200542695703,0.3657045041481379
194,2,2.552343028810858,0.2700614667704059
194,3,-0.4107569489810345,1.544901122811174
194,4,-2.310365091809213,-0.04266552264209722
194,5,-3.896899587212306,-0.01951251312854352
194,6,2.744478522376082,3.496761691692805
194,7,3.050734296253721,2.354784743238324
194,8,4.318173192805567,1.665848267607392
194,9,3.456705470218614,2.009554990389486
194,10,2.933162934971731,-0.6916122960610473
194,11,1.395840252387405,-0.241610577502902
194,12,3.787883642072022,0.5929929891470276
194,13,-2.971553443243742,-0.4110873199739413
194,14,-0.6852690285208616,-0.17070935908833
194,15,-4.291756642729087,-1.763359945711287
194,16,-4.708028305967153,0.9835242244592897
194,17,-3.7833356307795,1.014069536572243
194,18,-0.2345257462339938,2.408643480843632
194,19,-0.7104446875373093,-0.3018303120353294
194,20,-2.152231580418658,0.4535007195622666
195,1,1.888047005188615,0.3096252999224491
195,2,0.7031908663547226,1.227846311330008
195,3,1.505888755477081,0.8329417204102008
195,4,-0.001711913896553341,1.359456533906166
195,5,-2.011461560066924,-1.792681251679102
195,6,-0.558292851428761,-0.5719620384625358
195,7,1.632597550710989,1.10544729596946
195,8,-3.725670437647604,-1.600969115739774
195,9,-2.750992900574434,-1.658017838365675
195,10,-2.384734540716643,0.1238120189508393
195,11,-4.21901797501256,-0.1842686644866273
195,12,-2.509589991219965,1.732972619734255
195,13,-1.859360731608104,-1.282576452272053
195,14,-2.844710796899624,-1.211207802413606
195,15,1.677361320281612,0.1758529672667874
195,16,1.103974089357641,0.1448927728104314
195,17,1.942537359830354,-0.01054808577279182
195,18,0.8054412062156484,-0.293444834932394
195,19,-3.642662520794361,-2.390810477413215
195,20,-2.069080456882713,-0.5161554279988627
196,1,0.9148617761035467,0.7496263297152391
196,2,2.383159562094162,-0.8017003005309323
196,3,0.7265097355378101,-2.51810075883917
196,4,0.1622000709081916,-1.113681921058808
196,5,-0.1639324137100536,0.09397452572063703
196,6,0.6456217536965321,0.2466446303836549
196,7,0.9991012447318899,0.7441605686062561
196,8,-0.8989717498114067,-0.3769127163079187
196,9,-1.980125144278826,0.04574638454530477
196,10,-0.4434514681769722,1.014852140785353
196,11,2.760494773526581,1.576586713995764
196,12,3.924524385565188,-0.1044948039796294
196,13,-0.15552761657595,-2.531505557388467
196,14,1.674925614101739,-0.1450477421765346
196,15,2.57983561970271,1.340182544356067
196,16,-3.237962396777308,-1.037260261893341
196,17,-1.428009563006011,-0.0007142105193969073
196,18,1.702468876865857,0.7232615870651214
196,19,-0.5750749960240007,0.1913333392923385
196,20,-0.545739647329918,0.1370112423982977
197,1,2.840033928489928,1.700587041090206
197,2,1.750659806990464,-0.7835181126694086
197,3,-0.8634640480796433,-0.6837845536202753
197,4,-3.306700045082538,-0.7034285354461973
197,5,-1.643450141428644,0.6742445963031773
197,6,0.6628137417292868,0.2172927365180211
197,7,-0.6165201626410376,0.5070586657489493
197,8,3.485093680129848,0.930735710600223
197,9,0.5029759159789603,0.5888244477305127
197,10,5.532859786917214,2.068818464163336
197,11,3.600862291328879,-1.426800644699772
197,12,3.184098558127106,-0.2635828720666015
197,13,-0.1647972895906734,0.734840951112907
197,14,1.280050804502273,-0.791432466783302
197,15,-2.312940243787074,-2.881807972180457
197,16,-5.562338697784619,-0.4588193654768226
197,17,-6.06416031920826,-0.247995689624781
197,18,-6.435655866878129,-2.663719056257228
197,19,-0.3730574944938692,0.9670639645479152
197,20,-3.722957162848003,-0.2433992146031004
198,1,2.010129184212595,1.667404389538223
198,2,-0.4111921293154102,-0.3306995215836047
198,3,1.737108043452968,1.449290517461147
198,4,2.820500491155365,0.1666635670872556
198,5,4.166256602796086,1.415293451145567
198,6,2.791955825661979,0.7205697642186865
198,7,-0.6444797244390978,-1.066490156568803
198,8,-0.5706539213627777,-0.1389007509414852
198,9,0.2128672405212828,0.2197784481858165
198,10,0.8655843486972112,0.1539917326654718
198,11,-4.129438820858288,-1.315351718690118
198,12,-0.9521530102102516,1.510536720918972
198,13,-3.357809613296723,-1.473808465118739
198,14,-3.196853104152024,-0.2964037635112788
198,15,-1.706725211505436,0.3289687625024325
198,16,0.05893941781647716,-0.7444846927580706
198,17,1.722732365914882,1.167383701412144
198,18,-1.10494123418378,-1.064228245139194
198,19,-1.789528744681121,-0.005726956867826871
198,20,1.122641904383341,0.8159504105305206
199,1,1.428643760608008,1.070026370488987
199,2,3.466304702189185,-0.4474351561192784
199,3,1.93737541970592,-0.8423606701293603
199,4,-0.3808981303379202,-0.1050958519843771
199,5,-4.925337672656696,-1.238627715984128
199,6,-5.53691151367167,-2.265967980940481
199,7,-3.572402662385924,-0.2820180725413554
199,8,1.122220006377495,0.897513291473973
199,9,-1.558383700121686,0.02842413870871824
199,10,0.4732909646373513,-0.3945018585302388
199,11,1.120197225587827,-1.87766572001952
199,12,2.511763876994793,0.2688539091412454
199,13,-1.387763319644229,-1.322222753131577
199,14,-0.374579251073347,-1.095152450731952
199,15,-0.4238134878852085,1.320535203839595
199,16,-5.584604931920741,-1.637894973389857
199,17,-1.533388511075363,0.9568579444598466
199,18,-0.424034286916578,-0.450065890834965
199,19,-2.223864396728103,-2.637686009090496
199,20,-2.871227430166928,-0.1441332619362273
200,1,6.147269533801325,2.48352915930525
200,2,4.123343880676578,0.2974881940927557
200,3,2.782718029639557,0.3118750987857018
200,4,3.575308923029175,1.020497037067461
200,5,2.57713646252656,1.39400364888659
200,6,3.322312551754941,2.006694319909416
200,7,1.652335479910023,0.02970921078342127
200,8,4.671018201272842,1.205915345987747
200,9,2.185081609897107,1.666865711395388
200,10,1.99422374184789,0.3632819128445367
200,11,2.152567277059354,-0.3198011647286002
200,12,2.364439611937343,0.5316623511975567
200,13,-1.706201515447989,0.1771663427363105
200,14,0.7580308266482242,0.6870816384681544
200,15,-0.08844884330271552,0.00847706047102334
200,16,-4.25853312202196,-1.458435022765081
200,17,-3.356235617756634,0.1692741784515026
200,18,-2.912034769038404,-0.6588966222108519
200,19,-4.789651233469804,-1.550782426036689
200,20,-4.30627644138313,-0.4875328575276487
