Country,Year,Capital,Growth,Labor,Wage,Investment,Ide
A,0,0.5737664089934411,1.189975587942462,3.4645163065777185,1.5062887192711862,1.425110847877234,3.9481397697012
A,1,-0.2780457366856571,1.807135852331463,3.166686752908558,2.2299724931832676,4.494013471074686,3.221151423154886
A,2,-0.805318473736514,-0.195598826299607,4.425449023379257,2.2856642914540113,0.33006362515626475,1.0457824115731489
A,3,0.6785683079688742,1.01774769415903,1.5783745862961147,2.68634268305169,4.935299241506915,3.997186452538372
A,4,0.4588621848679469,1.096221159709326,3.36847000890706,1.0637057743300395,3.217869991214418,1.1866345304180654
A,5,1.760410125498417,3.156600123811958,1.936064881400327,2.8336568268038174,0.5113555911974155,2.114659865420679
A,6,-0.139865815947552,1.91050041267965,1.8244927941398452,0.8229024610491631,3.6319707995462216,4.332800904547509
A,7,0.1139794187583001,1.096198117907063,2.8441348621871625,2.3975417862161286,1.5473457896782898,4.0265502863773195
A,8,-0.1672830631238296,1.308458162508879,0.7867537677793437,4.845609167782181,4.560828842131706,4.506162768829867
A,9,0.6200744662184141,2.400960861374005,4.026369701355105,3.0532979476329714,3.9139999365316127,0.21820334908991673
B,0,0.1053134505851109,-1.674302841178143,0.2494803845347045,2.4107296164877976,4.677450875358786,2.674337343431389
B,1,-0.1288476831305641,-2.258943929363142,2.8935579218299905,4.737457319540663,2.877401045060351,1.1149466500785228
B,2,-2.332970800913323,-5.370392038789626,4.551810210035875,3.696986661138756,2.378522833598453,4.194911591978607
B,3,-0.9175596124155744,-7.544552337498605,0.4327353692474949,4.683714070897704,0.25260605403227,4.2218833304093435
B,4,0.4647912930623215,-5.044647143435007,2.0722278205875737,2.160645563765481,4.098172864134733,3.088703877743013
B,5,-0.3757207982206349,-3.808667975182311,0.6859437567536111,2.857893456346242,3.5082751974543087,2.1050101354019337
B,6,-1.153353631529151,-4.036025288045412,3.0911430469350742,1.7509181581579236,1.7888078480520848,1.4622630863134072
B,7,0.5010982916267819,-5.060506664079618,2.7238469799931213,0.9807989182734844,1.5945487371223894,3.744218068181839
B,8,0.3160207958561647,-4.224545198638744,3.1603608358519684,4.515025488463649,1.6811747859239323,2.577651839619475
B,9,-1.33825491094725,-6.913887214791558,1.77273094724318,1.2341891357795012,3.275562755130872,3.422918050863338
C,0,-0.452182329320395,0.0224156434769387,1.4904571981804764,4.842411241726185,4.843279843269084,1.3942150679804524
C,1,-1.364842119480389,-3.150018492337164,4.436738323251356,3.044661669451617,1.317318652834452,1.4448193817533983
C,2,1.93029220151618,-0.07591332545038809,3.6841914335359705,1.788390586598809,4.0624824482739035,4.824961404233982
C,3,0.6105967627101189,0.403259457861078,2.3604647417263247,0.8802997664625296,2.3199063336167836,3.4516459175040035
C,4,-1.000882243268737,-2.444880073155335,1.8255352910689844,1.041001110925531,4.372300281437311,4.481620419771556
C,5,-0.05670324440921637,-3.630615191409249,4.516369151403309,3.1167263347515615,4.11719324207693,1.4269813459279481
C,6,-0.6392130792531546,-3.324908962582665,4.724133278504089,2.4045098187511083,4.896661048250948,2.0311509088399426
C,7,1.078681011688843,-2.961864206102526,3.2771594468536467,4.483757123460975,1.7297107450531943,1.3775984121468052
C,8,1.404042855975829,-1.536939197443575,1.9103075384000643,1.334764718880068,1.600335289975913,3.6258356645518766
C,9,-0.7079878666062358,-2.956921003278982,1.665378850177088,2.963914476894863,3.1596235939332824,4.41333363471644
D,0,-1.519249454263677,-3.96630169751125,4.728047705101159,1.0330326281319266,4.2541808228708575,2.386611443940572
D,1,-3.733367208254509,-8.56668652386949,3.0006643786139677,3.930228873217779,2.656646028823157,4.742892910696899
D,2,-1.36823864730407,-6.977662303305028,4.100333457399992,1.2836624977134279,2.7943619564383635,0.3342177954155149
D,3,-1.620248648123069,-7.014097766446772,1.6551142407524981,3.023217893011004,2.3065553627676376,3.3374086800428713
D,4,-0.1413545674696803,-5.844375850392614,0.7695927855251543,0.32578247792455156,3.3236794111053913,1.8633058926260135
D,5,0.0216982151055331,-3.763146818692032,2.2323555104474813,1.1146287933103847,1.5136036873853205,4.9103424035817715
D,6,-0.758614349099019,-2.661081013496664,2.6615421575930927,3.326372205375203,0.31806196678345094,1.9028774946977878
D,7,-0.4174364031454619,-3.172886171610851,4.8073593972549675,0.8008760591272022,1.7093490623738368,0.8369100072477118
D,8,0.3350377941924177,-2.946043894157112,4.519446871210885,2.479842454060244,0.20863598764583602,3.630609471546619
D,9,0.7779108664725289,-1.614898329837035,3.1069071668629458,3.4188033489695204,1.944090001252345,1.6041548742285157
E,0,-2.578138065708669,-3.30891070479257,4.825506088984528,4.972888239605405,2.519608864519354,2.4844082619627623
E,1,-0.01668695310998232,-1.665007613141891,0.967224590191448,2.5380618812345626,3.0334125487449493,2.3399633915628715
E,2,-1.107397791060533,-1.222501511437467,3.087283836078114,2.378060471358753,1.1127117246452196,2.2292596628733743
E,3,1.241843801349088,1.05073966010836,1.3112474962383387,2.146157431683058,3.445339496114468,0.4507035497451053
E,4,-0.184229934897734,-1.343157536881696,2.3188562057109134,0.7599352664184245,4.20221620349032,0.5490755621802805
E,5,-1.278704861228929,-2.479678363447161,4.487316935856954,0.8402618170320346,4.65954527387222,1.219713326865016
E,6,-1.205176828812133,-3.21967641646753,2.8891736500876117,3.2294318034736382,0.8902536202960412,3.8365163617655025
E,7,-0.4113235732937007,-2.050442436632325,4.725991704493238,1.1314308585754096,4.384649048467471,4.497169460184205
E,8,-2.012421104847347,-2.248922448615349,1.4721516481132673,1.7878011860233671,1.7887602909132472,4.523153858480143
E,9,1.084323377163567,1.125350957481566,0.4212467537922139,3.507038744178242,4.977873282617325,1.9955992372010858
F,0,-0.5203272865241673,-1.537542585770414,1.7646832631082694,0.661113177957876,0.3587660718814204,2.4974674685449347
F,1,0.7213888334132522,-1.469302259223867,2.3853761870202104,2.833293065312327,3.9666746962571766,4.774377459790212
F,2,-0.5235732085231791,-0.7770831796571234,1.897706321334547,3.588485324138157,4.7504477590196394,4.123109535743353
F,3,-0.4708344789847791,-1.172655828634799,3.4230127956390715,1.1495901246571956,4.901432896097683,0.5844115382042456
F,4,-0.8726995024451284,-0.7604168641320153,2.9087876165704194,0.4656228850566498,0.908127306951565,2.375088654712017
F,5,-0.859926561989335,-1.481778641243848,1.8065124488554527,0.8262428129697423,0.865122744932999,2.6085901515434604
F,6,-1.760540305424855,-4.080931323982471,1.383999561378405,0.2407988849466296,4.306424956526635,0.9939343050825797
F,7,0.3294095014575424,-4.144474824184262,4.153840296093605,0.49469461996154573,1.989740363887683,4.394515325605821
F,8,-1.474017973280857,-5.843726798377178,2.8813269865378373,2.3306986631946613,1.876071423411086,1.454779287666515
F,9,0.45520160212385,-3.106338238751761,2.775370650681634,4.177791513690766,1.1985875429611872,4.006980721154066
G,0,0.2135350076816996,1.853488748207887,4.591307480947242,4.952418502843208,1.4517850369906595,4.844446592239655
G,1,-0.3447841953196225,3.179691953030935,2.1786774369103945,1.2832881352473908,1.989022518821344,2.719464715418237
G,2,0.2532522429899774,3.447586217509303,4.92939054862256,4.789109402883027,2.9980151901193963,2.196687700155499
G,3,1.180522620631088,4.669872323520957,2.5706248390095583,2.2711354775167862,4.587639805248341,4.612376610811672
G,4,-1.497767558870195,1.517756933338254,4.036149345827138,1.4106806310959457,1.8984902545043203,3.0030243475358644
G,5,0.2309048823594504,0.4330261681221754,0.5709565629670103,4.688943139499122,0.6003027124258897,0.324473139826525
G,6,-0.4246812552689196,1.264213948051242,1.864435612752024,1.7584920854262436,1.944799200604566,3.6107341846434116
G,7,-0.2741435499531404,1.450958200083153,1.4373598558374814,4.423622318697792,0.5280788413460684,0.7545539427248147
G,8,0.5844053101804941,1.9396074615107,0.27473247584875865,2.1368589854827764,2.5511439596541132,2.7839770407255933
G,9,-0.4697504169029931,1.669399542992535,2.4576431775696723,4.744124347100265,2.0139829788231975,3.32551939935689
H,0,0.1991676005649685,-2.37210709999421,1.606021009348177,2.8637315731719997,1.905911944165728,2.370784453627903
H,1,0.3272176011386882,-2.732299982136405,3.851671927221261,1.094967479522838,4.723249185258501,4.012573632938762
H,2,0.7768607991122964,-2.577532428079441,1.2960454955050584,1.2565213861426374,3.4646947213281405,0.8914576634288311
H,3,-2.108628929353324,-5.543828910894367,2.4574436271686753,2.329378805755696,3.4141093259108715,0.6883892343343259
H,4,-1.406780378926619,-6.460545440019378,2.574637898372799,2.0427375055914885,2.112859794964685,3.416530739930924
H,5,0.8729982822592262,-5.518492748683861,2.872917541226298,2.505849827946775,0.7009659536086372,3.7934554851683955
H,6,0.8065965396317408,-5.981614812443934,3.7726276238643157,4.091520662710764,1.9711304683647957,3.86860607071252
H,7,-0.5322043660749513,-6.112794368317573,2.1988963528721355,0.32776000341980716,4.074425630286906,0.3407135677884515
H,8,-0.9412758866007652,-8.66981906203481,3.8832646441914505,2.984836306205136,4.625405386829969,3.595380656684916
H,9,0.8216650290502432,-6.345294524589199,3.607261057833679,2.7675372574048507,0.8021075076206468,4.08051203724188
I,0,0.09595613177568663,-1.974609899473285,0.3720151102605529,4.02602892864869,0.4159942811773709,1.7350740516356433
I,1,-1.884775628273482,-3.263635020635823,2.520110090443109,3.4086404393176064,2.886630466284372,2.6526977101418696
I,2,-1.308617226191457,-4.707080616888617,2.8225289338620683,2.6179462050580975,1.7005582559109507,4.262764644811609
I,3,-0.05588488831266158,-3.172419162836672,1.8851164348185596,4.858765936755746,2.7196338472693093,4.980223443390417
I,4,0.6861775842720949,-2.245286521340035,3.9867188359635657,0.717721568664583,2.1676127371726928,0.4114928093067016
I,5,1.701052504639829,-2.43793773238329,1.637045059513569,1.6934597035954368,1.154353268660633,3.893361106095597
I,6,-0.01765591130047844,-1.913039602579677,4.914806658621786,1.084632538889149,4.559190873535273,2.4450764604742554
I,7,-1.695937850520344,-3.939346683924592,0.6612691328871956,1.5915487321977566,2.1221859117341477,1.5926661080004523
I,8,0.8428414376079826,-1.665040004582799,3.643737093896627,1.6659540324966118,3.0888013294565764,1.066201319638022
I,9,1.321658633907914,-0.7972232720167405,0.5294608785840088,4.5830862342180145,0.6157089430936503,3.9032739197465043
J,0,0.30572461367352,-0.4860532845841961,0.48822836698771505,1.4605270426326113,3.0507463735554112,0.9419059024752858
J,1,-1.385433022661899,-3.483601304806299,3.2258837791652946,0.8849697689171314,4.924423152028473,0.21665993028814975
J,2,0.6633278257663381,-3.274884714609121,4.740800421694649,1.1074259287391055,0.43414593446955224,2.5904115284491236
J,3,0.4342263004478927,-3.202242385419293,2.1600635978194913,2.664056930206318,4.871027224516587,2.1317375569038486
J,4,-0.5977296040743465,-2.668880595179548,3.2216375518166305,2.9627546930808006,0.495681834596075,1.7559986992848096
J,5,1.220114161437087,-0.0739139010636205,2.924318500331102,0.21498730248238102,2.5904978418107563,0.7708396061679661
J,6,0.5946796917874345,-1.499830299862151,0.6807378783308737,3.2408173633869914,0.978840042604679,3.5849264769101237
J,7,1.720314114887734,0.4271472957395265,4.290269847179478,4.349253496658076,3.16319500224063,3.0254324052284103
J,8,-1.151287684172307,-3.960473148530882,1.7355845651533675,1.0185298037607446,4.009166927317729,3.6598591314186146
J,9,-0.9551741467254635,-5.460666568502241,0.3770611042343065,4.700912012079012,3.2393380542162413,3.300088306807275
K,0,0.7478845939878753,-0.6168114593689668,0.5887599595414159,3.4346001813952505,1.543065310397707,1.4716791635379893
K,1,-1.886414847701246,-3.488068121595592,0.8572173948281183,2.8284220124263615,2.527170495702256,4.797258157242942
K,2,-0.3532149039727846,-4.215341864295654,0.42537790010991827,3.6524251864704045,0.6899240263642765,4.405261693789773
K,3,-1.16352717129553,-3.303368621848511,4.08301719903072,4.61374686828623,4.730543154505034,2.1703159912183057
K,4,0.9583424233956721,-1.685755610492922,4.803827088223409,3.2227139087773384,2.2812682653916254,3.755499759711466
K,5,-0.06834281680860665,-0.9430629005100213,4.741501457911531,3.6002712957549354,4.600385172974191,1.8109733939195243
K,6,1.613819578708226,1.159349930409589,3.730437864035721,3.005532220163436,3.7578713911958124,4.552670633928496
K,7,0.6242212529417938,1.20426327539923,1.7371864313236005,1.2750059817513264,4.523988581224927,1.7818697128981889
K,8,-0.8943386419867431,0.4085095494280246,0.5030700128120342,1.9099975379715382,4.9587693503764845,4.208504516880881
K,9,1.389861588956109,1.03112203620694,1.3702363451160957,3.492849093493975,2.4149881356648386,1.627809207663618
L,0,0.9577485722748571,-0.9588422889759974,3.813224995016119,4.845205922296477,2.4401425648658903,3.7337312864703214
L,1,1.411193583009614,1.07341591535275,2.8837568576196184,3.3998622673790604,2.136098254790104,4.566024214352985
L,2,-1.056143931426783,-1.328025487201042,1.7058120464847575,3.596055893833338,3.6124099413962005,1.6855978401521154
L,3,-0.7738121037386219,-2.889509032564087,0.493933189327748,0.9296472967504523,3.6412277282745085,0.3510514064178203
L,4,0.05646827950356031,-2.40449643023014,1.73903394084095,1.3759632570582943,1.1994397222045443,0.8705658233907991
L,5,-1.16011585897969,-3.821649223108488,3.884751727842299,2.358554677818484,0.9901420150395013,0.5426695891706135
L,6,1.483631381468489,-2.061562569169872,3.9480176676913814,1.0240260794983356,1.1155017179466342,1.9086703312772417
L,7,0.31635343250777,-1.177848632422379,0.9885173537730145,2.1686374403489452,1.271650797562482,2.109664721620006
L,8,-2.529177177484294,-2.919756940684874,4.647566440479606,2.1299732767307824,2.110155385380147,1.686369924345099
L,9,-0.1095592204565943,-3.275379365691968,0.7191803215594736,0.6298699974169526,2.803426297086127,4.346147078090181
M,0,-0.5920100832916855,-0.1634696596863264,4.512896725607002,1.8358798432694536,4.354416483695639,3.114302493614732
M,1,0.462239946266674,2.143886945867553,2.891558157536331,2.11965715250515,4.320294132818098,2.1894187567340473
M,2,-0.120419306918729,2.484240619615257,1.0534532659554716,0.4731437061536319,0.645219715172962,2.9468093774446316
M,3,1.844578936280958,5.839116340038229,1.6878920189967785,4.5546945632653895,4.78973532799052,0.760702549875671
M,4,1.709751865424145,6.849243249999549,4.86049200242598,4.3752824642583645,1.5862244046364369,2.221398030311017
M,5,0.8551996965386233,6.735842555686334,0.3934777644001356,2.9902148161074744,2.3742381944902875,1.9372950865624636
M,6,-1.03324546236606,2.624884392958917,3.310605062072915,4.058066295679276,3.727777507359851,3.0159491440739603
M,7,0.340592971007541,3.409109144110572,0.28350643402150466,0.6280984911058958,2.895923024607675,3.6353913250151884
M,8,-0.006953784270827032,2.784639437248537,0.4762596367546415,4.807268684098018,4.0191338880845535,2.6397315583246184
M,9,-1.077920941633962,1.05530888539947,1.2782659093895912,4.390618491410685,0.6695841693759381,2.490479917398682
N,0,0.662936318837499,-1.16097237605753,3.436417544831428,1.4644856628527938,3.9039373111389963,4.66638244043592
N,1,0.932648091166208,-0.8645901897501254,1.6085086571824034,1.8196192947531797,2.6518460453943775,0.36878655916955094
N,2,1.790857035278779,-0.4445736662828977,3.6115494141659985,3.624388502869119,4.306290465441366,1.0787447008666136
N,3,0.816112879617445,-2.3516644690779,0.8163729072296921,2.3593969878086964,2.476601332709967,3.5744889114253042
N,4,-0.3144454607938201,-2.779432908149233,3.237347376530832,3.136676390929823,3.583180635711537,1.622194799165735
N,5,0.5015046034709827,-3.763380375848775,4.361435625861949,3.133505907228431,3.160149630235449,2.245713369557683
N,6,-0.8426118236123286,-4.574771337094899,1.9156682686737372,4.811279254217645,2.072315891381983,3.9767224717145035
N,7,0.5442570672022826,-4.472143987632305,2.4361362647859255,1.7115190065331725,4.821455352617847,1.7651156928619578
N,8,-0.6260473246279207,-5.262327275677403,2.3449578588480673,2.473593032842124,3.486102543409479,2.621610494375608
N,9,-0.6401317358553297,-4.762595550710253,2.918839942166301,1.646204702193995,1.6863501172532214,0.8594331032830178
O,0,-0.2400515172105445,-1.186743457253582,0.876060847769816,4.729161750986662,4.49111752632423,3.984022121831751
O,1,-1.701969591015674,-0.08293519655700354,2.4606337680319745,2.336554746464541,4.216151899602706,2.012704306382952
O,2,-2.661518609052476,-3.954570598139927,4.175860116598819,2.7446173388840216,4.4590204083139975,2.406284531986046
O,3,-0.4763257254017117,-3.305979146129431,2.7976827116585956,2.177872219732856,4.853455506443141,3.3512286270078313
O,4,0.2675477116057129,-1.353845952120595,1.0954311288513832,2.782494493705409,1.3963883090710159,1.1909800005033906
O,5,-0.07716168694053394,-0.2442312780587224,4.5296626091179215,2.615999843221368,2.407278930386717,1.5522516892989904
O,6,-1.629674159003451,-1.505262338278948,4.392132638014718,4.149099055665137,2.65679969268656,0.2804805455142052
O,7,-0.8465871936392767,-1.59232638454958,0.37007417082234684,4.964819715439425,2.853424182453168,0.5499721646427881
O,8,0.5964843699012021,-0.02216677315041782,4.460163175888537,1.584212638269471,1.1436521157416586,2.465914070454912
O,9,0.4662470318995224,0.174119560502439,3.6790362018009812,4.613708534323476,2.481073693222276,3.8083448082193248
P,0,0.6803675113715117,2.495811690243821,1.8755333535700767,0.3034940206555891,1.8813600335957252,3.6760050969187974
P,1,1.57650833815279,4.156379222111832,2.426528536594116,1.870156663106732,3.494073183172077,1.813010124002495
P,2,0.8338091989620515,4.59203566665408,0.8611622815480267,3.3806669720037896,3.629095066413844,2.4166269446521063
P,3,-1.230534015643421,1.362973887319,1.5697686493803569,3.5490147148759528,2.810695240158493,0.9823082694174559
P,4,-0.3201962656144688,1.040575318705828,2.879780068401722,2.373445756737895,2.787663468360742,0.7318159695599957
P,5,-1.553099131568207,-0.360263639540067,0.6743103733054812,4.676711271540644,3.866518460832854,0.3876063986029399
P,6,-0.6109396782361496,-1.15217487879072,0.9902554141091042,1.2431654958072103,4.328674321627754,1.885215735080707
P,7,1.292182711194222,1.260941848838418,0.8338801443755135,2.5550553014432396,2.7271807850867744,0.3978275259460524
P,8,0.4164672058210596,1.110429539391787,2.3217766912947035,0.5841132514456095,3.427397158739076,3.679698004211501
P,9,1.729711240844241,3.263766969372407,0.5162350992115687,3.117969767070186,4.445907461072736,1.9128252401439427
Q,0,-0.837981025246159,0.1160710534706959,1.3354561542477592,2.8245292454731494,4.239196945661081,1.0295481973261815
Q,1,2.205620100935168,5.409826762234328,4.706907506796931,4.227500327867383,3.9383020864809515,2.167181946636274
Q,2,-0.6414705557440008,3.693034390715288,2.7535299309761787,4.6702556081031155,1.5118256325980026,4.480526431413899
Q,3,1.581236251170112,5.556759409127653,2.099209580892268,0.7607126074073325,0.5877358513794236,3.1850940948072473
Q,4,0.3740729077519101,6.281820718628143,4.858066652461749,1.8687671983044563,1.002263580027446,1.7536150501404026
Q,5,0.4219111587042203,5.392628364502103,0.9002415130830255,4.881405526112199,4.898922561002421,3.567728750147211
Q,6,1.901346686026331,7.465770447517232,1.8892324863575916,4.665678772421007,2.1160824109362086,4.3386133583499396
Q,7,-0.8080194274814136,4.460510565286746,2.4485524590099796,2.655449305801019,3.8814518107454314,1.7304350186456157
Q,8,0.9444478371354543,6.740629744624925,0.3915209978038995,1.7923124831921469,1.7514523429445465,3.7266153937019824
Q,9,1.295938057689181,6.951924994454013,4.975941815975968,0.29344061914003294,0.7494856951886215,1.6890176380831885
R,0,-0.4312088679145034,-1.423144473393958,2.1615692366782473,1.221500760790545,2.8952340155228202,1.7336810345551599
R,1,-1.470483168719878,-2.811220962533187,3.882373333690671,1.370537256530495,0.791020243492635,1.12664679594568
R,2,2.547466689281269,0.6783940722043482,2.0216297616403107,2.803811911850939,3.993117164679028,1.5425703764969894
R,3,-0.7619921102623559,-1.268778507831189,1.5828895472613842,2.3973630439769855,4.663540269694404,3.144286948252982
R,4,-0.215922793773846,-2.165129000234043,0.9721805517519369,2.2304776372356963,1.6225179227586894,3.863912846114494
R,5,1.045238370659258,-1.166189272290233,4.210335667266936,0.97313078314811,0.7925834819352702,1.20955970359022
R,6,-1.196974960116186,-3.316021615330532,1.1201636697784245,3.6076634715874585,1.9786771159695198,3.258096421623824
R,7,-0.09759595925122244,-0.7289117997509564,0.25304566036944787,1.5112701418575285,0.42179506226892194,4.99416834764787
R,8,-0.02945999883252848,-1.509075641224795,1.9292536317313438,4.647911939215911,1.1845781638629698,1.115053485678381
R,9,-1.377268004822188,-1.657408973505699,4.1504748084577425,2.2186210458322377,3.8338002938975344,2.9286943974053234
S,0,-0.183171035044034,0.3873918599650625,0.533164775393676,4.888951776085233,2.852668664077276,1.3943602702925129
S,1,-0.2472283609255781,-0.625423018890876,0.43130172449011894,3.4069031917410277,4.34215785400185,1.8084665482751205
S,2,-0.2729292514315288,-0.275093317339961,4.695362799841307,1.291829769445834,1.0261815280137643,4.7677527605410575
S,3,-1.151449553530373,0.02224575043499,3.435604943578738,0.646343539822903,3.3301682577909992,1.7966999489739992
S,4,1.500047288660859,1.349582550455892,3.3751131536979853,0.9993656599437055,2.52135846758072,3.8028247517325524
S,5,0.7000946268746894,2.887396781976832,4.769917180767182,1.8977625844550277,4.719114201079174,0.3334507507928306
S,6,1.941909814152673,4.631939917642619,1.8386982627904733,2.7567946895497384,4.13573996199731,1.207862933461414
S,7,0.1994211771487199,4.182074351315393,1.531269173901718,4.053055775654724,0.319858301662787,1.133925970716867
S,8,-1.109840367827262,1.486174148606946,1.7146030946808206,2.8717506170406195,1.4631963668494286,2.0346842312953792
S,9,-0.2707403036355836,-0.08027159717326937,0.9949514730132683,3.4996335506324443,1.5844324846665752,0.6349357726138548
T,0,-0.5225809290096168,-2.835515141132853,2.229463166837342,1.7205225623179936,0.7765357736712424,1.4963361303014102
T,1,-1.079640987657998,-4.172643726701755,0.44690238843524915,1.0842223932843207,1.0497474065867818,0.6849680739955526
T,2,1.742677615553673,-2.367520222608123,4.724702878658628,3.7497090429278255,2.703517571435824,0.7567404364844721
T,3,-1.70805592527422,-6.762391071107063,1.0986540856483022,4.474631320477141,0.9739332189339662,2.3291017296204246
T,4,-1.844322985601444,-7.344869025319507,2.5927385396418963,2.930280447698905,3.268949664126379,1.6503886426374788
T,5,1.407210666618925,-4.926926449135744,1.939341193422189,2.8992846205816187,1.7638789657457594,1.798753877187043
T,6,-0.643070143970399,-5.552019033535682,2.740834448873932,2.7943217448508575,3.0105936004556253,4.117205896963535
T,7,0.03781302689231514,-3.813549952154043,0.5272536358654261,3.6311171485383475,4.670942118291374,0.20050126739559604
T,8,-1.554497549904539,-4.91381072952755,4.64568156977634,4.453921836705867,4.240101942169307,3.286964210699892
T,9,2.396037440637439,-1.525127369688047,4.248606241560211,1.2807724427159062,3.644473208556633,1.3923086719428295
U,0,-1.397460847384804,-3.725885402571099,1.1251101297650798,1.4093748756897109,3.7521849832313214,4.58700812516959
U,1,0.5271882269591124,-3.268259371781468,3.601677277386058,2.3892277074655595,1.3653553041443298,4.325495818446345
U,2,1.7301535198042,-1.333722617011025,3.7086030424227654,0.9781529098836155,1.1375410194313966,2.9915519853085453
U,3,1.077563657639427,-1.018445399135436,2.8342084130489202,1.4454078557149654,1.9950854446122812,3.367099326492308
U,4,-0.6057251087065582,-4.579745124188265,3.1502617655458187,4.425176311080161,1.2875250488634884,4.527160081887904
U,5,-1.828503897058607,-6.856282474015249,0.707490370519507,4.367444439400585,1.9590829967063725,1.0357830919759805
U,6,-0.9823071884921821,-7.636736144965716,1.8475086203787656,1.3761952867798084,0.8525189632244481,3.3669644809009918
U,7,0.4324276055806858,-6.138801271751576,3.0510370320395275,4.771948510477515,4.042498577609127,3.0430029492255475
U,8,-0.4439972924797298,-5.74408124633322,3.318016851124859,2.8088770964596965,3.2484849436732617,1.462937218100203
U,9,-0.2160868770141004,-6.850167127749972,1.5811033672183192,2.8564234311325323,3.924973784902725,2.389382808290947
V,0,0.7156626657736106,1.485143022317526,3.7310346871729876,0.3499570455384774,4.099894281427462,4.359807706655721
V,1,-0.04746078027796652,-0.3220357672062941,2.2663066733145194,2.3393148529219676,2.2324234445356947,3.234587310785504
V,2,-0.5052068549117384,1.689332437330423,0.9998283569382398,1.0474839960499636,1.0282503064276536,2.91235876741269
V,3,1.940458934640607,2.898366745215746,3.695422555605435,2.3096723916378985,4.277157111943793,2.934602230468012
V,4,0.795411314476379,3.275987414336748,2.5297675862962294,4.15075449046154,4.611939961208421,4.4281889593800035
V,5,-0.1565390106630946,2.375485901865212,2.3882520089983243,2.0167628471660857,3.2636789371385766,1.563982948521792
V,6,1.662550370583348,4.74613378838092,4.310666742870339,4.101702768918988,2.3235689451858383,3.9260474558869016
V,7,0.9466545513012841,1.6122718484539,2.698916458723289,0.6696063723523012,2.787201338918083,3.6790860618482935
V,8,-1.447025272219824,0.6379069247522718,3.5627497814767133,1.5802532720179836,3.2537464152380413,1.0575210898544438
V,9,-0.2781720212402026,0.899162156143203,3.884331798547052,2.6596749725767426,0.8098753607441307,3.6204125484116436
W,0,-2.60524985366917,-2.543396564175089,2.448365222518674,1.7254668434406435,4.398508598880273,0.39634005166536357
W,1,1.055764805465841,1.039240157855181,0.35237810131691316,3.6715592289430066,0.3324829849022185,2.5530349154796403
W,2,-0.07827048750274485,-0.3319620477929289,2.0891462876191387,3.379595637749643,4.018800359515359,1.1637576562105505
W,3,0.3467359731750712,0.8444474334518902,1.7470642920791957,4.453719059257952,1.0688494677524827,3.1706819677976474
W,4,-0.4764071766452681,0.4762352138129325,3.808680383122064,4.841912200366813,3.2852096640619934,2.2141153906268927
W,5,-1.418754889920567,0.406696175238751,2.5610370536832163,3.978124140148723,1.4554088788042683,1.5604181635033978
W,6,0.03993914102301599,-0.3967803604639126,4.4367669067246425,2.9444712360120193,2.6470837425149902,3.681071522845593
W,7,1.088950034353446,-0.1054373815674206,3.8038292796098236,2.752839417889054,1.7069972333008203,2.1266133819633866
W,8,-0.04298350199473278,0.9928603832930895,3.0433514542873703,4.157252316331283,3.5577653286449658,2.363861106632241
W,9,0.6527205831882001,1.537653711208454,3.645811736181235,3.663828753478676,3.642136949379567,0.3495906322200824
X,0,-2.34061298675843,-2.23891504628508,0.8782022376492111,1.243632371473731,4.434147390548051,3.407310531174306
X,1,0.1875605564608787,-0.5540929072671924,1.486212411891147,2.145137856769718,4.099850643460699,0.5513904272980685
X,2,-0.2001909708206266,1.072286822629667,3.26922891502088,4.01750798446534,4.525089498945852,0.2951520876236756
X,3,-0.3435358398296198,2.384820333059116,1.4031642265569875,3.113969182589949,4.48100516304146,2.2027382462801017
X,4,-1.099978967812608,1.050191062190851,4.370684963375322,0.6872901388331454,4.881014034927058,4.527831868087383
X,5,-1.850739576941481,-2.586220324257192,3.6846407252410294,1.7400545854421219,1.113059489308273,4.62403339265118
X,6,0.644044908561052,0.6652396078299826,4.744342050327135,1.0970617298517658,4.991399377622282,2.9138703788545426
X,7,-1.922323546167506,-1.180523072381568,4.233138916285561,2.4785733844848097,4.190284638931983,0.9003663699759796
X,8,-1.405784730629059,-2.671767736256176,0.4714694125955335,0.941238599765128,1.5165543555410836,2.818551790963202
X,9,-1.457634740491218,-4.422981669332398,4.238680602480529,2.0564545991885166,4.540306420151629,1.6736024069435753
Y,0,-0.6920487944329886,-1.113061064318399,2.2531684291372263,2.1007211322703543,0.27875560603622224,1.3429005862617063
Y,1,1.8609739268775,-0.4238429356538216,1.1447304283943884,3.902851290640551,0.48755283118654624,3.923273317814812
Y,2,-0.9663236704174674,-2.626423967408268,4.5552500539168435,0.35879414576757596,3.718100539811143,1.194163328598491
Y,3,0.02507526784789038,-1.540172692173636,4.51936691378918,4.000669003439402,4.37972100953382,1.5084850695276597
Y,4,-0.6596456083109616,-2.187898307899627,1.7587356186804257,3.638866817989477,1.8667099374500502,3.2016949510484296
Y,5,2.606630108499076,1.015462255811652,0.9141683314168243,3.880436805453516,0.8416768849417462,3.2489708003467244
Y,6,-0.1434625074840167,-2.271631013636968,3.838254875086356,2.0339324859146815,3.9127824740613253,0.8725785945610269
Y,7,-0.9538673182206239,-3.534025975682392,3.630071533520953,4.032687808498915,1.7656470845750865,0.20406902124396195
Y,8,0.2978748713859616,-4.87223195221843,4.581847649426649,1.6856748039445746,2.4956553964865025,4.860311800536375
Y,9,0.08600752836114468,-4.457318369467358,1.2924898329614056,0.7413176840138844,2.9955628901631353,1.827485199574113
Z,0,0.132945494228163,0.3776426811446055,4.74992041451673,4.005291702642128,2.153467703585695,0.47570627674884136
Z,1,-0.03117039012091727,1.348165073381853,0.36051505756264907,2.504281924210684,3.4555480598046393,0.6271782354603083
Z,2,-0.7266340463860241,0.7930578275909432,4.457384470711547,2.6287368985570496,0.24333136415006873,0.8145697694073135
Z,3,0.6494696681945591,2.138719708918881,0.9048977791140724,0.7995389401234376,4.6686704990716414,2.2429798920686728
Z,4,-0.1933671634261432,2.351880367278061,2.3299113544341825,3.326952303608389,0.9943707657011402,0.3840928929572692
Z,5,2.894219968266675,6.401335011892071,3.8743638148492723,2.862510963118382,4.042964177282032,3.0252876180733743
Z,6,-1.426939432886166,2.903854945068938,1.7191713875239885,4.822273250032587,3.841674630418239,2.5234487016009575
Z,7,1.065645422521756,2.173708743921141,4.693699762507464,4.783177429851389,3.5971701929886253,2.478424196933002
Z,8,0.01172295886040373,2.079589368286169,2.4028888478112185,3.400681752871737,0.5971323734105196,1.2441743248230888
Z,9,-0.1020542795486659,0.8837323097219777,1.9736572400255745,0.49999871808973034,0.6581161340757834,3.054955313186902
AA,0,1.574138150847703,4.610089129658551,1.573493912797434,0.2390051720026568,0.7094594862713899,0.3515460183136778
AA,1,-0.7718583144770526,3.734166627812109,1.5324437761110004,1.195361560104865,2.709317087447462,0.9841183470333801
AA,2,0.5814602007616414,4.008909609966442,2.102180504068828,1.071364452209289,3.1101568400956334,1.842495763782964
AA,3,-2.943201715956736,1.448286512607211,3.5062702329209716,4.821082682740866,3.7685741881466,1.7738676482939666
AA,4,-0.3607808214861187,3.167582514390926,1.2574068732761199,2.4186211960345405,3.8902125057604287,1.9646480757033957
AA,5,-1.002936298956808,2.809271326781477,1.9738698040592377,0.4270968290477498,2.4447921899961735,4.548120133337601
AA,6,-1.574339422436953,1.653242278532795,0.6379948119013525,1.1580999744193616,1.30206966922187,3.507061139291036
AA,7,0.6177211207328144,5.020292021873312,2.405648199346615,2.7905475707106944,4.786008792759378,3.3699796644036293
AA,8,-0.0423349521491802,3.990955251286747,0.4872040278096813,3.0080808401672328,1.919262036611764,2.083339723765312
AA,9,0.7204430355158026,4.875311493761536,2.844680267588446,3.7412063790332533,4.139274348157693,0.3305085323028777
AB,0,0.5670298330055228,1.525635626371915,0.4788760636248298,0.8305065168403873,4.30565798547739,3.005821402720327
AB,1,-1.481361020102083,-1.481336942318325,3.8977424561154836,1.0755337670042928,4.070845402056156,2.2087244980247607
AB,2,0.6091466885281296,0.4984812951946993,3.9629254391383992,1.2859684287102897,0.667672940802144,4.011119066520276
AB,3,-0.403268142889374,-0.658927804317863,4.047155300640864,3.8240466440299503,4.940617465662008,3.718214049559323
AB,4,1.347447558353017,1.925089753282964,2.0271157793579606,1.3714242068900446,0.6279036847193267,2.767632066314839
AB,5,0.2956111969720285,0.848597405985691,2.0748975288135414,3.976825349058149,4.2015249613561165,2.945568102783018
AB,6,0.3768609298450591,1.923121827673588,2.634414890547317,2.399077548999339,2.788980761997829,0.6753680611483599
AB,7,-0.3443364730139005,2.403942592845011,2.5001880781148293,3.341854662625016,0.529791388562127,0.9963721836929067
AB,8,-0.2222318930156784,2.545722175284535,4.440224526169685,0.577033526342924,2.616695596208746,3.5345158774314105
AB,9,-0.4241310355189821,1.859150733350904,1.3834907936943195,0.45727134275672243,0.8969558137012497,4.750427162654731
AC,0,-0.4309168053811054,-0.2994528816435351,1.8941504825511712,1.4028094686750894,4.816034520413358,2.8003082501727867
AC,1,-0.02015936057766865,-0.495637288192051,2.3665025927159222,3.381238923167906,0.44203462545695926,3.3766399392488244
AC,2,1.45069173553661,2.610787211922211,1.3256252416230894,0.8565445117181139,3.6960682399906877,1.9244222364762802
AC,3,-0.4008663030991992,0.8228655700973724,0.7513557889852114,4.419621692304173,2.38492586957535,3.182113326984261
AC,4,-0.5024082488845256,-0.6686918250281445,4.178164863839982,3.7792728561262976,0.8546872694821075,3.490214530556646
AC,5,0.4759907725164187,0.9215279636201271,2.9205740176607202,3.7909637902078823,0.9081161670459121,4.13900290086385
AC,6,-0.9139737147255877,-0.6978174912038405,0.2212365967415842,1.8683592249300993,4.773196368388081,2.372521413315495
AC,7,-1.40042400637602,-2.212511691698198,2.7365878774847494,3.147203663299307,4.877678137447937,4.322335784075491
AC,8,-2.477240028395592,-4.476321794314109,4.429514841191987,1.045675862551871,3.525219609269364,1.7533696641223706
AC,9,-0.9366042778071313,-3.641404832703639,4.5664384884812055,3.418044626212748,3.057554016638622,3.986264112657695
AD,0,0.4317879413195403,0.2712714099834889,2.6367325930391012,3.4734221950220725,4.5769652095641815,3.597326047208809
AD,1,-0.5813655742092181,-0.05068180489223253,2.368730860555011,0.8759547652400559,2.2536340637934145,0.7464746816292536
AD,2,0.237846084723802,1.119730109967535,4.974228123582803,2.8849378399052776,4.371709263881637,3.7688213680531364
AD,3,0.7298802492452138,1.791196269866836,4.332286832908604,1.459331037457651,1.7040424525644857,3.064058969528932
AD,4,0.4252533866460788,1.232604332508135,1.2898735184794594,4.659452792906663,2.0520369944309826,4.911361558523214
AD,5,-1.178630690355899,-0.3929815483352085,3.759196720192549,1.3836038560979216,3.6671008780260306,3.5221755603838307
AD,6,1.252138090911233,1.284635093467395,0.21039532614628095,0.9427479846013473,0.40501953183770834,4.041126894780524
AD,7,1.76363517081977,3.462815436489173,1.0450136560978396,3.5432058472922923,4.823898430484863,3.6963444969026362
AD,8,-1.06669275747696,1.359205336219486,1.0794109066626412,4.529518611488434,1.3240064848618798,1.8757251054881223
AD,9,-1.058402296746359,-0.4917734090514545,3.582112300802448,0.2924137165141282,3.590455442016977,2.875397443141038
AE,0,0.6946576826034189,-2.008021312128722,3.80053639673642,1.5753000272166107,1.5432154449951192,2.676034773258737
AE,1,-0.8694561534614136,-4.916464431584503,3.1857796025948444,0.47695024169132944,1.9221128013763025,2.941940728548266
AE,2,-1.886643111430089,-5.363804933177162,4.3591855657536795,1.6897066891171313,0.7159025363078635,3.93254216007817
AE,3,-1.110692242912908,-5.099739687722979,4.522422260669082,4.144843626563331,2.7813064802626815,0.8560755588451916
AE,4,0.03931213738084954,-4.021912034748358,4.320255231529691,4.773244151943326,3.7297196775636463,0.4566311385358535
AE,5,-1.22737237346063,-5.094586023095487,4.828603413454011,4.025630534195487,1.6038423070658188,3.1575471698152446
AE,6,0.290043602309434,-2.988663443243906,3.9673969356480363,4.451766176656436,1.880857226642935,2.562728014072451
AE,7,-0.2096630336088301,-4.015928444544138,3.2935928837416086,1.1765786649633807,4.748004957488303,1.9104215184410862
AE,8,1.939889222638332,-1.473257908534524,2.080425206285664,4.549812857780799,0.5262111405758538,0.4777149731860984
AE,9,-0.3098253637225605,-2.741439388214218,2.3259871399267844,2.1298570227451394,2.275695626567958,1.4598147825756511
AF,0,0.7683664172330901,1.361915304817483,3.746515267975021,3.0406021794166,0.5529908830431852,3.6133262404490494
AF,1,1.725025315695651,4.14527267847512,0.8326817653525445,4.954196990347358,2.2144262069698555,4.735024503042259
AF,2,1.639127728694073,5.563674844434672,2.446331232703299,1.7205204090457435,3.919288335573938,3.77240954860003
AF,3,0.4632409730190313,5.421343380053303,3.013520142184956,1.090748245033606,3.9239985373997066,4.172746149779717
AF,4,-1.922649936810875,3.151537436349828,4.7847759228623294,4.483102666221352,2.5397645171525935,3.5028557498691333
AF,5,0.4418783245454498,3.562104975439774,1.4093459438448237,0.5042947051982312,3.8562280455699622,0.41918221307824355
AF,6,2.24258588424876,7.675276621243659,3.4929633697630886,3.6425276333665413,4.171213695882591,2.4967848984695427
AF,7,0.5110612171626693,7.553844527382852,2.897893855656038,4.430603734195613,0.7790834750160589,0.4575941508119449
AF,8,2.105997317568005,8.295504401179976,3.1992338515563645,4.390178928397218,3.2908850896204984,2.6684209830768135
AF,9,0.9157331405691518,7.177261247077043,2.3094944327276345,2.0423751003920487,2.6010659652210877,0.8616219386197828
AG,0,1.071851977451119,1.253781142752498,1.433879417399128,3.655756625893962,3.705799388304541,4.785564241410899
AG,1,1.345378099401564,1.735708301759136,1.2454113290540278,3.4637939468340715,1.710392073663577,1.4669182265818435
AG,2,0.3464722276478959,0.7339498761427681,0.29825294088654564,4.182829095044509,2.6256981483818236,1.020379691186855
AG,3,-2.644592662028311,-2.589726169007969,0.7204458515747532,1.5637669509406118,2.9870890674901958,0.5766637799996495
AG,4,-0.5395976203017098,-2.677288775113904,0.46266600005302827,4.581032029753136,1.1400579873513264,0.6979165231727616
AG,5,-0.3880448406911743,-5.698092513304402,4.574089224422609,1.5191645612635245,4.7710248052916695,1.1969626204187593
AG,6,-0.7022909204494752,-4.380945044849646,3.4160348484518797,4.48040245329381,4.546933231374302,1.8884711859641756
AG,7,-0.467710545292119,-4.102069183058909,0.2688488470465035,3.948493101918659,3.177840619246454,2.8118205608394438
AG,8,-0.2485013147616292,-1.678230203166831,2.602251863387941,4.322699885369274,4.897698870316696,1.261872775586727
AG,9,1.793594630607646,-0.1635759864072927,0.5905562726109984,0.39407672650606856,4.296936854679497,2.446875597583218
AH,0,1.087010747650535,0.185128434968483,2.214126535010629,2.6240803371927672,3.4796912099967634,0.6134007451900996
AH,1,-0.9088089722047882,-0.1613670145278415,4.460210679843039,4.272780506174803,3.2946324312325648,2.2311595925505445
AH,2,-0.3757625421421681,-0.9390680711099266,3.4184905366453675,3.697848262923046,1.7788857504636848,3.1687884210916675
AH,3,-0.4437903399078145,0.05941755750327576,0.3292818005880921,3.603101176157037,2.993947210553429,1.5863268993466233
AH,4,0.7604183212011207,1.439415812185364,2.1121923884871525,4.34053120576274,2.547971287346426,0.7672945596579677
AH,5,0.9886028927964627,3.116854689039673,1.1937785272686934,3.462550146127336,2.0885305199739115,2.957856137668594
AH,6,0.4162646757659828,1.916726018725042,2.5589047434422523,0.21857001085618624,2.1925171653604747,4.819553021492289
AH,7,0.3489224958219607,1.967664960503757,1.1537361101848003,3.5619901922468293,2.241830875294235,2.0361614594524013
AH,8,2.25289530867515,2.122376684198757,4.417578168107219,3.414965546702575,0.71090752162538,2.6616734557466484
AH,9,-0.6771763740483816,1.93766294958828,2.6204370552088303,4.702851611450299,4.001680412522224,0.7650931987488101
AI,0,-1.451167764216453,-2.205097337504294,1.2985236244894565,0.5381362582477356,1.589704092674783,4.117136595115321
AI,1,-0.1451876901876761,-2.5064378401964,2.549837220049065,1.1701345486784966,4.805887892341535,0.8389800624940515
AI,2,-1.567178749881797,-4.319020979237591,1.2945177172120959,4.1963853749860185,2.00170487878363,4.436388677215998
AI,3,-1.285075824611597,-4.767734663014295,2.6702932859033583,1.3410640015477169,1.7443667233779578,1.5670445153344879
AI,4,-0.1991451000436688,-2.97865207610617,2.9208477583489745,1.3014869118492693,3.155281761742365,3.3839639128163843
AI,5,-1.064736033952634,-4.487108636439078,2.7469162915852867,0.9634139002021027,3.7799015692970874,4.721663315989811
AI,6,-0.885295510095018,-4.82489071280063,2.9278942677341044,2.512916077124231,2.0011509761415636,1.4044122305388536
AI,7,-0.02484419914529334,-5.563970392749276,1.1790514378691626,4.213693135759104,4.623917400418204,1.6888593079923797
AI,8,-0.9403195418845023,-6.521933137326753,3.0456149570983144,2.2488567316042722,1.8813055726430614,2.3672159381663183
AI,9,-0.1306079283258265,-5.482867238534659,0.6497687238477312,3.7802166452263326,4.08966160338808,3.1597475217635433
AJ,0,1.446199547851888,1.081433520475637,4.67403257415178,1.9573203998559037,1.737923467075886,0.8478021138944039
AJ,1,-0.8944629369072125,-1.50245072599974,2.7188228172664624,4.781764520321167,2.780352492241903,0.29743641801542375
AJ,2,-0.3825041633607841,-2.622849960108376,4.005749023648281,4.172597183189379,1.5282262059980418,0.4645452392300392
AJ,3,0.1623173638407282,-3.030200994004598,1.6375868915824825,3.2811671317321753,1.610841329407867,1.0982208450249513
AJ,4,-2.208946136042383,-5.299493840588769,4.95787669127724,4.645711863531963,3.3766155100700685,1.6162418139434482
AJ,5,-2.237419781096172,-5.854120338029158,3.6129249355263338,2.8185416692663203,4.954882951056725,0.909529525147504
AJ,6,-0.4025114937915996,-6.511198707537199,0.3681494387684266,4.09193779393782,2.4176655303897743,3.827163749440697
AJ,7,1.132484068900262,-2.899252057243162,2.5389750776885105,4.605779173350437,1.9242957285818747,3.689414147400582
AJ,8,1.73150898578768,-2.199226008352994,0.5192469564338618,3.8276797820086212,3.07673286603779,0.6168135610196064
AJ,9,0.5190466185858806,-1.36185448921273,3.798850265901458,4.97466255330468,3.882616151077208,3.6268304228070356
AK,0,0.1847404185611569,0.312881136677285,3.7978869867461302,2.3215537121543646,1.4412543241169602,2.2954504831860025
AK,1,0.1389474216871353,2.402814149124533,1.2368446964706945,0.36493768470812693,3.8833001510343648,1.690062949204329
AK,2,0.633199525492335,4.055280116905321,0.20331323080421948,0.6571148821379498,3.677302906479995,4.898778788898513
AK,3,1.859357877752482,5.73994384357331,3.658189622020322,3.6006314686754095,1.8820336647156735,3.4219830421872417
AK,4,-2.621207079025532,1.787659520346004,2.939857859415353,1.8022179033763912,4.722970915771853,0.7952076796799399
AK,5,0.538390352370719,3.18794358292449,4.448845457231346,2.3319887797443712,0.8410188390793105,2.9965312218684814
AK,6,1.544058637710171,3.400044274410678,4.229074976740714,2.0365146369628864,4.43822747614218,0.3650853205377823
AK,7,0.1556525916612498,3.346872782101457,4.916535510797285,1.3660933091829275,1.1233817488695375,1.4042023140441267
AK,8,2.165279513710511,6.204847780406844,1.0088632018656811,2.1312971568244348,2.7445657148025266,2.1811915713429815
AK,9,-0.2308611859940713,5.770009045741826,2.1407144521896426,2.502750763980254,4.527826555798916,0.5073408837926386
AL,0,-0.02445602289349695,-0.3516841647322074,0.5235566968010582,2.5689579981179107,4.800748037371287,0.9937043679444175
AL,1,-0.4538785855728334,-1.896222232178276,3.244966860575182,1.215390928187046,1.6157675376151637,1.5644828285423282
AL,2,-1.894797223271674,-2.355285694707955,4.2477065929401,4.124795979510816,1.4005530563797972,2.423666363142154
AL,3,-1.158487209001188,-2.66788223528554,4.8484816571204465,0.5675064546074708,2.432673400512719,4.03949189966817
AL,4,-2.257032878499198,-6.073973531158948,2.4921492597892922,0.8491878337907246,0.8855017098947038,1.8879634294791676
AL,5,1.213380991190786,-2.238351788384064,1.765145019410575,2.683179340329738,4.591304342476673,0.5891379965366452
AL,6,0.8600366887492089,-1.026516844858607,1.047311033379681,4.340813846083648,0.33632450226387467,1.0218790546707337
AL,7,0.9252620666980694,0.9794485054685209,2.9425648331364953,1.3179800040612204,0.4909968458005407,1.0711701166498329
AL,8,0.2764676374343035,-0.6337295945720922,1.534112101735657,3.847445328506261,2.8525495070955507,0.34443540267894746
AL,9,-1.752501319319774,-5.306244914352918,2.3980600013299704,4.400582103552304,1.8913684170825666,3.4972619227696753
AM,0,1.341473598712136,2.805538213357439,0.570874892149788,1.66197756537147,2.8047962173449594,3.2598154217025894
AM,1,0.1545702809730582,3.551818305517427,2.4308319454473746,0.8470252406159695,2.6638738467394347,3.6820710124192155
AM,2,-0.7874717663764695,1.263717418645373,2.4975641966585305,1.7395098652334944,4.12195520328405,0.5965914681087039
AM,3,-0.7548424061957146,0.6291324564065901,3.960323476913209,2.8389838822127325,2.5924580168918054,4.687550459959952
AM,4,2.062059349496379,6.235620173203504,4.244619896213808,3.1259649082939553,1.7720801025452708,0.8727910469779654
AM,5,-0.5740041236898149,4.429833666858991,2.6365199649471878,4.088400285382632,4.0157258962843425,3.8389883875963338
AM,6,1.341910865386176,5.915663344843097,3.314782148095633,2.4457516094539495,4.650491286367258,4.309156972982704
AM,7,-1.457479054400199,3.18603041205986,2.2768568346182687,4.169618937623471,2.269625902796974,4.895977461102874
AM,8,-2.144067704154772,-0.4406633388985144,4.692220153494974,4.700471923910296,1.8999137005940003,2.8626652140471056
AM,9,0.6022976317285514,1.500457331290372,1.8504843568334166,3.328655084023507,4.228984420612074,3.039784953196968
AN,0,-0.2213464947260653,-0.5209124151254751,4.547226892207341,2.356755699241216,4.536630082566239,2.957918619457805
AN,1,-0.6538305354873141,-1.313720775192026,3.395377357250996,2.315525370888524,1.8116871897807723,0.925664330594526
AN,2,0.8327373147222635,-0.3149141079023148,1.0465982937166867,1.6634450159234502,2.4191896517773777,4.033024701838724
AN,3,-0.4751272782632662,-0.383012674764883,2.8610886790397823,1.309629848591644,2.740909275621641,1.859172065434659
AN,4,-0.2752597299272731,-0.6783629991130726,4.913441887674543,4.271883194778206,4.013088659127128,0.5318783966137623
AN,5,0.7672248660974774,-1.135474733595743,4.200552815814747,4.276169779831254,3.056553217437133,3.2895329991710383
AN,6,1.78223474159162,1.152457085619271,3.8075945305094954,4.090994141733586,0.8151875709333083,0.7339158663497596
AN,7,0.5977123326091155,-0.857958296922086,3.3308466578914535,0.7956474015551087,2.089119416294383,1.991477832502093
AN,8,-1.307304505576012,-3.689206698956779,0.9237506904201882,4.40458717840776,1.4572599943281486,1.8799785593974419
AN,9,1.600293152335254,-0.2723396618628138,4.623288213675368,1.1015259583702854,1.7609971621374059,4.243773788358029
AO,0,-0.6954426917009997,-1.8912316541833,2.107917371135711,4.068838327212608,3.622940748802175,4.768675237752631
AO,1,-0.935600557259079,-3.782512576349137,4.152051141048976,3.4498561810330437,3.497254645054516,2.6962595522244768
AO,2,-3.048180105001897,-7.94539790752393,4.093717365732088,2.750103442545759,3.939838083561822,4.315592850516053
AO,3,1.318912731561492,-6.261917272897096,0.9466418693847962,2.861155544242665,0.6902653099782943,2.455518049871753
AO,4,-0.9953532229193303,-6.658077462718083,4.343643347200127,4.449824342849789,1.4091693530867913,4.38296855051052
AO,5,-0.9244795640341167,-8.172221870390112,0.7338408284673181,1.6447254763963957,2.516362239893542,2.7029384763581934
AO,6,-1.2798386709399,-8.508130489967078,0.9950877074880409,4.458649192957109,0.7884765272315701,0.3325564893257642
AO,7,1.021330417418481,-5.477381394826639,3.663577865212615,1.208952280363264,4.762505958898621,4.583830585835987
AO,8,0.338019021427268,-3.43060602842281,0.9232689307447486,3.0463186277419543,3.410990610289753,3.3004392775397537
AO,9,-1.514534266762225,-5.531323556079873,1.9192731141574821,1.8543237073090517,4.532232056816353,4.66920232325582
AP,0,0.8199067413441099,2.304481347123107,4.9691043621751625,2.922288823287295,0.5460556649145974,1.9721682853339877
AP,1,-2.390760060103962,-1.551911710665053,1.3746227549374477,4.08863007947597,3.4591524440077404,3.2009111222852993
AP,2,-0.5076801047586855,0.2142277306393522,4.2999527878516215,1.5210179202434866,1.6484559383114088,3.3901578465424076
AP,3,-2.508863321989821,-1.790434834204006,3.343603562121395,2.623130542138737,3.3337191325708697,2.097878321284321
AP,4,-1.270285303843622,-0.8910759271576103,3.3993167650096354,3.2561411458567444,1.471377856448116,2.7226621324073585
AP,5,0.05465296060062323,0.1533919936779438,3.3533207423910056,4.9806049630698865,0.6853581648892207,1.5123600860675883
AP,6,-1.304329033211008,1.261053579153515,0.935135883396663,3.630381205078838,2.19184097304677,3.452141323725511
AP,7,-1.918363548791675,-0.7604267401494287,2.441250675849355,2.9370474361393515,1.6302170274441607,3.319082885579922
AP,8,0.3114342326481075,1.31256523932238,0.5388279628691477,1.509140884810269,3.594937222760756,0.22672894851844438
AP,9,-0.6833606277413193,0.8534107778355595,0.6222932046086962,1.403742928900641,2.1293657859122557,1.7679362204219313
AQ,0,1.912883896954477,0.78210932179831,4.69599739224297,1.4753510636535596,2.68190282072984,3.6252458835983083
AQ,1,1.741969599444771,1.089095061719985,0.633465909507108,1.0843515454709567,2.3165786541333286,4.840710294589445
AQ,2,-1.29075901499821,-1.814715597216298,3.572449498852195,2.8008194523702974,2.8485576695171275,2.485514672345906
AQ,3,0.5500881354501461,-1.252750133631941,4.2864975650955,1.6118347121562218,3.3853755130271983,0.5263995994213697
AQ,4,0.7179584458185406,-0.8298238634017615,4.210926043549991,1.495048825849987,1.830598997681494,4.370033460101556
AQ,5,-0.4768587338210387,-1.228033374446766,0.8121321739420357,4.9111282307451285,1.4030081443679894,1.8059157246550435
AQ,6,-1.453288963651773,-2.404838367652223,2.3129157180695095,1.0242549012157294,2.4574517902961683,4.842800054239853
AQ,7,0.3866988254980605,-0.9254417283362568,2.8217492600782346,2.0624974355413324,1.9727814772712142,3.820030234699897
AQ,8,0.2889086332095734,0.00947816785766542,3.13232706270602,3.3323007761816372,0.9600531564388548,2.75435093663631
AQ,9,-0.9610761578845197,-2.403689665176425,3.607151191714363,3.950168961749374,4.574759029527003,3.3208322070941447
AR,0,0.8767031184598708,2.268823808875711,4.009743897371323,4.236415554630358,4.970120428619479,1.2797138003991562
AR,1,-1.343897820560526,-0.2014715847158051,1.106672975670709,0.3690195018401804,4.274294973912426,0.9838206171208177
AR,2,-0.8580696035102755,0.479206068017075,1.3154408176183454,2.0244453684992076,0.8852907595522281,2.335560621867347
AR,3,0.4189523627012662,1.94111312919117,1.9895487768238826,1.8744420494391971,1.7972547603894309,4.885303926432057
AR,4,-0.5696883532623762,-0.5037108832406594,1.7138958486411688,1.0037239115514562,1.6154834907617905,4.807474033393527
AR,5,-1.130155320635348,-0.4146827264062212,0.9096002078374483,0.9430726877592601,1.8622869258038914,1.4117726464430829
AR,6,0.6938425543109232,0.5364571077617336,3.183182193664313,0.8354951711233443,0.5950486616779458,4.6466766886370605
AR,7,-2.149863766743766,-1.458093193156304,1.1224423829778374,2.9963405641311827,3.0055505827260807,3.6766973027907586
AR,8,0.09731270663385938,1.252535393629354,1.865271075947715,1.4902580801105785,2.342479499971408,1.5893714088464348
AR,9,-0.5848481065163185,0.3286524238441821,3.3873492805861916,4.853954639474794,3.111445980725631,4.853312095909662
AS,0,-1.039412177210955,-1.612695803346732,4.748241096915483,4.818295880386608,0.6572207539479087,4.114185976347005
AS,1,-0.5272130035486458,-1.28848207730178,2.6921631739769474,2.9391924578694955,3.9526859040134683,4.048914111170327
AS,2,2.213869355457322,1.708806851823288,2.630938418788149,4.600390332116936,3.5094404353271713,2.4746300913014134
AS,3,-0.9217083820439621,0.1714796869887585,3.929298305264215,1.1905121828980374,0.7272802109334253,4.287766173330224
AS,4,3.02440699530654,3.713994821647822,4.193440312765829,0.9010076719702467,2.8358109722176486,2.6132042237447046
AS,5,0.702614610713097,3.346675111063343,0.5064003754206278,2.7566408171716,1.3003602750259924,3.3260642773022107
AS,6,-0.9970505225537232,-0.9426358035963212,2.162438836863886,1.9290663450581214,0.9913960910629327,0.2934952115237719
AS,7,0.2115068716341618,-0.9006320808173894,1.9798031106102405,0.44816278339965726,0.35797041150021547,4.101119735138962
AS,8,2.249006699576103,0.722194879358832,4.648983993746066,1.4062496770345942,3.1480409335943187,1.3777931529940868
AS,9,-0.7539125272167368,0.3347587268114141,3.542823416142784,2.282966273670595,4.998309526465684,0.6045187468249861
AT,0,-2.432826447123445,-6.114196442015738,3.81376828095451,1.745080340451905,2.538706164316229,0.38902838591246347
AT,1,0.5196386577869401,-2.246915458205039,4.549076056996849,4.04753829193011,2.636698914105414,3.6214111841707433
AT,2,0.2976561944116659,-2.122116452442351,2.538015733920161,4.405822210116414,2.985929314090835,0.2985164987109073
AT,3,-1.651332722853728,-3.988577473773572,2.3400275225015363,4.714807418017135,2.015612394544835,4.301053516942616
AT,4,0.6131230975281812,-2.264198517765322,2.0058078737674183,4.923169929715642,4.498116302077735,3.557961180027649
AT,5,2.865374159819984,1.734316042066549,1.5669257805827121,1.9889538003039875,3.917939104025153,1.3355393632068433
AT,6,0.5867807129189792,0.8376426122206456,1.2448788109361766,4.364986328688982,4.230025402200233,3.3217204598316603
AT,7,0.1817210892605331,0.05365730726956353,1.1870106077282971,4.481023676387765,4.284483576461944,3.0429994446759454
AT,8,-0.5528154364514363,-1.822486168277899,4.072412447864095,4.583503291450229,3.1386921278051902,1.8889190678558074
AT,9,0.8277488278680903,-2.115936619982086,3.9065140876653266,3.839311085504541,2.3675378285531523,1.3136897399218475
AU,0,-1.063730495240498,-1.162485074826731,2.845474718862346,1.0122251566817488,2.509664581330582,1.2268406711749726
AU,1,1.433339924741977,-0.2126363314464298,2.6631545764324187,1.6634819553228912,0.8412137773552899,4.913187795607679
AU,2,1.589852697864608,0.6215810250949008,3.5759925492018416,1.7285159761718027,0.9111686048253218,1.8910741444969048
AU,3,-0.418527183509704,-1.148134330723237,4.169383096614894,3.449153568040153,1.3754889478666819,1.3868902758543842
AU,4,-0.04945081341915676,-0.6400179344837219,2.0946937193699493,2.6437519191800143,1.7110580029401576,2.2319921204140516
AU,5,0.188326019628366,-1.753722756843358,4.388222024082775,3.889312969274984,0.3787372976615629,0.6765862411831052
AU,6,1.190256764299181,0.2551830468476096,3.605607994524335,0.9569076727503272,1.6875809802567137,1.0180608358826078
AU,7,-0.8241570350805864,-0.378251642627676,2.123992250520425,2.8888574524782342,4.511378836240278,4.803667087063405
AU,8,-0.4530874839433581,-0.2781909089740351,2.3530841949461574,2.509441396424909,3.0674416245521443,2.3329951063965875
AU,9,-1.583413219693292,-1.791481925788478,3.0979297780288593,2.82768586340346,4.324235818656813,1.1930368820067028
AV,0,1.947495123424309,6.831079611072751,3.7608374368556414,1.7846248088737031,3.4120240674358437,1.1844568984234893
AV,1,1.346685833547047,8.7323354758144,4.5357315466963755,2.304394883943022,4.592910486880659,3.720403421190083
AV,2,-1.972196887903634,4.613324417233809,0.9373200369045711,4.644346434892843,3.9506339548987515,3.8141117738381483
AV,3,-0.33876486110271,4.926073991037815,4.501971997729202,2.8038106278292,0.8472394097006055,0.858039832561202
AV,4,-1.651256989050011,3.222855802598156,3.570297184180172,0.41030355695705223,1.5214253111301241,2.0174556071332734
AV,5,-1.406039673597545,1.990625158126243,0.7394103834762922,1.2376875355361239,1.288978540044895,2.417203520956717
AV,6,-0.119018975335668,1.955310985636075,2.1103140302820864,1.5362658167645202,0.9869608195949122,2.585194222440941
AV,7,-0.5173737212986524,3.387727447254776,2.0112471542471573,3.84862918459128,4.746759488542869,3.796864440855621
AV,8,-0.6415160735670856,3.034266516582422,0.5209959480529806,2.07837859391341,0.937305268923613,2.8822591419994734
AV,9,-1.143398715934713,4.069890103379686,3.37499102617257,1.8392906335327903,2.893454895339653,4.756618298336142
AW,0,0.6838813169898839,2.033873726636805,4.866526580497694,2.6694511453830074,1.892864314036439,3.2023786075996488
AW,1,0.642683872761076,3.601372177916852,4.7131604935940565,0.4550818564454676,0.8435451421590907,3.604108931234853
AW,2,-1.155152633070214,0.8773008927342958,1.8796598106274816,2.0865866849712376,3.724616849765145,2.775170386233754
AW,3,0.04866850766353095,1.533667410977872,2.0505992013752783,4.590868042573491,2.5723377692651765,4.980472828629608
AW,4,0.4965219888245948,2.442858712803159,1.76340089414161,2.7340813534385737,4.476198536396721,4.334490919303266
AW,5,-1.051957236461327,0.6429577219233282,1.8509770288877727,4.950873022008124,0.9591992226337562,2.1431479955155166
AW,6,-1.862148522698217,-1.382729683882993,2.350183099677359,4.6187243528882345,4.393410907232522,4.500049691468998
AW,7,2.610334765574802,3.361137126420478,4.687536443639207,2.871217059436422,0.9077714832628583,4.247102597693371
AW,8,-0.5195247668442458,2.321544796623403,1.8369248033690486,2.5681961488000566,2.946877614562449,0.49173965840713957
AW,9,0.2212237721689796,2.698860104935423,1.7483529436694452,3.711378843804525,4.863687796079945,2.238803785547808
AX,0,0.5998017291063498,-0.3997523815483107,2.928741391980363,1.5690759197063944,3.1549949191665627,0.8211753724581812
AX,1,2.919412954309387,0.8188767149908669,3.5659998623947615,0.9743737720542167,1.3087518769278546,0.7157640899424618
AX,2,-1.529211337134921,-1.35901056821099,4.27076210215174,1.418497608454735,4.823664808137657,2.6308406839230036
AX,3,0.3878165200315114,-0.6866922652968451,4.864162996200536,0.382051583501139,4.890068927382123,3.597188987760641
AX,4,-1.239662288702781,-2.525482949963144,1.9184821734104882,0.6948924642900516,2.675383632549987,2.5430825780411643
AX,5,-0.5437127089019024,-2.017622498755254,4.4988774010353305,1.0200997989357514,2.6970597144023465,0.22222673229897066
AX,6,-1.56446461504104,-4.208168132359948,4.946485720662483,0.23580028348796597,2.5988844429872926,4.699805146025982
AX,7,-1.685678679035521,-5.051008998119721,0.21860383177597476,3.4923626541842494,1.145045294930489,3.0339519945707587
AX,8,0.2941642623537761,-2.1818804937174,3.5625355664366594,2.393596088383014,0.3479134025234544,0.7558226010819546
AX,9,-1.172607426909289,-1.70094147048544,2.679930414289065,3.837886127638476,4.2258546379614375,3.538741791013488
AY,0,0.7508691838184373,1.284161983624781,3.570797217017754,3.895713032368114,3.723553187042147,2.3336177631390718
AY,1,-0.4538792185051019,0.4649729082507319,2.848863769846417,0.2988725363637862,3.1435498985959436,1.2437960411103688
AY,2,-0.09126680286156563,0.2539101530920733,0.3926884557281303,1.1728127834599684,4.383163781390011,1.5957642189970687
AY,3,-0.6528227349168799,0.3321630599373236,0.7472174142671046,2.280350340235111,2.1871974916408483,3.0672008250146243
AY,4,-0.04494468838910259,1.883203978853301,4.671051839503378,4.9860867323238836,2.128386038335395,2.524737184092151
AY,5,0.7516867508394904,3.734860881284795,1.6798526110844552,2.3810780971541057,1.2513721406149068,2.4460664915632755
AY,6,-1.41231650014681,1.689874995128358,4.925994348346057,4.880216392069562,0.6760249739390445,4.338084740597924
AY,7,-0.9347366474057277,0.1879866551245462,1.8927014850551822,4.806775988722717,2.3367726322226066,4.03765901885704
AY,8,-0.7256916949452874,0.8754256769417288,4.520114160686575,3.304515839813165,3.0582943138836645,2.3057311244836556
AY,9,-1.302336295903939,-0.2648051992270658,1.0369421980552023,1.9682405906722058,4.786620981751858,3.139069805173632
AZ,0,-2.368964560056243,-2.202755821703086,3.438155118188847,2.8146394580510097,2.8914903825577802,2.6679384963130515
AZ,1,2.001964634698519,1.815862770377112,4.3450785485713705,4.864814332353513,0.9503298310776687,4.658406908150628
AZ,2,-0.2729810388708849,1.908916724898438,4.073273489823351,4.144810740039349,1.6070206336628938,4.860984573103552
AZ,3,1.242363211289276,2.507883381425046,4.027942013617382,3.4294090618718154,2.896205084568803,0.3107700424134888
AZ,4,0.4328328208379308,0.78974574961576,4.577419847890727,0.8590328526624487,2.5764336417669287,3.854169952006791
AZ,5,-1.180301422781164,-0.04832865578170567,4.03676361389556,4.079046909010626,2.324060992438929,3.5128316752687905
AZ,6,-0.5570825902790825,0.7986624902983479,1.0865098806066007,2.644377270405528,2.8092846082744507,2.488206607027328
AZ,7,2.372686126472916,2.212381194794917,3.1645882195180635,1.8667901123685697,4.5903284015824815,3.1013973778798043
AZ,8,2.426482986920501,4.830397661603176,1.1382805499145532,3.6434760363512053,2.463868313669931,4.236655133466944
AZ,9,0.6148541314309993,4.893535656828023,4.588909565074635,3.0555705554243944,4.419315773499368,4.464051590590028
BA,0,1.089239522489086,2.744658680397537,4.246969919103017,0.3166806671104892,3.8051015075120684,2.419419336342791
BA,1,-0.4782248396815123,1.778992693287459,2.8090349716655107,2.1617254241476176,0.7464034040685363,4.780960908247409
BA,2,0.7260485641033461,2.445160397323959,2.276124105448303,1.3972426518791137,0.949835910716752,3.2085985326745514
BA,3,-0.01008825655692647,3.082747151742718,1.0541597493912447,0.5839516880850688,0.6322798869428012,0.7193497136677904
BA,4,-1.808656795763897,1.059651021766283,4.951505999875474,0.7785893707837168,2.83729514920384,4.021973245751634
BA,5,-1.572172840406157,-0.9136475367925743,3.7543254393767067,1.7388630435120263,4.046917463476202,4.635177816305846
BA,6,-0.2031786704133434,-0.9497400646712864,4.888282748900098,3.5981802326270667,3.242790429858596,2.644760366210609
BA,7,-1.011789758615718,-0.931186661658813,3.8024664116713627,4.202501826273603,0.45991782220736965,2.166631460492697
BA,8,-0.7125581758866439,-2.209785729388027,2.562196650241706,3.203365550368653,3.039683023324521,0.4916577594908791
BA,9,-1.146290497114959,-2.176628520426183,1.9813045263376408,1.287119278909771,3.7160998896852857,3.2263480607065094
BB,0,-0.2340803633868667,-0.1823423446383421,3.3936262903384966,2.7013433909888764,2.4732499122525495,0.4361938668817162
BB,1,-0.2424616191694487,-3.586253725442948,1.5369184509606126,1.778203618546414,2.1407370499837546,2.3674206030026004
BB,2,1.014721598537362,-0.8971180268004664,3.229699081617707,3.8859030388334546,1.6400404230154049,2.227995328635412
BB,3,0.5515226880382326,-0.06630361910563676,3.9319306875229367,2.6079743953156047,3.5572575754021183,4.778677321804048
BB,4,0.6490816651554131,-1.07190662732863,4.212748854043862,3.3409117835178157,2.3020096782903003,4.042095605928613
BB,5,0.7523040072832521,-0.5895351148578696,0.5186964030344399,3.52490064099107,0.913904294481084,4.776636543748044
BB,6,1.448137154704531,-0.283688790403873,1.4125759129549458,2.043681310521951,4.451862444889786,2.3744966838902037
BB,7,0.1551359219042013,0.09226065956061769,0.9584050792284833,2.6951975591900763,2.61951705841171,2.333308871659469
BB,8,0.06170659285746188,-0.004220359366821302,0.9226306701135338,2.67380640870345,4.628302913270845,2.471296665175133
BB,9,-2.00114462798285,-4.095143813348485,2.78629664554608,2.3507557759514977,1.395705164299785,2.1162822428191004
BC,0,-0.1353495106403313,0.71283083074151,2.5631128256565994,4.456875504949313,4.212580015950628,1.420330137832756
BC,1,0.8619559674808218,1.145483444575914,0.7310187258832834,1.6878402649095223,3.6029822469546073,1.2723790958745167
BC,2,1.341403657521184,2.077093589070194,3.02136963839247,4.018836959557769,1.1436791280383665,3.593586177040514
BC,3,0.5962192176017602,1.228907652343307,0.6895378659937335,1.1356530129076448,2.52749356238159,4.063611910754674
BC,4,-0.9201233319890186,1.983231020725203,0.5040591706982542,4.26544224153376,4.263219176474168,0.6245914099495092
BC,5,1.603176122612022,3.746389356216914,2.9730656944023726,3.79535639284108,0.6275648548620303,4.371130985859147
BC,6,-2.208404205258554,-0.02481288866006404,4.759440716299187,3.3721079636396376,2.749508286849673,4.5444546899841205
BC,7,0.2308120206672312,-0.9310006977828877,3.0062333064535975,0.8289406817804406,0.4127698995610747,2.1416021722152836
BC,8,-0.5606208420599793,-1.158921697505966,2.1767456807220507,0.5126247759294504,3.128244330020586,3.160374362419983
BC,9,0.9197846369795085,0.7088253629609316,1.243100786126082,1.0983962518930757,1.4457189603555238,4.797452939269212
BD,0,-1.212345425921454,0.3057729196260043,1.379690370770314,4.464452939105462,3.5653288793282925,4.431021061903916
BD,1,1.797734045090268,3.910227229033005,1.6364082031774956,2.662714578159978,0.7308524601825017,4.215941046077416
BD,2,-1.070014885014463,3.31548756800603,4.757900088135761,4.776031701936822,1.6987396537606083,2.7805551783265483
BD,3,-0.1836703979767242,3.84736866459209,4.900774864782331,4.236978813498217,4.692128206106433,4.27255127999963
BD,4,-0.8346669274638165,3.002986473811583,4.86494839859133,0.3114877034359065,4.435271641825604,1.296621612031263
BD,5,-2.448934217927994,-0.5112108038494914,2.3442754133249086,4.997660477696913,1.3782579186678308,3.7899953250670766
BD,6,-0.003321697984982358,0.5303610445723628,1.8407200506684278,2.396440050480289,2.6961601235732746,0.5014289333729813
BD,7,2.336133987791294,4.282656973302064,3.9897615092110477,1.9324384544719262,1.7045127330539793,2.585446110277658
BD,8,2.641143758057686,5.666429678319686,3.5125128501733207,2.3839996064926177,0.5628653849504401,3.096729795362071
BD,9,0.3487009713981212,5.217352369151,1.6448611236612125,0.5010158912840653,1.617372195727762,3.4860221895130414
BE,0,0.9573071174444558,-0.3889647733905931,1.4121248912337774,3.601544765424757,2.261277835616312,0.3306914313378025
BE,1,-0.2828112863423853,-2.325501893750133,0.9587427629686851,0.4550860854706153,1.8193700269241886,4.943515447598144
BE,2,0.4372111627451575,-2.004938422200089,1.5987899279099889,1.336867522272673,3.181221281035602,0.9991191469781096
BE,3,-0.1876249296109119,-1.880077706076154,0.8477891160422089,3.5892553278110078,1.0729591478126843,2.3453983468285236
BE,4,-0.1327669343081197,-2.726010042653656,1.3492342282660563,1.116729381886049,3.974575610961886,2.5965432590688766
BE,5,0.4196230821780943,-2.371680956806411,4.962695655406562,3.5761048465365026,2.9009946819138843,1.3708592329030198
BE,6,-1.048191349869323,-4.037087048065312,1.3482267351715898,2.477899329106856,3.022888325892713,0.7659060837700609
BE,7,0.48212815888906,-1.753366936263868,1.412538067463272,2.9557556072235944,2.7537078334567755,1.0336186931099904
BE,8,-0.2056579977915052,-2.347064469679584,1.4526114012710347,0.3446160831791637,3.579471869782462,1.0463197086097318
BE,9,1.552781089893616,0.4506795831333013,4.102842185492532,2.6626523537479745,2.5921821878323485,1.27222500975758
BF,0,-0.3016582463572264,2.711917074702075,0.5788696281153234,2.734808403188394,3.1839546920276263,1.3586798643379483
BF,1,-0.09206519096852343,2.89694794857163,3.368926512023589,0.7994097208826261,2.328098645291041,1.44344171928605
BF,2,1.407781102779023,3.280440740065795,3.6986785159662032,3.8925729714934296,4.167102885746477,1.2655777748998316
BF,3,0.1211112137192689,1.403751358528502,3.560637011464878,3.050440766827004,4.468877785491226,3.4257114642138373
BF,4,0.6131605123753094,1.285237973237505,3.2259216933836474,1.2120434974997192,3.429287303831702,3.15280102012277
BF,5,-0.6624855722712959,0.2918153224737536,3.0988573835118465,3.773402104606102,2.6816007196515703,2.7979930667601125
BF,6,1.010232377416775,3.786240544126125,1.1977773478367804,3.61153748282332,1.9679287492246864,1.2734593236878398
BF,7,1.060148460316398,4.660183503202687,1.6361977094569076,1.114860280269538,0.9388724883071256,2.6476586513024176
BF,8,1.755057791576925,6.014256680522088,0.7386234074959623,4.95836445447856,4.09053902719213,4.280471885526758
BF,9,-3.06181341735045,0.3631780867447145,2.93679852136258,2.5329194560101285,2.4740197189557245,1.8467817984326855
BG,0,-1.914424521658476,-2.821212070689169,1.4032943988466473,3.8453814042983314,3.9502209916528987,2.49144359089224
BG,1,1.752983989625791,0.5050337015882931,1.2479113329474076,3.0862022400939293,1.4916828874863859,1.0640943197979087
BG,2,-0.1335022995775105,0.3912864695284277,0.9613835837485012,0.7666513414014808,4.836722168650303,1.3881509791501805
BG,3,-0.745323428600876,-0.6003981639943674,0.9620121685283485,4.448008395982134,2.1101645011393493,1.363831314185607
BG,4,-0.9717398076955426,-0.6644944100980579,0.6453490663194092,0.3342415905342298,3.0506251276421077,1.4956971860322223
BG,5,0.262882201523798,1.355700897150893,4.687267479640133,3.3285057702703957,0.26052490940712136,4.834383483538701
BG,6,-1.51289051519235,-0.7096403615455211,3.2536005756892368,2.4602813106837815,0.4367812807838208,3.816232663748224
BG,7,2.125779174061512,1.25250290083484,4.661742695351837,3.9914058753808552,4.237793141789221,3.8414658238640356
BG,8,0.07386240738507907,0.9114825609951466,1.5078414796927622,4.299060741286629,2.347291639211817,1.9820828519835243
BG,9,1.138104275874279,3.757776568425378,4.4144905020432645,3.6569071640808617,1.194957102652247,3.068148258432567
BH,0,-0.461601457041681,-3.356406941590911,1.8046591883251513,3.2133217373963743,3.054468458185077,2.3366072460469467
BH,1,1.303956676660974,-1.1752253203755,2.468860121345125,1.3392186618236606,1.763056609870803,1.0892406281812115
BH,2,0.8884870321751075,-0.9969173267828183,2.084788948926118,2.9202138460639864,4.781888224986159,4.266963619806316
BH,3,1.357007806999661,0.166458064175677,3.1485912001330414,0.7241814200545982,2.04234102213028,3.650380716798702
BH,4,-0.9595318277882185,-2.212892689258434,2.471388998077335,1.404861042180435,4.774355762126361,1.1127343163004249
BH,5,-0.3223493203860864,-2.52234961226092,4.220233162778534,1.9605774358730355,0.39422300979548996,2.8813931642185153
BH,6,1.124736945175023,-0.789979143289579,2.340365852267317,2.1608117753961498,3.609697847475267,2.34930999337831
BH,7,1.029066038882301,2.574406034637393,4.548436555898737,3.461055646489147,4.165333807158413,2.4618576628748006
BH,8,0.3989114626738107,1.784039468785015,3.9211012785059483,1.4824253245336994,0.35560298578482197,2.7735304622971615
BH,9,-0.02526903459044005,-0.6856266559703922,0.683145548789118,2.447515003933704,0.20021099911760257,4.085569937161052
BI,0,0.5733052412990246,1.032516587936761,0.26625046669602526,4.407764005607716,4.191367059218812,1.0951365716756567
BI,1,-2.004388016562128,-0.4397824919512557,3.2322865522595703,0.20259268565179767,1.3408256457191392,1.918198804246521
BI,2,-0.1830759364260625,-1.208341340021374,1.9409846928363421,3.033333332189959,4.8255174300872765,3.194226594824948
BI,3,-0.3987691537024441,-0.3764782417559726,4.780432445038301,2.824548101907382,3.822244339913067,3.630695820804715
BI,4,1.073872251775253,2.363672015108609,3.9240641559528946,0.7759787545145971,3.384397398122785,2.1633257738713247
BI,5,0.1398156328164312,1.25345567316176,4.517178473939383,3.539722640212479,4.302048557169007,4.074019800215028
BI,6,2.132156386644454,4.503913241183456,2.988835816480403,0.5365313039020304,1.7012495468567872,3.3394178528479417
BI,7,1.597341058163372,5.465627689245355,2.4542294419108086,0.975736290618352,1.8383928800617926,4.494882424560271
BI,8,0.9794550016247772,4.326339369796242,1.4000308907928238,1.8526436463592946,3.1248567993319636,3.710234519022581
BI,9,1.372905500497315,4.550230461857994,1.8843220318838174,2.9820091477351567,4.1491710653174225,1.3276882671173267
BJ,0,1.090539888636462,2.183959482811934,3.9697982681240465,3.2605383529520284,1.6166437295788816,3.492939326037853
BJ,1,0.3989589937897726,2.076296462486575,4.623692953732072,3.4965431274894327,4.321646960253371,1.4324293583801568
BJ,2,0.8772089106274084,1.66953442515375,2.983035759389291,0.41722047936675555,4.160916071858818,4.261521450126342
BJ,3,0.6132392929525303,0.9678345367550208,3.1766626061232226,3.954677320632184,1.2858453657527507,3.662733185485155
BJ,4,-0.2707617015124303,0.1539061955564585,0.923994451463904,1.7395324227837625,4.035057006109236,0.3326795047777209
BJ,5,0.1489416298371163,-0.5870607724770045,2.5712683785330475,1.679068386465235,1.4876569877134265,2.7680189788668517
BJ,6,-1.087471219644102,-3.613757180658768,1.1857726867641198,4.56483848761031,1.5566056747026693,0.8678606618131324
BJ,7,0.1671560468073094,-0.2791457961529513,1.6338502408734408,2.594226489228062,4.5139282095438595,1.6348391883094169
BJ,8,1.36812324097605,0.7955418785502018,2.4629604615124454,2.35349614760039,2.3208012891458947,3.846577275092689
BJ,9,0.2542728750913578,0.7920964565874751,0.3190293491009159,2.255513677133159,1.4943440884711778,4.6216947231583605
BK,0,2.019754382760397,2.317410643817516,3.8543479849812132,2.7146601410059543,3.3447642574389227,3.2472555747135754
BK,1,-1.993050670562127,-0.1795960633976716,3.045074165325713,2.131506366552384,0.5285431694440212,4.472550557617785
BK,2,-0.6497410133177517,-0.05396004215546718,3.9529814744584164,2.2501114305698926,3.0019963617397476,2.417983881728614
BK,3,-0.7670585444062842,-1.485902735526511,0.7559279074971788,2.4614506470555093,3.4742059065403885,0.7055440919757272
BK,4,2.275924346655566,3.965799221547959,2.5306375397237235,3.9810969705913712,1.0371886902178598,2.1921709496163486
BK,5,-0.2177866266090129,1.730253120705277,1.6111375520966391,3.2281956530821208,1.9895534932467622,3.1499339014561802
BK,6,-0.2055103877428383,0.6012921658678241,1.0733728413815242,1.1392499371739107,3.1278369678274296,4.2368363156879
BK,7,-1.347393394747347,-0.3978837331774761,3.5838904400560296,0.8480126061278488,3.4475532666642437,0.5516533624445576
BK,8,-0.5129035348032825,1.398537544589374,2.865282659645404,1.9649761575887645,4.824741783117417,4.0213146937467
BK,9,0.3297591599212318,1.876953741439372,3.731440859260472,1.541250563130231,0.9487575778459907,2.669381715078547
BL,0,-1.98217389183359,-3.113633541755871,3.71186582260901,1.7368095229103169,0.9497824760412292,2.0792196985836324
BL,1,0.09529143008934116,-0.8293672524832474,0.37913626840268955,3.7329579559758495,3.330195954259349,4.537158300732554
BL,2,0.8664176424785982,0.6347557570198744,2.479733773361398,1.9889560164616598,1.1449091002348946,3.3152181706574924
BL,3,-0.7131067936685497,0.05704434423500016,4.302031426323192,2.9054507716493387,0.3513287288100184,4.257339625418708
BL,4,1.963223082947227,2.028780681811085,0.2015123028797115,2.351225027787225,3.662089774753127,4.898356707556162
BL,5,2.421117294529116,5.256765513033857,1.1951563844073105,1.0337868063812383,0.2913226090449873,1.7391668157021767
BL,6,-0.4788725508202443,4.664297529941694,3.859541736534312,3.6989598074320895,4.662454384212711,1.1404014611811097
BL,7,-1.275728914683635,0.7995214109562758,0.23083015691838524,1.9267966104420005,1.997445706452485,2.989446543866946
BL,8,-1.473834748089374,0.6327714086548814,2.9408805454414395,0.660804568329961,4.228730983550504,1.4710017847619834
BL,9,-0.5910072676686831,-0.001733411441654509,3.497162248504803,4.692796447492731,2.7619578293591927,3.73894931418245
BM,0,1.015936384641274,1.252018780320865,4.513127061731926,3.897434312798843,1.9852469925553615,3.567724418238679
BM,1,-1.260030358096521,-2.00890999345793,1.811651756678058,1.1679907389872832,3.67913546032583,4.073388936647479
BM,2,0.3756043609218695,-1.135074416255362,2.7813148294256593,1.6808629857269928,0.6785366240951014,0.4987823894473845
BM,3,-1.928746113450027,-3.096691274379707,0.9591519319135864,4.1851431974979905,3.9773925922063524,2.976906069388898
BM,4,1.21200466202856,-0.1201783636415705,4.6482677966678585,1.5018964619261792,2.8102573571645912,0.8139143416280259
BM,5,-0.01956897772694732,0.9234921565064012,0.4713307028925975,1.7302949463431254,3.1394106765118694,1.0572537031150135
BM,6,-1.025073493225251,-2.400275995222575,4.450726141942629,2.217454112126758,1.882094402750611,4.618111339185382
BM,7,-0.103891933395188,-1.605140151383869,4.323356260524582,3.670598680782505,1.485839418222171,2.3555293559446824
BM,8,-0.7106177684951578,-0.4695429443620993,3.0683450607043006,3.6503359721249597,1.8447016751607854,3.033099342088486
BM,9,-1.246423812896505,-1.525369922777812,0.4195077735157907,2.736477575248892,3.348682379327187,2.8362700308039552
BN,0,1.332326291504608,2.288484882540343,3.4823768886500366,2.537615278826004,2.6413577882697346,2.8839658094337235
BN,1,0.5745748913152376,2.677476514537771,2.4473538160821446,3.7827953200801563,0.2665536362471469,4.750857498376068
BN,2,1.22087915752974,3.418409671033373,0.8529828665145469,2.5219419103051997,3.4285562784154195,1.688966837065596
BN,3,0.1890007464683696,2.424491626060714,1.2342940169032315,2.583286913266271,2.999018654579535,0.37152574093469537
BN,4,-0.4652997672586383,0.3594345620280999,4.987968719959812,4.522612453710571,1.7594478701565481,3.509896022652387
BN,5,-2.28677569237928,-2.2417297597773,1.4295615233921437,3.167682385560338,3.9136440175470577,0.5661588289791999
BN,6,0.08430956046648885,-0.07467748870358004,2.5898130676052395,3.4693639997196164,2.4570721606778547,2.8757232291392643
BN,7,-0.01765519264430246,0.4540878125155847,1.9038671733827117,1.7156126006006587,2.571632565826169,2.0045810158687414
BN,8,1.883851075968962,2.134581508011587,0.9156099372159745,1.551453947737051,2.572582396341431,0.2183408661034852
BN,9,0.475011610937501,1.730428355568892,2.2239556421165605,3.6940833520180196,2.981107509889203,0.7658810392373328
BO,0,1.383466758969152,1.092481619284576,4.624303492562707,1.0125811619329554,4.024245555474573,3.0278314858860855
BO,1,1.120993603138798,2.890092706159929,4.736833538867247,3.995230422618043,0.8798845877630286,3.5347937802517575
BO,2,-0.8789252678834927,0.9865683851111424,2.4910996803070944,0.5861533446623879,4.329302333843538,2.2681027233850535
BO,3,-0.553408140500933,-0.9009531370456239,0.30406734883726416,0.7474070854794035,4.452787769187448,1.4240713581769593
BO,4,0.6080495340343197,0.9804165781302607,1.259820699113872,1.4876588874867316,2.388483732713033,1.5119034216127465
BO,5,-1.04159390170304,-0.1590047807589871,4.995141046781393,2.444542032553791,2.8498479967152277,4.178708301600676
BO,6,-0.368689443826533,-0.06806150039383631,0.7582372851985606,1.4644765639447275,4.127360073517565,3.7287646409098634
BO,7,0.5980221595225832,2.336056191371281,2.996569775263218,3.9095565502730953,0.3009961201726529,1.5872926070167948
BO,8,1.595339553889864,2.948241858174159,2.4772027169200412,4.389171919065177,2.441301563018152,1.1358005815274874
BO,9,-1.936148688831616,0.8001068945479339,2.1271050859263703,4.89405476034305,3.2512935887252317,1.450210163603481
BP,0,0.6163566750668805,-2.681369931696559,0.4575072873548468,0.7274220317898439,4.562080771646813,1.1836094656395248
BP,1,-1.046629961134863,-4.661327160728524,4.616263063199192,4.7298167530126545,2.070689721900175,0.7178871839804257
BP,2,-1.067316164665314,-5.036654963412502,3.2418614122934,3.815700205329568,3.218883442360995,4.344535629773821
BP,3,0.4022552631178429,-6.251094281846208,2.8417818924998324,4.231055119165948,3.3468843700564554,4.250005979872487
BP,4,0.8323206157922358,-4.879486763809965,0.8378249583155293,2.539324218534692,2.518502529910506,2.1292998033121173
BP,5,1.304914238703593,-3.778501375130036,4.130676044670479,2.2877554960115867,2.0389867387472993,2.2964736020727017
BP,6,0.8213456753392965,-3.564268609670883,0.22423131721938178,3.4801161610291036,3.7182622319670586,2.8882000026709473
BP,7,2.578424451066524,-1.034194486742806,0.6475138314156215,1.730665126233709,2.304144564513851,2.0444671049936947
BP,8,0.7259430943687462,-1.700855482153904,0.3175650139827614,2.9013919015671257,3.526603214178443,3.478148895292588
BP,9,0.5825585730550635,-1.071926312943585,4.10503571293998,2.0799766767658685,1.1351141830632776,0.3333809207533225
BQ,0,-0.1538683804756755,-2.237927960068968,2.403043712656969,2.817594071729586,3.287597438818763,2.6567267136184713
BQ,1,1.311431411955138,-1.278930819353315,2.9500009570185015,2.9954441434715595,2.8222667035991735,3.6147509328585974
BQ,2,-0.7371419320651433,-2.393848990968548,3.2280650003815357,1.7400325113362096,2.8922896761713655,1.9114219642425265
BQ,3,-1.186515829408921,-4.576020291957738,1.405392635443567,3.2057134745062097,4.476921310874059,1.9611095799735274
BQ,4,0.1691874864477657,-2.775210924019476,2.025970244397191,3.2854462779403133,0.9372871630640804,2.643704155367234
BQ,5,-0.9422461458389233,-1.215493905324398,3.596481435860113,1.4795143351091717,0.897882432392286,1.7492056458769536
BQ,6,0.1295753711756313,-1.763885860832356,3.5326099400074846,4.4420157530465945,4.535970656351829,1.9563718057940545
BQ,7,-1.633618159814143,-2.981448696171353,2.5766821622005724,2.4627708015583694,4.204877890386369,1.9126715224127242
BQ,8,0.09531855084028265,-2.74933964130965,0.9368423484032837,2.3963649939338443,2.10756235027771,1.7151605228296367
BQ,9,0.508497421181662,-3.077634257842028,2.8641256206360795,0.3051812005644889,4.742657926142682,2.129467884241239
BR,0,-1.387256599544844,-2.001155572647076,4.928618177148034,3.226612310576004,4.912944435534756,1.6198550463235526
BR,1,1.324229128639188,0.08232646101855556,2.33931130636223,0.28360236617250417,1.043449107440164,2.334468913960072
BR,2,-2.156480089894353,-2.138336591465265,0.47933282877358996,0.5523478710603488,0.417209825472764,4.17071978013182
BR,3,2.043311720661392,2.985159484499888,4.3892553641237555,3.553030487173752,2.908479629940769,2.7659960865349658
BR,4,0.6175822094453012,3.099461749123749,4.916264345643554,4.907178059367576,3.5131070268014586,2.909004150215812
BR,5,-1.888992912834274,0.9319733749504748,2.9058754605239243,4.99445628645911,1.0531845267399915,3.0255759816128505
BR,6,3.155371211434436,4.902044803696455,0.49475702878356265,1.627992209133636,1.616060928595814,4.15138900531634
BR,7,-0.6246208369319102,2.249189094607273,0.9187063520397045,4.452618524905585,0.3927714800744194,0.611203943123406
BR,8,-1.260916041157908,0.5033265706243002,3.6183833799672733,3.0793257590206493,0.5359788787722479,0.7968627976995992
BR,9,-1.373051060159706,0.2010373482862515,3.013823379577824,1.1599675787849304,4.784026178960547,1.8817380527762535
BS,0,0.2943664680520662,1.132125576963586,1.0606733615837283,1.1166106887026468,4.460058585388604,1.011676851765403
BS,1,0.1234356501944344,1.14757232260094,0.2397788775482834,4.538660473315494,2.8985758221854656,0.39468216570530323
BS,2,0.2268080997976055,0.9861784270129836,0.49907064386878125,2.4215132412135816,0.7610089651624474,0.8775840650255213
BS,3,-0.258737288605952,0.3306983716574977,2.1587152114748447,4.426281043819418,0.5176837673325464,2.5086841769599064
BS,4,0.8333432378784811,1.133192879922511,4.776204289791045,2.220206957281031,2.3109839018030836,2.368141046662052
BS,5,-0.2868033800986191,0.519989340102319,2.740958436047144,1.400595470822267,1.474885896556875,3.026935881242929
BS,6,-2.449950254628939,-2.810075463320243,4.739030522183191,4.414413430255165,1.9300018471690445,3.8843218492554468
BS,7,-0.1263218848330656,-1.873160153126994,0.21279914105046258,0.4553628872907144,2.509388391715835,4.074927148205988
BS,8,-2.904321982832155,-4.653178925961219,0.2075297731677404,2.7435134992803225,4.46458527543243,4.011810678798641
BS,9,0.3943119023418014,-2.527511879704014,2.4165391006219856,4.857950528666559,1.5371972235848246,3.42735431899596
BT,0,-1.219624201026756,-1.980078605081068,2.52777771094399,2.7654878611710987,3.8914548518599434,2.065786409822176
BT,1,1.433051166307231,1.974044090008584,4.307079338693488,2.8162519979139726,2.201810892781191,3.2141026483729154
BT,2,1.294127789648748,1.656102999201015,2.802667980077604,3.6088410525905528,4.076703246007759,2.9832796966492814
BT,3,-1.650868478398794,-2.255003852231437,2.1114526339367155,0.7577129922311299,2.6259224607780003,0.9298328571691048
BT,4,0.9941661531736556,-1.215580902248284,1.3652138542342793,1.0578794617721257,3.6970288719388873,3.2852050785771603
BT,5,-0.1737101938672092,-0.8726892535762711,3.2940209907134035,4.289554411327926,2.5142124510805375,0.4775865115365182
BT,6,2.589876775141847,2.697920511348817,2.016938543424635,4.261987491405163,1.8441181325074707,2.110396957790919
BT,7,-0.6598788131675726,-0.02233444643490812,2.599514213797573,4.438226285483493,3.5715001417813372,3.0955007707891777
BT,8,-1.631706972518511,-3.424925522670816,4.776063705716999,3.1600920992899786,2.5476233738486087,1.2503599014254128
BT,9,1.095656956110779,-0.8853240400543066,2.7637402788825076,0.3755234184843147,0.5435863525792299,2.736145459999944
BU,0,-1.126089082573462,-3.640043987215895,3.811509393388261,0.7925152998327121,0.2648232043277908,3.5603567129054525
BU,1,-1.059527234882751,-4.826377637000697,3.18743294677946,0.9228967548068117,3.560114999238716,1.0666526351642829
BU,2,-0.6066500934592882,-4.997341157736318,3.6246864492349946,2.9636618943935056,2.6931768871492348,4.500698149602621
BU,3,-0.0794232588330555,-4.490150770265817,2.417639515594107,0.5788933480612413,2.417774590768347,4.451108056850291
BU,4,1.686762359782022,-2.014090132517012,4.303386460209174,2.0524396708501174,2.8840735117685043,4.604671608813092
BU,5,-2.275904886602771,-5.071386286336286,1.3305645955672623,4.945094793213629,0.5678732482452652,2.4104018455521703
BU,6,-0.1137839671329597,-4.766162212932374,2.6955163723026394,1.8980351849034542,3.742222015539342,1.1951433402972236
BU,7,0.6177684181793487,-3.738326961422809,0.42511569632798096,2.283628016973134,4.112979968370122,4.885413658957644
BU,8,0.2682475537511901,-3.237374191591419,3.12842323408723,2.1377097885481393,0.27544242257815804,1.4515406837843932
BU,9,1.358778756787495,-2.116148350074407,1.1200748027051766,0.6012414460635513,3.165742986577409,3.7661562305418306
BV,0,0.1436575578527656,-0.5288044997710561,4.713794834518173,4.113796622973717,3.923468117804339,2.944853953424315
BV,1,0.2373683126349235,-0.363284861388806,2.253241887813322,3.4037974528616197,3.325568364738995,3.6200512763395385
BV,2,0.7886466048388273,-0.2741558385871021,3.4957615774987865,4.3175942542069965,2.3774579516823082,4.986034105966627
BV,3,0.3261065767059588,-0.5297590395541242,1.6099313825373502,3.6411106024361346,1.3763453335808948,4.042867604359959
BV,4,-1.18152032165371,-3.925031169077768,0.8631501501489593,1.6571565971023219,3.9994809280127197,4.153690816784282
BV,5,0.5412578891692199,-2.951521012221453,0.5722420047568401,3.6534214907373492,3.056473894693589,2.4349947271995043
BV,6,-0.4127745192158409,-2.701360995979784,3.7391447217295775,1.1104875592074444,1.6161776509584822,1.3418305122350833
BV,7,-0.246706554734102,-2.168976968080551,2.4427560083532414,2.628458261395944,2.0068453122724437,1.2485904002268091
BV,8,-0.8741694088825107,-3.772808803463982,0.6472964877363685,0.5867288672642669,0.9258312454983435,3.2419919823025674
BV,9,1.023549522722085,-3.183621260065214,0.7699355714891074,1.4417409193660138,1.1793023806665992,2.5702579243676533
BW,0,-3.508066693627513,-5.402352670147557,0.5124992800750962,2.8404294961370913,3.8713151280384808,3.86577858533136
BW,1,0.6638057847086141,-4.195751714392246,1.3501118920138948,1.5531112084279404,3.678658306149244,2.377677818181048
BW,2,0.5512123416623265,-3.064398740343226,3.4320040764483983,1.030284138539576,0.7073874896828625,4.42094120207954
BW,3,-1.884600512883921,-5.775578401766621,0.8494791205650976,4.839426846616708,4.305162359878868,3.425408018950715
BW,4,0.7637079359495267,-3.968217018635249,1.4093554570346254,2.1541166925251916,3.6750471852979993,1.4615664529661831
BW,5,0.5374918964138291,-3.849255524847439,0.49774260816008853,3.354489900964129,1.0060050942231598,0.5913324445105903
BW,6,0.5274963427761818,-4.033640657811902,0.7000565464209823,1.389783652721973,3.091376638460663,2.353683792850446
BW,7,-2.757520177953933,-6.859383406830204,2.111348793552562,4.645646034877371,2.1924547877432046,0.4279995140233245
BW,8,1.739695094155517,-3.999061244133499,1.9159336334649246,4.531979935189117,4.041934172525618,3.0210980878160743
BW,9,-0.5749477962913059,-4.555615806688022,3.5559579579499077,3.765108661872128,2.621419354147339,1.836326892518205
BX,0,1.824480460576995,3.6341290774077,2.6463210880848136,1.2162678395882223,0.8957183814399421,1.3899892845984319
BX,1,0.3149614591836239,1.478941252092662,3.609861421832712,0.969521593886109,0.6666517505147875,1.4904480249826728
BX,2,-0.617646234604305,0.8100687469005963,0.7404623513399164,1.4999476262933784,0.9968324410437102,2.058216204959262
BX,3,0.3958594474457939,0.1722470775839471,1.4062612699038737,3.6244856995173533,4.1778337602093405,1.0316089123254149
BX,4,-0.8201367344066801,-1.523328846665152,0.9444477514286898,3.3208598720253426,2.9386271419935883,2.8071528901485645
BX,5,-2.076810747855643,-2.687593762020111,4.710802383314545,4.814280728362267,4.945051162252329,2.6431993281133574
BX,6,1.236418165231297,-0.5873499643215258,3.7332078502324353,1.3797191243083835,0.35262227841729976,2.8841405096751287
BX,7,0.6840418145138064,3.011716309376689,0.6986300350330577,4.624485211418244,4.9778471875885435,3.1237772408416076
BX,8,-0.9465663705796553,0.7643501547775543,3.2994808411284167,0.34261655218918463,4.060665824579544,0.25136991019854094
BX,9,-0.9681552327790639,-1.547373541542935,2.4880439330162853,4.03543680143441,4.7055763679104325,0.5480213892279723
BY,0,0.4087420840745809,0.001566804173003533,4.799988180650492,1.9202974997195055,3.2879572424238663,1.979217358860951
BY,1,-1.094590429595286,-3.547809879299842,2.7880913813018466,3.022351227092572,3.7248254889120216,3.48502671019367
BY,2,0.5020885334050376,-2.417409464041188,2.560995926625967,4.321780070269987,3.1227021918845543,0.6163074638182711
BY,3,-1.331476725381079,-3.098039357015462,2.726442919742711,4.635547598893146,1.9262772984233163,0.4274744825540058
BY,4,-0.3450861789581289,-1.938729755011616,3.311712802362981,1.9561578378835796,1.0548946627279734,4.980732410082588
BY,5,0.3708140523923899,-0.4914019422462573,3.1625611543635217,2.2470831165402543,1.9100101532084934,4.755292539290274
BY,6,1.646102483204847,-0.07996637827264119,2.4598050144788757,4.666457758257391,1.4398678048372926,4.757739404777187
BY,7,-0.1891195457287246,-0.9483270587575443,1.6528563070836915,0.20768166740830551,0.8036271320505504,0.9394549234554668
BY,8,0.7021618483562961,-1.371825167761207,1.5831882332884242,1.4317138246144232,2.807438870433143,3.9385127609010677
BY,9,-0.5254761086195292,-2.969976122941088,2.56014422520362,4.6073418167737055,2.8947073853725955,4.368889671440847
BZ,0,-0.3287112477472512,-0.9196621098024815,2.221481215796716,2.802179711392737,2.7218247468734726,4.14831797331201
BZ,1,-0.8835171984127401,-3.498784464193595,4.622174038898405,0.25530042738179065,4.130373280256975,0.48348367754533167
BZ,2,-0.3757331623148127,-3.781071999925186,0.4897733579191602,0.8060732759263101,4.031269184734642,1.5969837777807427
BZ,3,0.1060587590111199,-4.145558043630768,1.8267849804422625,4.7885744144306,3.565576101422315,3.212696194752867
BZ,4,1.649452860721684,-1.584677242296169,3.349047713829263,3.922479462939574,0.36321163747047813,3.2960334160203724
BZ,5,1.260395897319565,0.8923525807591237,0.6931651035229571,3.4759748172084945,1.0825161894743227,2.7143643432584494
BZ,6,0.5362836873400898,-1.3037373754611,4.703227241900314,1.6892498520064312,0.7621901379678344,3.8407984036663554
BZ,7,-1.89129897907847,-5.114887982422321,3.648028045057275,1.8092344041295076,0.4206961840952538,2.656467597901347
BZ,8,-0.4770739514890643,-4.542066726980026,4.754685622577005,3.750619074382594,1.4903965510091934,1.2669963818780006
BZ,9,-0.7164536362287875,-4.249293040198602,2.1791516417322856,3.2918370897385594,1.407668488042341,1.4049714344894288
CA,0,0.4237742442535014,0.4895552769921457,1.240689215613683,0.980266965620028,0.840538611578292,4.819047022237787
CA,1,-0.5821186427965862,-0.6864056884442795,1.158052971004482,1.9370938287326205,0.4333280497904887,3.690666298933734
CA,2,0.6294532876214796,-0.1770435069627689,2.373980953204988,0.2488808953620378,3.227715597107753,4.268250347747939
CA,3,-0.7472465063621404,-0.4046363238947246,2.0689228915205673,4.008722124184912,0.2608769735359523,2.462274624353919
CA,4,0.5632464196437009,1.180122808855012,0.8712929616503058,0.37208626726604876,4.487958070919769,0.23036031872499427
CA,5,-0.2906664741468853,-1.547631689490737,2.1094425723955474,1.6960994426652514,0.9895076546379413,1.672105961429704
CA,6,-2.249772494556341,-3.16545987353893,4.980993364476282,4.5892831970934465,3.6069922916093433,1.3196148162754922
CA,7,2.228535704300735,0.02923800809034022,4.37088501846001,2.569765285863757,1.374724879518585,0.664192293413515
CA,8,-0.7421399371852437,-1.56226867467268,2.4394943963815483,1.0559953272865839,0.49692353694112834,2.132202446136072
CA,9,-1.159455097792523,-0.2018790764382801,4.223206855352711,4.18110203657466,4.059103435367463,2.28402111067516
CB,0,-0.1596110415375825,-0.3991280826060649,3.048287710167659,2.3029026875555494,3.681240022223482,2.2846596568469493
CB,1,0.01279712446950952,0.09343879385742396,1.5568798938358748,4.044384974482373,0.8276120541102308,2.798758875672679
CB,2,0.1961166688486524,1.132949339088405,0.5877168103272273,4.383188677323334,3.497407709541604,2.7235609554470597
CB,3,0.695548718525719,1.008894420324462,3.6551935424170963,4.344788764417258,1.0925256815592896,1.3300591824839596
CB,4,-0.1758415524751527,-1.017939006737124,3.206929670404247,1.204431518088269,1.2385352329826507,4.0134847434999
CB,5,0.08354892756557852,-0.6086081580536067,4.6383148236875,4.689689087675926,1.5242737118116447,1.9978281428870814
CB,6,0.964875911910168,1.800147021475749,2.991157863884226,2.201490972744686,2.5828567887459717,2.536152852524144
CB,7,-0.2728060128306558,0.8889189066885244,3.690073642792145,1.0189308952772378,2.847305473914448,2.4415578716561552
CB,8,1.352273698510559,1.132706632215321,0.7159438849653568,2.710581139718564,2.16563572030405,4.5470479002217346
CB,9,-1.016359913606406,1.156178888799528,0.987177903234886,0.4175435394368856,2.7644209271819107,2.424861299731348
CC,0,-0.02573577379562977,1.741834417150388,2.1241922007371365,0.7586885881725876,0.9289634523949557,2.8760265358719628
CC,1,-0.1900557756363285,2.476093148340897,1.8314645084804726,2.5296419037723585,4.982374393602185,4.606047026622626
CC,2,0.8880084508962477,4.438716671594791,2.49453483345811,3.4270162817744447,1.2896582233027698,0.7764942327322508
CC,3,-0.4584787726155056,5.160395126693203,0.9640392870018544,1.3596831741404056,1.4830813624689014,3.1431117636408223
CC,4,-0.5528158365302631,7.128895870734201,0.2955182312619119,1.0697699433423609,4.767668108350923,0.4503489277742242
CC,5,0.5704410699269047,7.654124418249411,1.3496293981369234,0.5722597537302377,2.0348493863723633,2.6631968948075384
CC,6,0.8611504754127763,8.534432929878157,1.8504429836765395,4.959567866721514,1.739637995359897,1.5739954336829405
CC,7,1.236616309953721,7.697184539111961,0.6783626697839835,0.4070627400854985,3.190834590984672,4.943180078702209
CC,8,-1.783296099309824,4.259003670259785,1.785528119201978,0.2807688117776184,2.75060662526607,1.4629121242651002
CC,9,1.185859441526282,5.659619037205965,1.186936573694511,0.4134074545901715,1.9093957022232042,1.6371009020448861
CD,0,2.420999321656919,0.5320859530219182,4.761561801922069,4.839271025644054,4.352476936815857,3.4613993907309455
CD,1,-0.9170212582047756,-3.004761595678481,2.5160555066509187,2.7722370388663387,2.456212199754487,4.800527123601024
CD,2,-1.37858948444523,-4.592906494430499,4.931270616349825,4.486341271310718,2.415705238099983,0.5059115827500016
CD,3,-0.2073155655138057,-4.034162166913427,1.3814361511055742,2.6948837347682804,2.650507903014143,2.520610858164123
CD,4,0.1942016648804208,-3.416625992788853,3.1157502580502365,0.2509242225860792,1.1204692781983832,0.6221408774725642
CD,5,0.8159318016990509,-2.404825720493013,4.413440882787344,1.5069015331908073,0.5119147474385809,3.4761569756060005
CD,6,-0.4459123647693259,-3.020544013537039,0.5846012144128172,4.960000827587972,2.151736812986785,1.1454555370081039
CD,7,1.301694204512314,-2.789863123345641,4.635553913794244,1.7337593620625116,2.0298901459598624,2.33727071986959
CD,8,-1.371482628332483,-4.796888022885429,4.654984741014627,2.4566878969509007,0.41975501966641,1.7532843288482844
CD,9,-2.338680851169738,-7.459912312224137,1.0545311610341161,4.345735888644644,4.109283122831318,2.0205067840794197
CE,0,1.999097943879865,4.543434437589509,0.7691540752540527,3.183012656502546,4.134845889644254,1.479385987988408
CE,1,-2.267895848896553,2.084575391356278,2.61190935333592,3.5049831486395946,2.015520145233257,4.825245517195316
CE,2,-0.3165562967701421,1.932028184903323,0.7504077463464289,3.011342020185932,0.8371586127074684,1.5747840369257924
CE,3,2.653285088481818,3.512433943575512,2.6382726576801443,2.222379751860465,3.2994581331564787,4.24981924860755
CE,4,1.455785398203958,7.367127630336773,1.8957043663846296,4.714735075590993,4.480474219696778,3.1037918159351388
CE,5,-1.657431666807697,3.180384255833532,0.37929127728638845,1.9189888363653882,3.091649841531402,1.9735984234413122
CE,6,-0.2718214265898304,2.421306529922703,1.323904157771296,3.708262036022695,0.3615891272311865,2.6855557863534605
CE,7,0.1571176295234967,3.153695901159002,3.7021923636276948,0.9825095736216898,2.946972143071623,4.9656981476645035
CE,8,0.4607564232252554,4.020416688320405,1.794719863875602,1.005591934071283,0.7811635471224114,1.5798722350137615
CE,9,1.141229009767462,5.442546319322418,1.2923798006673584,4.220776122192312,3.6749511864104885,1.3938776047686723
CF,0,-0.1353069144831076,2.672464537197849,3.1329493630239593,4.376881419105909,1.3939131970880851,1.4216769295575953
CF,1,1.94062688296715,4.635239445168214,1.443290527269285,4.07223363623334,2.846245790975894,2.787411973399664
CF,2,-0.282901115610716,2.47189353566076,1.5705274499743143,2.3929701572250344,3.1008194885779434,0.5175441598229222
CF,3,0.598321483840913,2.677949744362477,1.7553711691366185,1.2087076655902698,0.31885918584347817,0.2484296821361719
CF,4,-0.4742332134987001,2.508317209347483,0.5501654296243883,2.6965501970392483,3.4213048530961876,2.682851698015567
CF,5,2.320495157748446,6.402714054328142,2.638446860816754,3.770018321078417,3.093357359490723,1.4598503493947963
CF,6,-0.9559551480252132,2.652160396767489,3.2355851148640533,1.5252484469191216,2.605431082171211,4.0965472445690665
CF,7,0.8788407661061455,4.470046917185709,0.7167448051110981,3.7258864144023196,4.2516776664625,2.753160551550372
CF,8,-0.8431488924139009,3.160524966941793,1.598629815151341,2.460732446393554,1.2855200920017307,0.9513129064801018
CF,9,-0.5780163587873866,3.244833989379719,4.009295739942273,3.925254022809864,4.285742427950796,4.965530056194315
CG,0,0.6372079481349167,-0.3713210975046991,3.219172821619885,0.4628105244362423,4.6944311167442185,0.3352515385566843
CG,1,-0.8648231452705492,-2.536176544222286,3.9196202528655615,2.2694643932313388,0.22136826885058591,3.520804336502626
CG,2,-0.4783866978037111,-1.932635244751709,2.6549269872018915,1.588858806006753,0.33231267284506316,1.9043657656927138
CG,3,-0.3159678284742198,-1.537017121901481,2.9832027019793537,4.486058726207223,0.4847573397242753,1.2173764461608947
CG,4,1.184981554587282,0.2187391968919588,1.7303600475805736,1.0575802562230159,2.2093233655535816,2.9875875982580298
CG,5,-0.6356901788929286,-1.169705999734503,1.8936712599691212,0.24814511616734036,1.281275864670709,4.00301015315328
CG,6,-0.4175659432620887,-2.414791117146923,1.0905428915681954,3.2308453353744375,4.215543692306251,0.3847861334675592
CG,7,-0.7643657472248238,-4.398247002468555,2.0195934463839977,3.328316870613808,2.7373730982878937,1.0058963722894014
CG,8,-1.507662251940596,-3.804797474270903,4.248456781011306,0.7165072758784254,2.7352163869776565,3.3330450910998843
CG,9,-1.259181664151525,-3.645427072816476,2.301111496286955,2.1196026782630124,2.706313136227025,1.5185493263170158
CH,0,-0.1466134271844171,-0.879837420025462,2.468843570287411,2.56415629754892,2.299357251158192,2.127586487667843
CH,1,-1.006316197801009,-1.668293128966678,4.822986957283553,3.7538871512709333,0.7284150328484453,4.234070709415615
CH,2,0.8233455053046982,-0.6058223305016577,1.5775606268138072,4.591252066320602,4.743197611480388,1.3280645525520156
CH,3,0.2253148882593353,-1.462989965089913,4.421935004902566,4.9702553642638625,1.1734184644120982,2.0002511030505796
CH,4,0.3103274680528703,-1.243978446630754,3.1967618086390606,2.6014779430229518,2.7566149998051817,4.15617554203173
CH,5,1.252856608909421,-0.6746961830712392,1.7196332993708612,3.437583961046098,2.8438352344746254,1.2831209003898694
CH,6,-0.2893288336871515,-0.8455238340943704,0.4685944377369184,2.896359476099232,2.6353382654795876,4.184096020490513
CH,7,0.2795331767390577,-0.8191493028089077,2.7369059300566336,2.056187392679522,1.197009826381151,4.3822276519523795
CH,8,-1.397903437029405,-3.033581297589587,0.9517135831504338,1.7519832350524898,2.0687062123423847,2.898956139994948
CH,9,3.463665028153464,3.176609429124532,4.493254329764877,2.5389675865589596,2.3889341997552846,0.9706604339196143
CI,0,2.609904017950635,2.882830696052124,1.280734866283681,1.760854627858211,1.5253526133090627,3.2503647220474474
CI,1,-0.3776292762422009,0.1909423257799127,4.048565712425624,0.6405748287239874,3.204137343849877,0.8467579510109933
CI,2,0.5227969282319971,0.3475910853695399,1.4167146088907718,0.6386609400388205,2.033178341664143,4.832174715940342
CI,3,1.568030144275453,1.422810607125766,3.4441647967221094,3.4615529850008997,0.3961481569420521,2.3551941930171907
CI,4,0.4484034225726314,1.945861707769427,0.9855356405227904,4.446546179536045,2.587666090744009,3.1449151437264535
CI,5,-1.065926584129744,-0.9614625186398331,2.1033508239032193,1.8911692513367893,0.8588741448023394,1.983925205158791
CI,6,1.420043142998096,1.193630537859387,1.2706745554257686,0.34419886310286074,3.702352770696965,3.250325700658876
CI,7,-0.1955134060197974,-0.4457709556447558,1.2464641234316518,0.5082420770323116,0.9637975418286799,4.723850510062432
CI,8,-0.4849367524390463,-2.448907628844319,0.4184206729929979,0.9726606370014896,1.0326885673532344,4.368562463058079
CI,9,-0.4722030634107168,-1.580603718058283,4.6296119141265955,2.7281142364097852,4.840381885532063,1.318034810110864
CJ,0,-1.072292936302182,0.6186126554994212,4.93700987753779,4.51993061135502,2.5633334217143267,1.3866157106178307
CJ,1,1.530096896644443,4.368842664564632,1.1649648350285537,1.319466891492715,2.8496812549867085,1.2708936570294203
CJ,2,0.305099408949093,1.851348441226579,4.404899055480954,2.6620132308189004,2.32961740962198,1.3335609009097549
CJ,3,0.1236530934643526,2.094339805006957,0.9015882806261959,0.30632391438155115,4.335588608643068,1.7255149634525273
CJ,4,1.2315288976621,2.01771433775906,2.892751441279685,3.616104462841839,3.845843561711073,3.8015972985095656
CJ,5,-0.3122369701535289,1.929886317475383,2.899657802393025,0.22874678038987428,2.778043379223729,4.495193091593413
CJ,6,-1.789949230581545,-1.558828564792518,3.0007572766840145,0.8224390418990093,2.3257465373637056,1.6625247613910394
CJ,7,-0.6986151950454133,-2.571270490191667,1.092716686678573,0.7253449080593442,4.825810202249172,0.8167763500043403
CJ,8,-0.4705299869345324,-2.509372526410371,0.3254289214138044,3.6532363430176757,0.6373132845247549,3.0942614347083133
CJ,9,0.8094507541692648,-0.5934102864239874,1.439584817031957,2.4276894811501353,0.6067557572739044,1.9829925191010356
CK,0,-1.095503457333162,-0.008353019000334694,0.8111398993474161,3.711045820604369,1.9820573685042264,2.105969610764349
CK,1,1.697621408771608,3.521270672935056,4.302988243356863,3.6170312047817137,1.5982597580823366,1.7511675493755048
CK,2,2.480364271637211,6.633079452733266,1.7902637630225318,2.4135088807310665,1.2680593581098323,1.9294884414532634
CK,3,0.260644743654336,6.297072021213335,0.5762138692379958,2.883843530510249,0.5518010344150607,1.2091899743660766
CK,4,2.059104240014753,8.55344525780522,1.2264814271293867,4.024731670397368,2.327173313924805,3.534590913170143
CK,5,-0.8485837558975886,6.378157792824955,1.8282792303975541,4.278482693482321,4.81578768380333,2.1045683762079257
CK,6,0.4667731860118324,4.492547527568822,0.28322666338494995,2.843188154039234,1.5230478729457309,2.887601833165457
CK,7,1.728964665328633,6.951207775747089,4.842535996555094,2.424612297462277,3.505952366533543,4.992230308332481
CK,8,0.5608591623868799,5.523386773156309,3.8019211899692977,1.6483353592320247,3.3039710558673123,2.324100433418957
CK,9,0.439646160972491,6.085298505761899,2.59025624548212,4.8467524341094235,0.4303579224929722,2.099418586723483
CL,0,-2.167381832964478,0.4454349828148367,3.157278123792345,0.8720414292201537,1.0324677464879657,3.8417623471434488
CL,1,-0.4133831382869297,0.9988487224210705,2.5344230226105635,1.9276970169002536,0.8803039480547952,3.9575397975285957
CL,2,-1.373995424266927,-1.390439686494236,0.805233751619203,1.9192216481797872,1.027122756562922,4.228744064749135
CL,3,-1.437361021315373,-2.296758562827319,4.330032374063833,2.4245681778572243,2.5707065845147143,2.160547463212083
CL,4,0.783615237989634,1.177187752211764,1.1615676397796375,1.1171707800742385,3.1322467419883138,0.7202099003203912
CL,5,-0.5035247883426428,0.7399763676414409,0.8466987052330275,0.265805718324666,3.339420822762698,3.122284806187589
CL,6,-0.784825242293939,0.5013053943231921,2.3393969868903026,2.2518107645925407,1.8396244845199736,1.2318423947284638
CL,7,-0.6793879401660151,1.121703533256025,2.305923910000461,4.477931136187836,2.049997625564219,3.8898943778608537
CL,8,-0.367351554445067,1.681069971109198,1.1827394238333753,3.396565309973109,1.4333256639280771,2.8158038075884027
CL,9,1.260899118042659,2.901767322116419,3.6813512294344792,4.550779369743079,3.9787763404651275,4.053045965770506
CM,0,-0.7653592402377271,-0.3123473901772055,4.19974081812556,3.171814098015374,4.9940723946900984,3.5484079645895323
CM,1,-0.671272929299451,-0.5284868500447996,2.8347315356181806,4.877673674408644,1.2314405721232633,1.4001745016303317
CM,2,-0.02774820237757486,1.027216526595845,4.4990026367037945,1.3337507182683705,3.624049752165195,1.824636309365962
CM,3,0.6157782793433163,2.171130443733396,3.1859585792986724,2.4443114276168054,4.562881553262358,3.6960860098136834
CM,4,0.327599488219638,1.8160662294314,0.798406699323664,3.971109649205964,0.8181493064066827,1.4243126113150597
CM,5,-2.503600382746591,0.6774801176881496,3.684121459375584,2.76356875126649,2.221218051242694,0.3490624546994232
CM,6,0.9571181562627162,1.551756853726721,4.655720932568157,2.6127120048444414,0.5651024777850194,3.8061312543110573
CM,7,1.010536947076557,1.396429868796327,1.0087485464166428,3.8827736016828074,2.6790997614660514,4.562604204262344
CM,8,-1.429671886813342,-0.5562419138427799,3.313072590139966,3.8176179598650886,2.367393108577839,1.2406942070209581
CM,9,-1.461668662889718,-1.973212541693766,0.44696864637775346,1.927467891194822,0.9784138659636248,0.7874134399600441
CN,0,-0.5864583960801151,-1.171886053422422,1.4705430575001939,3.2972892942782157,4.968320328635396,1.9273259290520948
CN,1,-0.1391418802885083,-0.0110301779027091,4.499966017366418,0.9943343407845098,4.480502706821472,3.7164687078240464
CN,2,-0.178620716568648,-1.384919180981695,3.787385014710871,2.264146905949716,0.7810924263349794,0.4643302600212632
CN,3,-1.852287405849813,-2.554614992205407,3.8655573931018865,3.6209149356675905,2.7207844994145245,4.41737950872444
CN,4,-1.446272280850446,-3.776785485585657,1.697790612642039,2.6829954282072737,3.0787513137439553,2.2429581646248296
CN,5,1.409042679539189,-1.829455508946123,2.7085995940317065,1.4909709045393862,2.8081575447418783,3.5153037627532435
CN,6,-1.683240573340644,-4.384616295980084,1.1675995990717445,0.22683064735092984,2.7604170345008194,3.5612937440652384
CN,7,1.133159163524656,-2.375089995879505,4.444278848896462,4.463144011325041,2.813380689471841,2.1910937760891604
CN,8,0.2584855056876558,-1.842280292737183,2.5750690458349275,1.9092713655753233,2.509029955803903,1.3793592396878631
CN,9,-1.539123742570411,-2.226688545617585,1.675238055863323,0.39188721302569185,0.8049529663300885,4.082712034486373
CO,0,0.7469696518438915,-0.6632000301938513,1.180674406631722,3.6370635549405255,2.4257602620462726,1.4165160065027582
CO,1,-0.716863364668876,-3.653859499727792,3.980949109634462,0.6143025175693078,1.8034530601800955,0.37060234884433674
CO,2,0.08663206577203086,-2.522868468099843,0.5999567653223936,0.2408506714656909,2.451661722312454,0.3937745108517133
CO,3,0.3501086132830016,-2.507387814935845,0.6230550046069034,3.887689105746806,4.7856494595919425,1.1417845791563892
CO,4,0.5738302441555355,-2.331031641383927,3.7536438115461754,4.229646143797153,2.3354269117907296,0.4446261756521482
CO,5,0.7030006452820501,-2.32945748691419,4.655506698440932,4.537928429738903,2.2825636210505467,3.5065165965191114
CO,6,0.9193741239368924,-2.663989305145555,3.4375703278684457,0.7232298476875205,3.1890848631925195,4.4232763057338635
CO,7,0.5170370826527194,-2.451018242140766,2.6460999028347145,1.2964918446422975,0.26590580240057926,0.445982698829968
CO,8,-1.137839870822071,-3.389351070937869,1.5570239265778374,4.403767777454218,1.3229011629476444,4.989011023835441
CO,9,-1.347093303323968,-6.342237641491787,2.565968937954918,3.090388694855422,1.6262018571942924,3.8798165052062883
CP,0,2.673667916595574,1.391705285389956,2.591201175374863,3.616983528841716,1.3467900996213993,0.27382098101497193
CP,1,0.5970175751799329,0.8492220504339225,1.5471725877861686,1.666260125275783,0.4285761353927631,2.2604007777858457
CP,2,2.497372603658636,2.555133708341133,4.184692895043657,3.8056911680525514,1.9462898548886132,2.769711527152932
CP,3,1.992089585162748,4.111594688521596,4.122246350241494,1.4408470928344344,4.830805220961023,0.41620899693944513
CP,4,-0.1440683357426426,1.371493119381653,3.9473367002539934,0.31259130765695264,2.6121414346668868,4.422574981455387
CP,5,0.05242614637219642,0.1584067313684991,3.9014897225139413,3.456620516390648,4.933790837321987,1.78198924804581
CP,6,-0.2928470952001208,-0.8602359585259551,2.674042307965649,4.18409290143804,2.7414738301048525,2.2385739750786344
CP,7,-2.13856841089877,-3.236992104479539,1.2746252226692292,2.4806693033967853,1.447497014423874,1.453893500793795
CP,8,-0.155545995087907,-2.622286764410719,0.7099271248983219,2.2943048110098583,0.39719314791101057,0.8884517976575812
CP,9,1.596075662536183,0.265822480830078,0.7122741990857677,2.572958268342805,4.2941007216201275,0.7772701493984489
CQ,0,-1.126557742503377,-0.7484735345031318,4.967599059271622,3.770398157622204,1.375385481336325,2.079006831370052
CQ,1,0.6258601966382611,1.686026586625548,4.070032578209906,4.8392791907653825,4.440101540633138,2.7744535307104874
CQ,2,0.0006399308840295825,0.5168338215281323,2.5181811819806215,1.609941311432523,1.039446202769468,1.4667684254494748
CQ,3,-1.190349437533578,0.003090901311725847,3.1078591384456784,3.2018457607125352,0.9792295700807423,0.9995433801290108
CQ,4,-0.6160475144526576,0.3861353838708385,2.2207592300051626,2.491215392022355,1.1079998158960314,4.139379982449651
CQ,5,-0.1804816540201267,2.968763734884382,0.6656802042032446,1.5852844924567349,0.9186634364352664,0.24947112163191143
CQ,6,-0.9595667590657508,1.945410683789256,4.07684607682773,4.35328736000492,4.0037118520054795,0.9070527785769507
CQ,7,-2.38822702037852,-1.737970524616266,3.6699803223140286,4.312828025316156,3.4463762559735165,4.967824477528222
CQ,8,-1.899892914808652,-3.354977398614015,3.8621885424535547,3.2118653338151884,1.069757424061018,4.491715437339062
CQ,9,1.43647047397118,0.3768276812191304,1.5536791527468656,2.781407692477633,0.8577917386752549,0.5826606388953325
CR,0,-0.6085916011953382,-1.40027028175601,4.252267855110222,3.014425021860158,2.864692147973893,3.5286839930121996
CR,1,0.3141871478743165,-1.740524449716547,2.9431220945441017,4.021237245790567,1.2576156824281142,1.9153188886227834
CR,2,-0.4190837007704607,-2.739179381234954,4.208656316070858,0.9807499364781298,4.353399680875115,3.9012733986419765
CR,3,1.759995735789772,-0.6004192991931352,2.6685029515138976,4.811346869132871,1.5193877977410515,2.309995557841032
CR,4,1.041366686235051,-1.59391730785462,4.07538153637578,0.5526498930411506,2.679591028970469,3.313170987289659
CR,5,1.311525260152359,-0.5393874771537067,1.7871673981115561,0.9563902417554648,0.3674884474664287,3.113072143922418
CR,6,-0.5098728894104534,-3.890713539436652,2.1668308832269867,2.2518128907449477,0.7488285851366863,2.6157854301815675
CR,7,-0.6835334533099318,-5.313370575837649,1.2340686161512548,2.6115853709385672,3.0514541048226733,1.3275853838512708
CR,8,-2.095395401657158,-8.19854791834978,4.312787118786374,2.8928970079198577,0.8658743528422825,4.4310781984367
CR,9,1.806106230787301,-5.276256923639466,3.582050984280058,3.630878025721349,2.673278874453627,1.8889562359418248
CS,0,-0.7828036263857246,-1.727593486551617,0.6830149752965082,3.1548017934781005,3.1536747906192204,4.645688978127627
CS,1,0.7206970931461014,-1.400986293364264,2.105121512733464,2.9249313619341026,1.2588633632733424,0.3826900371556159
CS,2,1.090507249066965,-0.9613919920545464,1.6980728278234924,4.112545278108627,2.267260831897014,0.7889854913276633
CS,3,-1.019057162311193,-3.374723624070106,0.9794116506001211,1.3544683846752852,4.696545514043595,3.5034796079047728
CS,4,0.9428921051093543,-2.515850702944491,2.66521855061001,3.149559783400452,4.929403673329965,4.889836948593559
CS,5,0.01548986903598104,-4.049654563320353,1.4846913722493518,4.949445045800445,4.284337575369083,4.446247486921543
CS,6,2.40957832294789,-0.1939904726783439,4.85003184003059,0.3110823403634484,4.621660758759919,0.2770267873801805
CS,7,-0.6211595028757116,-1.972037326982272,4.077764924395133,4.659686824920306,1.3067800934878777,4.7790161831051945
CS,8,-1.530307076801561,-3.951443544850998,0.4402170154896556,0.3208469549864489,4.296244597652681,4.31124350775041
CS,9,0.2889804087775303,-1.605830839621187,4.642967261424029,2.139661210312756,2.1498785136005067,4.796002631621308
CT,0,-0.4122697242402829,-1.445794576707387,1.9639325192980799,1.405318145996168,4.808089192588998,0.8890404662346667
CT,1,-0.5045808299309281,-2.270460787767076,1.6394972995173354,0.5829361440166453,2.8304026522222756,4.87357612208371
CT,2,-0.941548058708833,-3.085467508261809,2.3057093423841417,1.384344633117566,1.2169855888767822,2.28945407340212
CT,3,-1.943133149826984,-3.347390670284086,2.9363224366649257,1.1879669364813639,0.9585967211131659,1.1430274279927195
CT,4,0.6862988109479051,-0.9014959875404622,2.485025574183576,0.2747063315157215,3.2654411602562536,1.9792767118683787
CT,5,2.342182213141117,2.198791382340518,4.771250489307423,3.9374456049855144,2.1692369778948715,3.386997538001813
CT,6,1.750248896870488,5.417737000629739,1.7773157066681842,1.0026848252400808,3.942029923090685,0.34481108996787524
CT,7,-0.5155807080468683,0.7150129159736531,0.9718426102292415,4.561551562614415,1.985027745895124,3.752813406840554
CT,8,0.8768131007173103,1.865461555516525,2.353240955918527,1.302856128747638,1.518479560491648,4.492850401827465
CT,9,0.1184813835962843,0.7831992038487795,2.06701749819438,2.855082281632015,1.026917563890369,4.031030714007334
CU,0,0.638458392423708,-1.060303219797069,3.8014616121264986,4.0013240181741585,4.043021607935374,1.422968329744735
CU,1,0.08548761705872704,-2.1722187513324,0.34101977639766157,2.052331271430037,2.3749033781783764,2.9143846774446716
CU,2,-0.7670620050572626,-3.810405310500486,2.4459858432981734,4.511745761939421,1.264933693122048,4.962159294753205
CU,3,0.04627350729297186,-1.549354330709725,1.6075576473277176,3.1415469412932,2.8810901934974065,1.427698589424183
CU,4,0.1721750082262761,-0.9342300496781737,3.756081420128318,2.7462287976713453,1.0309922332442067,3.2141575489088816
CU,5,0.3257274857293534,-1.261414847513309,3.520713623957084,2.628612137887608,4.600619525657898,4.079408345835833
CU,6,0.3594249151205268,-0.1029480087718262,1.0502956616249004,2.342956681609911,2.1510745194201286,4.328395416073122
CU,7,-0.4419257995180073,-2.912493195023639,1.6857049086143485,0.7253863756680814,0.9829362683589191,1.3089730200798317
CU,8,-0.2262024319650455,-4.243817778764409,0.7740145429405794,2.7361913189758127,0.6531870234906121,3.3410971368202635
CU,9,-0.2558044348271621,-5.913556732162325,2.1309455720913935,0.7465348385597055,3.690728052415642,1.9182167305936935
CV,0,0.9330876987773367,-0.7454678282166307,4.769626691145207,2.3484502143890116,2.9458610444646016,3.054487173026244
CV,1,0.158856681831234,-0.9510202718754509,3.0140645645312594,2.059056194422952,2.0025448121472156,4.506566457968112
CV,2,-1.256347276181494,-2.265354853253344,4.19114739032229,1.3793440604462246,4.151925906879167,0.7470765742736842
CV,3,-0.2704331412892498,-2.218740961038738,4.271422425404415,3.044380833477965,4.591176703935323,0.7957756294234706
CV,4,-0.6614658481264416,-4.063997533305691,0.9570244637683978,2.41567161747606,0.23367913521042993,0.7207920694596324
CV,5,-1.434191384870079,-3.575120332380668,4.038488487438166,0.7031214752301536,4.9896780069250015,1.517881713353846
CV,6,1.508478279221981,-1.491185504927031,1.7437231190781315,1.5877124596537964,3.5196904161976827,4.5344649794448175
CV,7,0.5089050532434656,-0.54705642601066,0.9538821399888515,1.9554263988518574,2.7813177127937116,1.8414993732329112
CV,8,-0.565028254214741,-3.465542083683453,0.26997706929659165,1.3377045363749445,4.117046368990369,2.667777563339714
CV,9,1.521271891925161,-1.343340324987366,1.811766898795784,2.701515858277693,4.8343598890277395,4.069212053391761
CW,0,-1.22402545010111,-2.590584181726592,3.3740625115753398,3.8251234291586442,4.432289753260502,1.5767362624459347
CW,1,0.3753803046083491,-2.074968099628815,1.010396682069406,3.065776733243858,3.8822277544497847,3.293954312033484
CW,2,0.157318326216256,-1.008359881896078,0.32055530235249013,4.514445545618724,2.7070089064958647,3.0405342968824267
CW,3,-0.1385400638879628,-1.048352955720281,3.405688889123435,3.8499211236710007,2.3165234656104947,3.0711678074929254
CW,4,-1.197962377694039,-2.862520237094896,2.748137273650816,3.2591553519436025,0.23938502035602804,1.5552166605260087
CW,5,1.668739791778737,-0.7998457343777068,2.7831146945055147,2.2259087434962423,2.7319156793575177,3.0872413506828305
CW,6,-1.141267697697392,-3.348055495756358,3.5013928245153187,1.7468327614885306,4.899693343611871,1.5203394211064174
CW,7,1.27459794484485,-0.2624861274078159,3.658377105237038,1.793210970704307,0.5766014264304984,0.6092819737861854
CW,8,-1.977649397220062,-2.368493795445167,1.8913446226381005,2.6028140411463596,1.9421395459873212,0.4295927695703613
CW,9,1.73926350181745,0.6652658867140084,3.0008199368507076,0.4490392571878189,3.4376108643372048,2.0314526481948625
CX,0,0.7889453124090371,-1.260992841358963,2.442470642555046,3.445124234953766,0.541834059288972,3.78616427034215
CX,1,-0.1643538839059884,-2.777272204536901,4.657240877632201,1.84808807905623,3.1956643035215415,3.73139405651369
CX,2,-0.6090358594568476,-4.283396201115615,4.23860495405714,4.982097781085347,0.6582174771137577,3.259183217053956
CX,3,0.838086971460104,-2.38901161599836,1.9159040356971486,2.549459625472869,3.230935925831799,1.8636426139253064
CX,4,1.934075082216051,-1.9611954653448,0.9772999752645157,4.505889915540789,2.8931361494868724,1.0387530190220056
CX,5,-1.440938982695897,-3.050490437138571,0.6280890527098274,1.421597890869677,2.3186095902788733,0.5673753979967262
CX,6,0.5908011887394825,-3.105723113150995,4.562449884371169,1.109535597120033,2.271589626568041,4.956263575248946
CX,7,-1.899598952099713,-6.724693733652137,0.42543587099639024,2.807779659753884,1.621766614651448,0.6626134422835401
CX,8,-0.3050754301929642,-6.214808056322268,2.3115926433139973,1.1208591393170455,4.265545934167992,2.6728689047672964
CX,9,-0.8374342262600871,-6.943557833354427,4.015352691241935,4.124329347318969,3.302682601838146,0.33183654668369766
CY,0,-0.4113668959565869,-1.2693126392993,2.258404748065824,2.919069385988723,4.078188047063772,1.4603817684305418
CY,1,-0.6056689968899744,-3.410652362982419,3.0402595967729424,1.1859313616243161,3.2926844852042967,2.711862764505469
CY,2,-0.6711835949204821,-2.631485039227588,2.7348368409245096,1.6983567578002656,3.9134661624112566,3.4778169693392225
CY,3,0.9836425059514534,-1.857174725344785,1.6546070849405865,0.3423998206713662,4.147578108417722,1.0073608315216815
CY,4,-1.88294150857797,-3.772375883044355,3.938105166805536,1.1334009086608694,3.775399153167441,1.7035997136140466
CY,5,0.8677105817221333,-1.887486772877692,1.0281817587196798,0.5950682799752647,3.9117365662788117,0.342134840457998
CY,6,0.1554176145033601,-1.018372884264433,4.840269411529289,3.754374495905026,2.251071126946989,0.8569153287992024
CY,7,-1.18097426969228,-2.550023744298504,3.5412000026945836,0.2699814394975144,4.944669269212911,0.9032283943803268
CY,8,-0.1832167791759501,-3.421909815685521,3.6228779976171617,1.8073392466072888,2.4497652487890633,4.181519772791706
CY,9,-2.443935894762543,-6.756386067549845,3.723774358582967,3.7801858345851747,2.20393665394453,3.753636412981625
CZ,0,-0.3033110567979553,-0.2252706856862355,1.6940154958994986,2.200831488351771,0.9939630920733373,2.363101502815312
CZ,1,-1.731483031135535,-1.434133166180823,4.898257127549619,1.6987787119855293,0.7843052943068436,1.2867629850336533
CZ,2,0.5148008108139795,0.3618461187222957,3.4668352654429815,1.679229792267889,4.765958651985025,0.5636550923394568
CZ,3,-1.096930774199389,-0.3021559124768523,1.6638926056365708,4.125820232682395,0.8535852001870281,2.344783996527909
CZ,4,-0.1070275310035954,1.124445316549749,0.3326847936693804,4.677938570664935,2.513745500081119,0.6740110590086961
CZ,5,-0.01254224769218254,0.7550780372927226,4.5227150692960825,1.595123383313005,4.603835863317666,2.240799543338843
CZ,6,-0.8010626952687068,0.4585834160950351,0.4143509362758454,4.424102670422565,1.7219082138480695,2.5079838856603365
CZ,7,0.5340297219301421,2.589789187185333,2.269322221490747,2.821543494450095,2.2320988504366697,2.2545899730413725
CZ,8,-1.34291789426737,1.524792327639579,0.5410522001444715,2.3569871230768813,4.665130854759486,4.297356503378035
CZ,9,0.6008568327518733,2.03895123788399,0.744473877608383,4.53993396715467,1.78851578836816,4.8048950861396005
DA,0,1.463941584583183,-0.7381609564995947,3.189901294799205,2.7817277900231194,4.008470042440147,2.4087450052393087
DA,1,2.475593169552473,-0.4030232172037195,4.038400086750723,2.634584866162563,3.963074002661615,3.756347357525222
DA,2,-0.3341384798095347,-2.667107749352772,4.136106420629459,0.8193770149201534,0.4436948872514309,4.010377777870188
DA,3,0.517700707905737,-3.034480731300937,1.8019144296526353,1.8551194952182666,2.6028246184407013,1.5393422374759356
DA,4,-1.402792753535332,-3.494626585095477,3.343394519345134,1.3503954096247703,1.9777417240236126,2.7882649174093914
DA,5,1.391790190659454,-2.512601852052955,4.957061912959027,1.8752941802333158,3.6138046464098954,4.548037626357741
DA,6,0.1013419700334905,-4.083630386817176,3.730889527735567,2.7768109693702545,4.693214936557594,1.3935014836706072
DA,7,0.4001512015786587,-1.669257759998559,0.9966528208438279,1.4749919416330113,3.5176510402016046,4.987436919810949
DA,8,1.397163395861591,-0.8712285303956635,3.631095207905514,0.987743724739107,2.888522231947372,0.802481216996384
DA,9,-0.9579477769019262,-4.003408522503072,3.676977851444141,4.64969894103445,1.4045300214260652,3.488498422175804
DB,0,-0.6789496466349685,-2.582880779043637,4.191135949851842,4.224325072757425,2.4256602001301997,0.5927024348493017
DB,1,0.5307781168417002,-2.612091725619242,3.371289868289859,1.4318303478122087,2.467651147362627,4.016960568001084
DB,2,-0.2110584531816301,-1.62938183911431,2.3736104576444297,1.7393264890276248,2.1669372620740193,2.6133532218274267
DB,3,0.4675685352705135,-3.309558868005882,4.715164584462974,4.941374504402916,1.0500628143580943,1.1643374570678802
DB,4,-0.5679694522488701,-3.061942297741517,3.9387342823838125,4.354979638462044,4.880111940204837,0.907326522418664
DB,5,-0.3503115763370147,-2.315800347237016,2.98037384395373,0.2905977042098467,1.1761180438274026,4.102859884235842
DB,6,-1.224016940945619,-4.595220200668114,2.9382866566845074,3.7142897240349586,2.5287371775841203,4.545935705063631
DB,7,0.6207432280860055,-4.135923291287135,4.706248799159602,2.0843977023207114,0.6773299248038991,2.6407072006888743
DB,8,-1.134929985206593,-6.023679344806164,1.972661054723307,0.6614545671197027,4.462636475008277,2.643791771912529
DB,9,-1.449726354907321,-6.575321966384696,2.4633008136399503,0.8513307495607412,1.1369679339068857,3.9355523052978074
DC,0,-0.6239749871072636,-1.165794943562636,1.6330169610156593,4.4264493994253025,4.319786046101398,3.5457306295498143
DC,1,0.2977826283606984,-0.431625844900547,4.434180793439472,2.950043198444594,3.393168339176931,3.5541047959352055
DC,2,-0.6358807481541622,-0.3075216139771055,2.4075248496234845,3.68831203922711,4.488309937409036,0.9558753733978693
DC,3,-1.525729141345167,-2.783217325617938,1.1485204089153593,4.0143551739412935,0.4628302795060394,3.7933330418272475
DC,4,1.127633801986587,-3.365173397541382,3.1390120671075183,4.337163947436356,1.9744794274563944,1.9421512289217853
DC,5,-0.8711877934520079,-3.367324032096572,1.085514308111859,2.2657876313139367,1.5301094997034363,2.2991930427308107
DC,6,-0.1762736037886865,-2.497900751854146,3.727827109736187,2.485741213234642,0.4582546550906038,2.4033066439165935
DC,7,-0.242528156956765,-2.073370268526753,4.905788698453057,3.8537895472816155,4.727387768326509,0.7100473309099065
DC,8,-0.5846934315249639,-2.668475133378961,3.5479414274317884,1.4430387207464574,4.376183761193048,2.976125889796953
DC,9,0.6837227898010695,-1.559379728056481,1.106386629627176,3.676062193905076,1.5877847160791747,0.43939900491000133
DD,0,1.705865354648173,3.612092594580632,3.5574507040362877,2.0704859333485204,2.644894816022616,2.316476831182802
DD,1,-0.1150873470503374,3.188875350580465,1.1543148231988702,4.173076323854128,3.399943656487649,0.5360625478558843
DD,2,-1.423162499093891,1.133382288579927,3.4845603471217252,0.2444208905822688,1.436437348089766,2.068463285951366
DD,3,1.024341319300905,1.731260114002531,1.4267562719507876,0.48122491791918554,4.057709952558222,4.611905634247337
DD,4,-0.1802672700355479,1.456645397205195,2.215774087369322,0.5252874856254703,1.520594876172109,2.7765774032410904
DD,5,2.548691795772489,5.281636139281594,4.97792408325149,2.644749362629502,2.292766571643971,2.3833185940140464
DD,6,-2.337236252328261,1.847847474689996,4.212681411223795,0.5332088863813184,1.1436344275877022,2.2512155579386857
DD,7,0.1855060490229663,1.969274482021508,1.9818972800104722,3.615239507510525,1.4473285649511967,4.279458531873427
DD,8,1.677449548408056,2.773166259512893,4.8809523576249845,1.6269485536499855,0.7622796751844545,0.8757390076306852
DD,9,0.1962275432828242,3.651820650285805,2.967634540680422,2.656108902136762,0.8004131537507664,0.7279225415232953
DE,0,0.7544252040377014,2.366455609977947,4.9368250875890425,2.3975919138688147,2.043011464141064,2.9251042766594777
DE,1,0.5208182163060329,2.090219180466093,3.906002463497847,4.679031851205139,4.573564660195803,0.54467839889431
DE,2,-0.5174093669922445,0.7260551104743965,1.801142679844065,3.058050202801798,2.4975375026543776,3.8787207381817366
DE,3,-0.2936805154656155,0.04054967908949073,3.108069260962574,2.306818711410914,4.377509848773618,3.1274188996493026
DE,4,-1.529968488584276,-3.780873580196362,3.8457064378818973,1.69682554141229,3.9469954477713043,2.2909944189548157
DE,5,-0.2548453022839646,-1.924171333657061,0.5016423083509371,2.6327858396220245,3.3216246928175783,2.247388646263095
DE,6,1.295939758198481,-0.1805063856364975,3.550424179685943,1.3718019956763117,2.8957168435254554,2.1529402792394237
DE,7,0.6752490576267975,0.6633156573833751,0.9924851467160023,0.7919746310113758,4.774133908399561,2.188782114028158
DE,8,-0.1051028649385504,-0.5944768996014096,0.5048207335498593,4.909870075082674,2.084573386358923,3.7049869561575313
DE,9,0.6163425674015709,-0.4449907728135701,2.9518209993026163,0.5662290052815434,0.6545315542402288,0.7696848235582783
DF,0,-0.4698683014550534,-1.251500655782834,0.9896504617245225,2.2897836750448444,3.4501095926131717,0.719101371001786
DF,1,-0.2633923263163811,-0.4045723485653847,2.903739998597058,3.5435606105112467,3.450865737030435,2.5650363678476134
DF,2,-0.7920042229161041,-1.719687702190826,2.4539923082898962,3.7547995220332977,1.5462890755079384,2.3622456189890224
DF,3,1.043113202159508,1.42075718440729,1.3990601229051731,0.8618966945451685,3.760077079763684,1.3611620028405198
DF,4,-0.8437804988653833,0.1437112524514865,3.00374633589005,0.5415862056927357,3.982840204631386,3.569152011147376
DF,5,-1.138102346584541,-2.564518863908091,2.6144633310414993,2.5406813067561793,1.6872317999233806,3.7575766439236125
DF,6,-0.5803897884974131,-2.596150520510361,3.1512263337490043,1.7118625201159994,3.8267641272857547,1.9236857057857801
DF,7,1.798718668750806,-1.234971577577606,3.036305028942563,4.119383338705544,4.896508343845773,2.6625250393647772
DF,8,-3.871006174843929,-6.49675143435735,2.3635663616147986,4.504209524112069,0.7854270599634585,2.586507378487794
DF,9,0.6201157486512614,-2.267068399695229,1.1397201831846526,3.4716936608446423,1.901376805253428,4.247057621703813
DG,0,2.077265063924773,2.409313390875429,0.6169491748040917,0.7476373484708263,2.406247408815802,3.0132751637999515
DG,1,0.3884481230821102,2.333912648405865,0.4063646750022828,2.039311491070904,1.4982282250601957,0.9791686038547782
DG,2,0.8361193035709449,2.279005489715586,3.7333656179153616,0.9323399112958797,0.9598284216856627,4.918560598345323
DG,3,-0.5911824692464509,-0.4432014527446395,2.6414585699336555,2.0156696962426266,2.3072398199541166,4.490923355469573
DG,4,-0.9091419509941987,-1.432492774481972,1.5414441490284119,2.5620340287598045,3.986140423112123,2.0642879507920084
DG,5,-1.821025547116907,-1.430176530083089,1.0068383369874616,0.715228728564091,1.23189814793989,0.8755745838959559
DG,6,-0.3201543278549485,-2.121090612600708,1.447937233218385,3.102616681211372,0.3354433787206468,0.6839569176374889
DG,7,-2.041491262727798,-5.39325789647787,0.28350202610957,0.4295467165143302,2.05921104234553,4.777025602018376
DG,8,-0.9138884100557667,-4.149812676196654,0.7315260752092292,3.8954366206832627,2.6871884929431142,0.5632741903490679
DG,9,-0.5698660329928812,-3.043179188624229,0.36530279693990375,3.196334248841184,2.8635344894540595,4.14989637354514
DH,0,1.812643114830848,-0.1600295245802642,0.4046351802968875,3.940900197956994,3.4861932901179142,1.8758484160356392
DH,1,2.769096864011241,1.102070987115718,0.32516469152035016,0.4709607308531572,0.5673498036992971,4.033594642937304
DH,2,0.5360108436440052,-0.01805035344380823,0.5072377574406021,2.770982369555454,3.5219501596337666,4.916111539157481
DH,3,-0.3353823212897669,-1.766073696713829,3.532241339472658,2.0898745499524454,2.088953092237216,3.3200498959243467
DH,4,-0.5794607234078557,-2.073388841527525,2.1565431290265433,0.8923977537753733,3.419589972892903,1.817312462790336
DH,5,-0.2909447288605883,-4.741466301677952,2.582626409667762,2.4348331362060742,1.74089498240436,1.9435031095984625
DH,6,2.035196507303839,-2.457848193545961,0.2685905150496817,2.054203343277551,1.490695984767315,2.968101220909968
DH,7,0.06592879464331447,-2.541134949935635,1.2833401381078178,4.274723077118563,0.9044316947206088,2.994811857075511
DH,8,-2.998777183793344,-6.908972435935948,3.0215977267136336,1.6926790385780675,0.5238975821655403,2.57055166216697
DH,9,-0.08138563252567088,-7.459070009124147,4.595667147678946,0.30886880297590996,1.3778440124925107,3.031827675036781
DI,0,0.6124286482122487,0.2387064458692302,0.20594833628297593,0.5469100845773985,4.022289354980367,3.9592504769425823
DI,1,-1.916616361643493,-1.556905010533516,3.8599549731690277,0.801219635797422,4.411542445508131,1.246527512542117
DI,2,0.5531939154141682,0.7565372432886881,0.5106218363877355,3.45953088568801,0.23555072589482828,4.196806456771052
DI,3,0.1439566242905513,0.4492545154895915,2.6632294662293745,0.3808713347133169,1.0344396062737107,3.634551921464449
DI,4,-0.5012815611495405,-0.493115404132049,1.9857032396197576,1.6695418843109842,0.6786663243248889,4.9977814008663595
DI,5,-1.096587787432633,-1.290067555344863,0.39461784951467127,2.2592651904860506,0.5055702874682023,2.43826163461012
DI,6,1.575253390640662,2.099500167234856,1.4175803004459737,0.9946771696168153,0.302138661726171,3.564759840989938
DI,7,-0.3968580587802065,1.449962681468733,1.980536384072442,3.006489402642148,4.649575925349252,4.400264813063094
DI,8,-1.574811675378388,-0.07441710300334992,0.2103633439019582,4.225083592062598,0.5284437220311397,3.7966210949774344
DI,9,-2.104477235020207,-1.343531894744194,4.708041086188616,4.571205174309481,2.0385343234824633,4.879580911179385
DJ,0,1.906879687162571,3.200999115460224,3.5112944434588322,4.648945733730603,3.737660537726475,1.2315181245572717
DJ,1,0.2420781131694973,1.748525264612135,0.525715820722151,4.359243270364196,2.4208870593594165,2.755920942548841
DJ,2,0.7457276925992209,3.344640635190406,2.0595954265478373,1.6217055676630245,1.287154049783362,4.2945371552047655
DJ,3,-0.3350264873900517,2.33269452152735,2.452487085776751,4.631579830739381,3.494659425201174,2.3028475197811553
DJ,4,-0.6092081051908008,1.135265878192066,3.689981907495617,2.9606362354095235,3.074166529040892,2.701068025483348
DJ,5,0.1747136005255294,3.705265936673588,2.4492398219016995,0.8878117484821106,3.5874159721979795,4.709287078978025
DJ,6,-0.959275389459183,0.7835347920418541,2.703821864196733,2.6973240367490856,1.365633940265548,0.597000934939274
DJ,7,-2.296930094903677,-1.337673928861191,3.3083413116652443,3.4290998897729117,4.064189341763979,3.0721524438353565
DJ,8,-1.352279273050514,-2.733423983517483,3.5728414011357326,0.8504207644459103,3.604798823687333,3.2943264551469116
DJ,9,0.1652934689169909,-0.1719226130370834,2.9958963477662266,1.9285656940250027,2.98201713300618,0.6608779047853384
DK,0,1.454474514016258,2.443460070768964,4.340985597509965,4.760177467429835,3.669636581060332,3.442002017144168
DK,1,0.7950349273289556,3.362718291633461,3.9088657688636372,1.1477536025624422,1.7957952018074093,0.7725700114259804
DK,2,1.406897490448561,3.957789246389209,2.209070935721144,2.1058028932415915,4.246844749841772,1.4568894143948468
DK,3,1.250324871215447,2.768004502914196,0.4233860169215866,2.1056964153979876,1.4999616071379538,0.3149487826935788
DK,4,0.8755496050791785,1.586692934226293,3.0136701009937474,1.7457888910101413,1.7426461838431735,4.772787647218482
DK,5,-0.3650750388684758,-1.420522517148791,4.651918899873351,1.8223674828216099,3.4288039200084275,3.120790426286549
DK,6,1.02979944677168,1.598091108214141,1.1657917621933658,0.7929099835379754,4.783517569733894,0.5800991682259801
DK,7,-0.7462989693393254,0.4214850935097707,3.963615486064211,2.4276342786876968,2.602371764857323,2.74034205629243
DK,8,0.4939655989445748,-0.253201843703682,0.9497941475447476,4.238426943252954,2.017890685817418,0.6143872377944577
DK,9,2.343775826715013,2.641847970041048,3.532571101426137,1.5067791007289442,3.151082187636938,4.565587844334992
DL,0,-0.1442762187295822,-0.08226097994725001,3.5071142110364453,3.521850976196536,0.21332655700540304,3.6958030404721365
DL,1,2.12057016553746,3.059646090480709,2.014714874097133,3.353517954548982,2.4155402771711603,0.6020626860869841
DL,2,-1.611886275206501,1.379574011628806,1.7197126792500868,1.479101715366005,4.37896683941061,2.9262921118092797
DL,3,-0.8348248148393909,1.804486206782489,2.511311357933504,4.154364528911314,4.098880802189798,2.065125897953817
DL,4,0.8234147381552018,2.68377448720395,1.7829403522414746,0.20600214335967737,2.3694001484727174,4.687544745958843
DL,5,-0.4611737354023611,0.7963223246856732,0.41662178593750665,0.9881803032422469,2.9058412418822135,4.43695181678043
DL,6,1.351570362906827,2.640550569603319,1.19146810846745,2.7333869100774515,2.0835704340832626,3.0198247273898136
DL,7,0.5089604302109415,4.046287339602523,0.2236070742307298,2.0506773722621707,0.5524768582130137,4.914372276238693
DL,8,-0.8825836254553245,2.698413609339685,0.9478664590146808,2.352247539081756,4.016675201296264,4.672490445248612
DL,9,0.1739643185895005,3.539259253860914,1.1226740055618252,4.7140713859743775,0.36284702706001754,4.8225601330749726
DM,0,-2.055448713760761,-3.817384555635701,3.3310095335317667,2.4263519020524216,1.2496942443401948,2.8847291388771494
DM,1,-1.141721069731961,-4.35756448138988,1.7338867542066492,1.7825513643121784,0.934327448247458,3.704501961506242
DM,2,0.6601887703737215,-3.838394226576566,0.3204306347937312,4.415366472844136,1.3395152028962694,4.185055492289829
DM,3,1.246277834521965,-1.686529527176696,2.563555495938094,0.5887340904549972,1.2741175292427602,1.3904007856311313
DM,4,0.3787500659370748,-1.804922200247401,0.7109319831712488,4.731885941717087,3.25389136288197,4.3239308089639605
DM,5,-1.376040682792163,-2.621208288998597,0.928791237165044,3.6249427190425902,4.025325248295997,4.603344895231824
DM,6,0.1854516375660445,-1.464149336141495,4.3693722623653874,3.8476303072505873,4.708674208376583,4.608023763153079
DM,7,-0.8791906010993564,-2.017719606396032,1.251272309527162,4.4619408287290145,1.1308777015600824,3.4354697031248564
DM,8,1.313092470934587,-1.014535451749344,2.854539333276183,3.706258245785898,2.575226444464013,3.9518583303633674
DM,9,-1.082828262818304,-3.600692238768693,3.182644251700772,2.155620102670656,3.883127842096692,0.23055853315776442
DN,0,-1.087140766115,0.2554102696946677,3.584112813607702,2.081146683891274,4.819017354024568,3.84897057614413
DN,1,-0.2367490358864921,0.5586655243453429,2.011242112383201,0.4501249104007787,1.3201473101539714,3.445216926350905
DN,2,-0.8121864351867251,0.4692952030071681,0.4230132936870298,3.6470721000097495,0.6888330899354402,4.3426893924579275
DN,3,1.296476834828582,2.072133432170484,4.147269218935394,0.6872754102410155,0.5230373135844104,2.974316872931488
DN,4,-1.224773684925313,0.4114445298333648,4.279205387177632,4.735735158632477,4.900283550239852,2.4472039426096774
DN,5,-2.377897553791626,-2.484880921013703,4.731884833915813,4.9519481089372155,0.5468479898581121,1.8260726318728233
DN,6,-2.486985039921399,-3.02075063961954,1.0126665043716228,1.494180129722601,3.1564010475476425,2.161942201068045
DN,7,0.06590322354866433,-0.4384393597550641,2.257330425208652,1.4364487368072738,1.4323735530649997,0.44098338496835654
DN,8,-1.236018636571671,-1.472146577284297,3.8465987532794648,2.467310958041717,3.6779016351087983,4.752494995124432
DN,9,-1.421063488275915,-0.8765475072661165,1.389644054809384,3.078620474271757,4.8566480022135,3.711910339759885
DO,0,2.139360673411268,3.76625062863523,3.359517707760379,2.28447863486985,3.2416518222491226,4.107868495683506
DO,1,1.178773425055362,4.380319338072917,0.9372048570676488,0.3408863439290338,0.6493224842800929,4.805402648634956
DO,2,0.7935528756230348,5.061069078057958,3.9349522524846807,0.901749778109824,2.4007681218116006,4.158425674175653
DO,3,1.55989018263723,4.830175135472536,4.849904405119258,2.811692052459468,3.7749447070639723,0.8655807795199335
DO,4,1.246290944891836,5.217141325778687,2.229710984515773,4.588891495778507,0.49424320733348,4.216924532307964
DO,5,-1.184838266752326,1.612943117192815,0.2115660349538402,1.1608276857312272,3.5533956000016405,2.5714374782529537
DO,6,-1.361390297501758,-0.6111929691124509,3.9603763174992292,3.739558557946959,1.84936054787073,1.1287954017198278
DO,7,-0.551588558614875,-3.392633168901592,3.817652670418684,1.9584906466839778,2.9786244611301234,1.9675514869393869
DO,8,0.9894396934885005,0.09661099308739507,2.9683379282707625,2.8897110411783693,3.129528202079167,0.8483053378393635
DO,9,0.9399097578806047,2.504712047572058,1.2388890865730593,4.65145540724787,3.854009528695244,3.9033331785261014
DP,0,-1.123086425542542,-1.788198975659477,3.9124866575447514,2.826743707345551,2.1742371088654107,4.612943609671209
DP,1,0.4809717138071364,-1.278646310625386,0.9767371998563166,0.6837158180324904,4.837791024208727,1.9747258398282104
DP,2,-1.13242993997943,-2.76354644192791,0.671495620403188,3.632640807272072,1.200705448985038,2.69300320862461
DP,3,0.08934012114506781,-1.540554806641373,3.618837954100079,2.812987859771415,3.354866201795314,2.2707416171617694
DP,4,2.0094104190386,1.471575406671124,2.300825955477199,4.690788877603259,1.7570940174161613,4.387037624676373
DP,5,-1.532220222750666,-2.422155497957073,3.3244812297600093,2.5715812841166246,4.809629657521411,2.7074307503916195
DP,6,-1.368269991751735,-2.475023351411553,4.858577134347069,3.6310816215851487,1.8201290040788471,4.765153641875895
DP,7,-1.190883077729683,-3.050944834627997,1.1842878249580016,3.476786315395159,1.355588225683067,2.225092019170948
DP,8,1.050996022670968,-1.212928280551508,2.8779274059769837,3.74867407779492,4.626486631442417,1.5223762296535992
DP,9,0.4842281382173549,-0.217933045960903,3.673107265965257,0.6430408861982728,2.1419585315014373,3.5059484184515566
DQ,0,-0.2229785980751641,-0.3864589526012641,0.31579483806729075,4.583969170982321,3.576029538633307,4.721008515975323
DQ,1,-0.5608872320144598,-0.8040456459464185,3.2310351579347962,1.331578770401478,4.818287414101471,0.3092989650928798
DQ,2,0.3784223237758707,-0.413438331470105,2.033517929187151,1.0395927218352925,4.179587909217613,0.8622213978373632
DQ,3,-0.3639467500960828,0.4112221674610406,4.972546088090786,1.1095140299832746,1.0291181861835823,1.2491948883865165
DQ,4,0.5150455487063442,1.057656064200885,0.5123470553587206,1.54245067547199,2.732457415738367,2.969170723275639
DQ,5,-0.6209627999442765,0.3385333009341588,4.13225947897065,4.173200287959681,2.5405446313706155,2.5618291292642845
DQ,6,-1.533135245821195,-2.314213572557056,0.36710738368520635,3.393530755103287,3.0240673401594256,4.867035606033909
DQ,7,-0.8267773064315888,-2.44840336726097,3.7722971564787318,3.974113940950099,3.4113006647455246,3.188654700409972
DQ,8,0.0739271336856252,-0.5311047884372194,2.957072886853185,2.02707783837999,0.7865915629110904,2.7177775507777757
DQ,9,-0.02998154937174171,-0.3248251748041137,0.543976790301041,4.009010696615818,4.609832259958046,3.0330785093951644
DR,0,0.5652215299056835,1.004443927702743,1.3686012741287699,3.3952857384435373,2.4253098371020267,0.23648853005179263
DR,1,-2.805109391264627,0.01782587812663605,2.7405926681303616,1.2460386792993483,3.9923352444429576,4.3689241700654335
DR,2,-0.2883475231423566,0.7113588117599712,4.9428400899757285,3.656108630595427,2.0398245934213595,1.5212253805701552
DR,3,-0.3449908085061681,0.1367162121398489,3.321877019151141,3.167800716443945,2.6834122608485416,0.8870833457714808
DR,4,1.249567453510466,0.4634297540856135,1.7797599156510238,0.5475174760059837,4.652878031847547,0.8735422000057318
DR,5,-2.356777406410081,-4.268178434543537,1.0432347184397284,3.5115170029433886,4.514524236214206,0.6536302364997985
DR,6,0.07860415686348626,-2.773673423519127,4.944858475799777,4.858171269978993,4.0991212662121805,0.6314214553238606
DR,7,1.332024061827413,-1.031862066277337,2.4325754489366433,1.0366145684685502,4.112411389316412,2.6098107970368294
DR,8,-1.117785432749585,-1.230244157381636,3.7229145225061195,2.703129336362905,1.6048529513349186,3.5576773571596076
DR,9,0.3170226123770586,-0.7456983973129641,1.8535385939576472,2.1615614310529923,0.22562820290938054,2.571505761803399
DS,0,-0.9624643636529175,0.1299263460585886,1.231602985942426,3.1580909570029267,4.472462790010953,1.8705428990716213
DS,1,-1.394333207542845,-1.596626792488626,3.0072416885110873,3.2206565698770704,2.796626734715941,3.9132750916056587
DS,2,-1.273094748528348,-1.696136807048203,2.16220031187052,4.933158702808094,3.361465075164817,2.892785010968939
DS,3,-0.4935317880156072,0.2844264225768666,0.3809225373759526,1.5822521029372807,2.636755927227921,4.933422245215573
DS,4,3.57986596347284,5.970739151874803,4.866598602440259,1.7060235149409495,1.903020993404892,0.5972465900578825
DS,5,0.795693180198854,5.341755547956058,4.358332620194597,2.371467899764388,4.3984788227079505,0.25574888993276235
DS,6,1.265643398573271,5.765662017624092,4.793591287787451,4.934912452823951,1.068640920972597,4.841862238982067
DS,7,0.9682325653128988,6.406744316195297,4.965111226444478,3.4550609759528554,3.2110958078399565,4.470235303319275
DS,8,-2.011703756502083,2.644072544732979,0.6891557424762874,2.01875702382061,0.68495121770863,3.3149189618219173
DS,9,0.5783649919660283,3.636232460115769,1.218898982043018,3.1016275338375734,3.865714184801697,4.363490490165487
DT,0,0.7026845613412673,-1.255021584730158,2.4533759740582184,3.905941495708042,4.817386334212843,2.1790216913911955
DT,1,-0.4209872547936058,-1.301657443652982,4.997047350333314,2.9085264421078882,0.38763851700770396,3.0382711559914144
DT,2,1.041028191136993,-0.8734479928014754,1.7103236798521912,4.906119271170307,1.954293798892833,2.9174613369073668
DT,3,0.8535621168447988,-0.61944641569462,2.873553455485219,3.178271298114176,3.0891883684686263,4.825141385616252
DT,4,1.460740746104376,-1.062352977422874,1.1768501431592306,1.809517454079554,1.1155071943726562,0.7366165359497985
DT,5,-0.06426683270822636,-1.058472020480534,4.5379070769564045,2.5727301881440727,3.7500574509718176,1.353740709130606
DT,6,-0.05525452166021871,0.3287469641435075,4.777735890087525,3.8910357947041887,2.487392672501798,4.409645287209358
DT,7,-0.8655839570866487,-2.579809810082434,0.853051525735542,1.7837700995548487,4.837059535606315,4.82542687222822
DT,8,1.265691489339861,-1.951770829696108,2.4145644572162146,3.490100480484433,2.444417052695819,2.565573561670078
DT,9,-1.712602143757917,-3.38621586612692,4.3492057049563755,0.31804763439256245,2.7218103298545056,3.6585160024294496
DU,0,-1.675172609433124,-1.316251114697281,0.39334737778259116,2.565569764825992,0.6200474411907925,2.422853700063291
DU,1,-0.1903778637131212,-2.264118484224933,3.22227587089785,1.3059589591164056,0.34818914926973576,0.8501679456855973
DU,2,-1.859104437845526,-6.441304170100719,3.6554527027274997,1.0971698678150403,0.9282012662190113,0.7293191965846082
DU,3,0.6873226402576972,-2.718254134836847,0.3314980228914429,3.554961538006118,1.1991109372431725,4.833610676757529
DU,4,1.325564831027936,-0.5725137356422144,1.587451524444053,4.361248112342769,3.162847340805502,1.875813495753114
DU,5,-1.424043111362185,-3.98820950010834,3.445416553321134,3.6997643562513347,2.7666722467167837,0.313837470677557
DU,6,-2.176790226820398,-5.504445912447478,2.633394653658775,3.534951798655366,1.0535508543852055,4.417760900030566
DU,7,2.828572771963607,-0.2341461395168729,4.593985770392248,3.544935341891684,1.0044030200661447,0.6670881555711017
DU,8,-0.2733300782098431,0.3261254330332695,4.860279371122481,4.252408153738073,1.5862078858085868,4.572939661236462
DU,9,-0.5897171106726252,-0.09997764518579211,4.331105653703649,4.3946093584359796,2.378429929711244,1.6521866288044862
DV,0,1.015663796742665,1.672721495506749,3.294814275355027,2.7033802819527764,2.011519401472582,3.0045173752061425
DV,1,-0.342995411635263,1.848526878880829,0.4447380841913281,1.163112191881884,4.214339414212418,1.6098269131571195
DV,2,-0.128852754597874,1.911411010596551,2.029746133053653,2.16845323963444,4.518079504873253,2.043856633692879
DV,3,1.046910015694737,4.148917294255037,2.7066181108489116,3.089881862118212,0.6588424054382942,3.798859889330059
DV,4,0.6456618998624406,3.166340382020344,4.847390200544344,2.105426464164236,3.3503662301872836,1.4193930806925925
DV,5,-0.7363605206238744,1.541219049901382,0.8361435954203775,1.377321731121444,3.8765708627083617,3.9499349573693348
DV,6,2.025089299332307,4.59138034831517,3.2795581027744465,3.049978769545148,2.0836055289944713,0.6163386242296507
DV,7,-2.157980576490586,2.020385184357551,3.753729916251129,0.7447077670817976,2.431449857518261,0.36618494017982145
DV,8,1.449020914679981,4.786218089884803,3.56787628571263,3.8790997459722845,1.8592537274830716,0.24832862304014755
DV,9,-1.17528366150793,2.296294609816472,4.4239716744741715,1.1799026882386174,4.984408276196291,0.3264952911764445
DW,0,1.344882136438579,0.4255924136281787,2.1775056473397307,2.9174870540758557,3.653405554213636,2.742911677429363
DW,1,-0.3191620135914314,-1.51792208272405,3.6909630471649932,0.9452281005150962,4.92098571809319,1.1427634422504365
DW,2,-0.669223991297618,-2.034304696432817,0.32659477053943,3.1555075172741467,3.666199844133217,1.6194965483464665
DW,3,-0.07643237547776693,-3.355810590424562,4.535388982843578,1.696871868222616,0.9490770790209668,3.454058394540336
DW,4,0.6493716367297702,-2.577157401009743,4.342022247602123,3.384402709667058,4.90457494809434,4.8729481075787255
DW,5,-0.07623280960542067,-3.639069488402159,4.2268941210409015,1.0498217746536407,3.5076510802656355,1.4487407659265152
DW,6,-0.6827346230374314,-2.631241093463842,3.231586687678411,2.2340874199101033,1.549827265036818,4.440673069229834
DW,7,-0.1257224537422589,-1.55826821449632,4.488953320808826,2.364529593187895,4.531071659392013,1.5145953874694913
DW,8,-0.8692042023636075,-3.956121956256882,1.7295636890346906,1.9367662151851162,2.053991961003257,2.960067282909244
DW,9,0.625683220100226,-1.134775787357235,2.1726010642566034,1.9679050584574174,1.506845187986875,2.212425124596025
DX,0,1.998453038648275,4.996710634670065,2.6894893480946256,3.8970801574515193,1.4011283120923572,3.7421370214045413
DX,1,-1.991898039138438,2.351047413559221,0.22877842452474992,0.5189465791473357,4.935276468494699,1.9883571171605885
DX,2,0.01376992444118103,1.681063204795425,3.944381560460615,2.1307228336368915,4.671474716542072,2.3567739560581673
DX,3,1.122183941064883,5.631248744063799,1.6632755721583539,3.215270606254887,4.515382885800521,3.5550581216180652
DX,4,-1.497984865535208,1.761925933039194,4.2688405646080065,4.9158386020583436,1.4367239684696111,2.073684142122832
DX,5,-0.7324335443350504,1.391848268556166,1.7989700802660946,4.771911063165206,2.1745272155641153,3.123159460147753
DX,6,-0.1247265282020019,1.815483088535613,2.700179634226057,3.6947136695627716,3.5538980124019397,4.125285907844075
DX,7,-2.92851129423331,0.9921615155187256,0.21043557476602306,2.104109405142484,1.875049539364463,2.5372140363665445
DX,8,-0.5214200832281557,1.438432895187091,1.1537486476773922,2.9956639370580307,1.772203082858225,3.1320737805887005
DX,9,-1.125131772540519,0.3648535006229794,0.2774473331081559,1.6001814186603922,0.48755777860536115,3.237872768996349
DY,0,0.05719102412864618,0.7940044319236703,0.5303206824731472,0.2297299130014647,3.8921861897787036,2.468170479340482
DY,1,-0.9764375926335883,1.052866747809905,2.6478995758848263,2.398376181002192,3.740759851849792,4.861705891318095
DY,2,-0.7185774806430619,0.7493666862350592,2.493574323032336,4.606235855838796,0.5197740449469377,1.4782414140549902
DY,3,1.566189287553643,3.449832744577343,1.5042733361269145,2.7964860343952362,4.655778037816497,3.4312948749834558
DY,4,0.7122534298851801,3.774942193802773,0.620261914866034,1.2049508107909785,4.2335108773701355,0.624952750279348
DY,5,0.1552525032985773,2.594565508639485,1.9230993645167,0.4808127723894325,2.2648673372904153,2.0129088657146195
DY,6,0.1277004637766001,4.613481447588584,2.5916237022467183,1.594278929203142,0.9201730283210845,4.3195990420999895
DY,7,0.2941960175751327,4.205209142192927,2.3535904994244454,1.756299974342099,2.4870852458937347,3.4258291229831017
DY,8,-0.8679662029412503,2.260051700996152,3.8028442861070113,4.398831900192209,2.775458950212404,4.594892227426576
DY,9,-0.2802227779207087,2.663029646782293,2.878569388215691,4.7388688095747264,0.5608160406583517,1.6045094303698022
DZ,0,0.4438711267303791,0.02167344041032837,3.08558026544416,0.8256352855403486,4.442723739969399,1.3654389697112999
DZ,1,-1.470226951210449,-3.31143924924283,2.485856038422157,4.157152833656159,2.6554154303485733,4.7334075194267315
DZ,2,1.658826938006085,-0.7299493589567009,1.6401168134626811,0.7819049697446698,1.1548103209013052,4.407396413109193
DZ,3,-0.6837089239430694,-2.433889350160374,3.667557958610481,1.9921998714511762,3.8639611063930106,4.783153986242107
DZ,4,1.473874970855059,1.028000148836977,1.7570878514308461,2.2054636685372544,1.8144770763080742,4.425373050620543
DZ,5,1.717580735295666,2.113030162673819,1.399533687470606,4.370921982857206,1.4226597329075092,1.6303851530416062
DZ,6,0.8317037795205168,1.131486104169755,0.9734761878303069,1.0667338423040666,2.120280944742724,3.2217229886568948
DZ,7,-1.7815029878492,-1.893273525036491,1.6897734754404887,3.0570813231640286,0.5380348444700342,4.449209084789577
DZ,8,0.3924120412280723,-1.328797216544695,0.8628636937837608,4.253070483281493,2.451712554010049,4.05840421348319
DZ,9,1.157114765252292,0.3394091969166727,4.799269821741727,3.557288710050578,1.916764308879916,1.0418434356411646
EA,0,0.8791159578681489,1.359160964284625,3.96163418365889,3.980086437760885,2.3905746317970085,3.8377771082689733
EA,1,-1.221874237683059,0.3022007078627762,0.20437163638657305,4.038204791503914,0.9558292483132249,4.988991044344155
EA,2,-0.6278500916083761,0.4187729688241659,2.331138923172664,0.22797114487136058,3.9494829272174856,0.4400957425274221
EA,3,0.6926287701231443,0.8828701927313658,1.1667264610670218,2.9722770139790855,1.8012378385855223,4.829748160373204
EA,4,-0.9333633341041645,0.1211878480877555,0.3101187027410367,1.8535389263792776,4.210520727424603,1.5471750982520096
EA,5,-1.342592276116816,-2.405791224370498,1.0534410174958027,3.00659729636028,1.1725764287645801,4.31012504212166
EA,6,2.062738924928153,1.861804962747897,3.0805397208755556,0.5140962191109605,2.466822649955819,2.5068805169047823
EA,7,0.1015996397760911,2.178522796366678,1.442295503039792,4.488029950624926,3.343007472505762,0.7837954045333251
EA,8,-1.113502059850558,0.3242185124814357,0.6042884880608324,2.6115202264648576,2.6132592623620985,3.986211742006632
EA,9,0.07175013381471429,2.832028522471177,0.7225372298814414,0.4428004219130564,2.694147105155196,3.4362543291196515
EB,0,0.3762275697813812,-0.7656937451223669,3.6534144675759905,2.457580722002111,0.21139650587068992,1.7421547688388963
EB,1,-1.851219794464807,-4.130227935960321,2.6619468851583803,0.6914061952873278,2.2060337301549158,2.983853652515481
EB,2,0.181032746838811,-2.630265423974544,3.9241127446451176,3.7242387433915454,2.767404620039699,1.2903484382300947
EB,3,0.532254643244653,-1.9079996046196,0.644606424852842,0.7735439276412313,4.345968533859975,2.4713054776782237
EB,4,1.496439813289777,-0.7067602079955773,2.923826616511485,1.10269220696926,1.790670634370846,1.9810280820430841
EB,5,0.4546702780442005,-1.639767788353435,4.398771754021374,4.384977528922531,0.9992554810218794,0.8900735791495904
EB,6,-0.4888172560931614,-2.078111035448414,1.3716494821301553,4.258630597191384,0.690724141368173,1.216540503376836
EB,7,1.047540172453173,-1.824285054867463,1.457334164161761,4.282399970110277,4.120530732777459,2.0456915510320064
EB,8,-0.02154431172455645,-1.709557311994139,1.7687102650178743,4.300082560500683,1.4834968997440932,3.197840751461767
EB,9,-2.188175249054728,-5.834911321790763,4.676076492968416,4.8795799507051365,1.9312815323656307,4.472120534970662
EC,0,-0.3889780907550671,0.00967736248456641,1.0851215432698598,3.4872325909541186,3.6835500329917052,4.722198113213165
EC,1,2.299246750049799,4.322092213406583,4.381429695184891,2.9241915741335602,1.6479564123499681,2.530971248562642
EC,2,-0.2182936776352251,2.406286228603278,0.38178985372661367,4.985915414668965,4.6536666070366675,0.9840413577891907
EC,3,-0.289397284416807,1.363148910203144,3.7062476190364784,2.2173665199334103,3.4929061502797842,0.8792895404397223
EC,4,1.413230975477866,2.255246086122013,2.0340379956775756,3.4148218055534865,1.1132129084169498,1.5102322528450147
EC,5,-2.038757914998749,-0.7379315181466253,4.312233942201046,4.528084688885935,3.951311037753725,1.8091305621291458
EC,6,-2.389739502166898,-3.808097990781937,0.7423369765716092,0.8702774916439155,1.3293202170485972,3.125144475716066
EC,7,-1.731139670228639,-3.145623631107877,0.22593472678478774,4.019273925238878,2.051100330000477,4.021641580534887
EC,8,0.4405778985208835,-0.6443191376985531,4.960218636639745,3.269970013660927,1.2508697090733045,3.6182853001422113
EC,9,0.1402405928457984,0.4278292211866639,2.743393307371335,4.4914457409634725,4.979910579059644,1.606261536385773
ED,0,1.470297086305833,1.230783093083546,4.20509091884669,4.090059071153422,4.7213786179263995,4.332118041744258
ED,1,0.264995512561964,1.192931122736854,1.1769858931788129,0.8519022484034677,0.3832679837995995,2.377581211767087
ED,2,0.1072635762960793,2.023834992216507,0.8661780009875946,2.115260274202051,4.105130061144735,1.9432806835698586
ED,3,-0.0934282200865013,1.148536219318253,3.2033898506047156,3.6061747454845907,2.5104834474847535,0.9683573509889365
ED,4,-0.1693338700826767,0.1789960444243082,2.6240738150643947,4.6872450083603425,3.231084586647367,3.912634370978205
ED,5,-1.81232401577221,-1.424163084864503,3.5845219172520237,2.6858169013684505,2.530456738064063,2.991985046243864
ED,6,3.000005024213281,2.324276914195466,1.5440063781477023,3.4630008849623866,1.4510204570012795,4.037208048273057
ED,7,1.225884457373536,3.986724578946125,4.129082309120421,2.061277787627629,2.236120921089721,2.9794841421275975
ED,8,-0.1040635615620001,1.880064144935664,2.7989589580609917,1.680234671250256,4.817869180313356,4.583474163666682
ED,9,0.6646308777930222,1.958100962211467,1.5782959812457276,1.0743695754826788,0.8641547197156396,2.559986934424098
EE,0,0.8785897015545848,1.514267485339843,4.897731590210112,1.200783083647993,4.04778223314365,4.494297902833678
EE,1,-0.6368424888668431,-0.1204532244581767,3.485493034617618,0.5688968500283901,1.8283129326691447,4.235721525019352
EE,2,-0.6210325526342415,-0.0756425274091659,1.268959540146384,2.5658056771776816,3.6986181600756294,4.326382806929327
EE,3,-0.1333862423493436,-1.144730085506854,2.9964263317504036,4.458896337592445,4.627616062914564,4.439914721927271
EE,4,-0.4988143113382469,-2.381901521953893,1.858789558293605,0.3682972487896231,4.539214832888111,2.3202316633600035
EE,5,-0.6265168951432796,-1.090569739234487,4.739512243507039,1.569600107373486,1.5188545333864623,4.951150216093662
EE,6,1.227098240701872,0.4165002898502381,3.320708079183014,1.1801777008927714,0.47804006909137475,0.36481723074884
EE,7,0.3944922401335929,1.240812655798452,2.7720359279826825,3.097919475835248,1.7289841540652982,2.3064715885701688
EE,8,0.7208718737634556,1.776328397641701,1.3554923131961152,2.309922832352824,4.739386566227249,2.67310147079266
EE,9,0.9037208633480203,1.285411962759854,1.5026013416215414,4.685185839045104,3.1061938978880916,2.0090074633876793
EF,0,-0.0007383298173334607,-0.6914170378535982,4.253424082706348,2.5715061686716183,1.3334009134950833,4.047463412570681
EF,1,-0.2995986455233122,-2.533202516181059,4.252181452703294,3.6172907138756734,3.123820620430851,3.051020543443913
EF,2,1.505513417506817,0.4298895102628237,0.4392843351032655,4.463628637242137,3.197539854996015,3.7514211169841913
EF,3,-1.402846256230034,-2.865885715721692,3.6833696067809427,4.790905434952167,2.4749054785362055,0.3611598298480623
EF,4,-0.04384097263828973,-2.595961550547623,3.3303367777532102,2.328493776168079,1.9669811527841912,3.4462914992645532
EF,5,-0.3955872073724759,-3.561890356309198,2.4788689407210875,0.7095020840943076,4.849061318553177,3.7612855627336192
EF,6,-0.6708479650029967,-2.748963484462516,4.2581584859615305,1.6053153239460096,1.7334192636613484,2.5544567712085935
EF,7,2.151921103033127,-0.9048446515679054,3.7295463306906127,0.4044318486103345,0.4547108849914405,1.0128288516470028
EF,8,-1.666626803303008,-3.040447025239755,3.313069490914685,2.048379839028181,3.315582604368535,3.5316149548827753
EF,9,-0.8715031311613806,-2.313841247056798,1.9448002219010443,2.3568766976551454,1.5667114849618349,4.634008769390293
EG,0,1.328941871542355,-0.5684993266557361,2.450742597667974,4.82493913347283,1.1541151728321555,1.203250684936486
EG,1,0.971588473764526,-0.7082677866130261,3.654449519000241,2.288785947468222,4.9404343991515045,0.29942061975460454
EG,2,-1.51662778573951,-4.280672252644061,2.4715147171923926,1.5200711234245776,1.0589043298743113,4.6191643432091745
EG,3,-0.09511945686206058,-5.710399276570765,0.9575695928340002,1.951028190155616,0.5014570994642247,1.1285201181929048
EG,4,1.521454426017377,-3.762951478655596,0.2612968328495565,0.3857105361211824,3.6356063566515333,3.9424844365176073
EG,5,-0.1896862353443514,-4.389449646530743,0.8048093792590394,3.0143105894289914,0.6649877522166281,1.58305535462005
EG,6,2.912040236301555,-1.33868634199043,3.1735109393117784,1.672613473117629,2.7861143099622745,3.443982884664766
EG,7,-1.76401603719931,-3.955416503183429,2.5245830791333153,4.5595580163908,0.8085823008201847,3.2751529481763675
EG,8,0.7963611234764171,-3.192169079461466,3.0227778014846898,1.1139973431206787,3.7774768652946067,2.3628838226033086
EG,9,0.3548370712503816,-4.91589773618499,4.817563851045863,4.100973891523045,2.9911881112717986,1.2910962544469702
EH,0,1.835562371412375,3.860138901493662,3.747319322129867,0.8918913962739605,4.361803713465167,4.543749933736103
EH,1,-0.2864767191616643,2.425912045284338,2.2572621660603054,2.2848454840162105,3.32517503646824,2.5178590980529716
EH,2,0.05835200315845013,2.703067864786067,0.6579022264776156,1.1910971544751527,1.67391784751698,3.661577920448901
EH,3,0.02609933597744413,1.309880582183474,3.8794089039574318,4.220831376555065,0.9081363196449497,3.4219581064732028
EH,4,0.9697594377607399,2.372997866485522,0.8298303255726256,4.367541680193623,3.4204531986012108,3.1495825585345454
EH,5,-0.04894894548000939,0.585046864732065,1.4744860564769366,4.720741083023982,1.5346652701582704,2.836097486418693
EH,6,1.266091809923225,2.319221469786995,2.2041131135150436,4.271555866006776,4.543909467018474,3.0971210607969892
EH,7,-1.196856999259652,0.5813252628281474,2.5149415883704314,1.4865829593120974,2.554610314038786,1.0083881159675234
EH,8,-0.2131757271558509,0.71069714465728,4.8735958166684465,0.5142145848908916,4.783369092742939,1.511724263404897
EH,9,-0.5910289170587053,1.154821248027006,1.8375500000724505,2.156292464692076,0.4107363944358561,4.419016214613416
EI,0,-1.002382931696282,-4.09784980905676,2.7650412841198424,2.276487364660422,3.641799807300082,3.351696472729442
EI,1,0.6729750265079069,-4.668224747319982,3.543493604018204,2.3173228684059155,1.0355701257635919,2.462056219850506
EI,2,0.3366460612686116,-4.13769687076979,2.9498129937887216,1.4974315082008427,2.4267694078334707,2.451515422105725
EI,3,3.655969900423143,0.4769761199439335,2.9463660916469085,4.394344151223255,2.2142263460159297,0.6412814094557702
EI,4,0.1243651998589761,-1.815807655287395,2.3885510011929907,3.1038031149032275,2.852198370980307,4.447386773308731
EI,5,0.3552599395417025,-2.277543676094597,4.934084995091346,4.197309595975189,3.881027185082486,0.8388698427251058
EI,6,0.05269718451097625,-3.494743080385911,0.2991712828119887,1.325028337863064,0.5443225574355705,3.0364739682077686
EI,7,0.3333141045182139,-1.95135212234013,0.4742241827464261,1.402225586181098,3.295377535898861,2.036424878767653
EI,8,-0.9314474458602215,-5.726594049536965,1.0078708152401608,3.9977488328272237,4.191070562947785,1.267453989442198
EI,9,1.175098549446325,-4.464659697975216,2.3778345556540397,4.997920025083113,3.1109349293282924,1.8378365301172772
EJ,0,-0.6988013486532582,-2.501935604727202,2.5505812009750626,3.59778773066261,4.773968848164171,0.49215895496630024
EJ,1,-2.04674551515183,-5.962479837737037,4.739663747817653,1.6647876370033634,2.1605019301371073,1.0796696898126545
EJ,2,-0.7763535939197269,-4.218459216902723,2.3722490695983924,4.703443024406569,2.4024874910054277,2.974620169143854
EJ,3,-0.380452993592114,-3.013290621110401,2.4711034383238606,1.0024803542199825,4.603234697900536,0.4018540194773131
EJ,4,-0.06855503446022031,-2.465005830219153,3.3893087253639806,2.0417751339390766,2.98688634000481,1.9958199779339925
EJ,5,1.140489490456385,-0.9901564880486715,2.594274731305232,2.1216546102967,1.0734187606541246,4.834190167865604
EJ,6,0.208661075669192,2.353783909534873,4.08636040219587,2.1182879351875448,4.779747422932935,3.279543194590018
EJ,7,-0.4489138469044734,0.4776136379233759,0.7635142975332119,0.5284746972909948,1.9679423052816096,3.881086271599736
EJ,8,0.3993722000601163,0.7988398118096587,4.7797565898304395,0.796066872036441,3.094204933806121,4.374177406201439
EJ,9,-2.158388177436375,-2.21412196671972,3.230567868308289,3.0669402815499804,1.1577644240737495,1.3971886875447659
EK,0,-0.6859819954461048,0.6876288451036889,4.772707262943662,0.592990762688631,2.1475729637025087,1.8024519962864751
EK,1,-0.7990053772639951,0.4763211966153693,0.3539716109791188,2.401278268178015,4.788211644830588,1.549310278767848
EK,2,-1.001229615215363,0.01547240948717066,2.6908070630968393,0.7974175299373119,0.5747355788978483,0.4432919792327832
EK,3,1.10133881112181,3.650434893210045,1.3475618585121873,4.746740650090961,4.01108424071405,3.7380515242368335
EK,4,0.4280328720903721,4.651054063202634,2.5916332399493145,4.032460268467475,3.269434924982335,2.4823384144497997
EK,5,-0.4869127789014209,3.479030728619644,1.371348945555476,1.831573834058308,4.4755148318370335,2.5595328160406683
EK,6,-0.7241433414193483,0.1450736945123103,2.295661936701631,1.735110195144653,3.460073524448595,3.2597088016343085
EK,7,1.542570106019965,1.901272944690758,3.6849919608684742,3.05062829968491,4.545813419022979,0.9210420190143274
EK,8,2.990770298944294,7.177589436794943,0.5065423107365425,3.0636289526060803,3.0759307878469735,2.5840785923168688
EK,9,-2.03810260538219,3.386591777551475,2.611236033894164,1.8678233127496968,4.500791127254306,4.942973712252683
EL,0,1.128680969861969,2.198060083816269,3.9347877019089994,1.699149055168078,3.5480560017138476,4.900375355296807
EL,1,0.542947910912462,3.387034516845368,4.561766932369714,0.33238690038786456,4.366341825343566,3.481545849668827
EL,2,0.2646373007933438,2.654792202470907,1.1613010639547694,2.842615676663796,2.5061362050489175,1.113727044869067
EL,3,-0.8191938494766247,0.2875963459061283,2.993625418900925,2.0679784338111187,1.2143519633262978,2.265328129401498
EL,4,-1.100067536004242,-2.950910817169569,2.858754396508746,3.481996271650357,4.751631837271639,2.9560417388702978
EL,5,0.493489000376496,-0.4996943455185537,1.0565615434723243,4.299981742592712,1.9416516705526803,2.0892469343678552
EL,6,-0.9863297587606972,-1.711738681270202,4.593638414992879,3.5215873796148283,1.4706000565210262,3.165261425163403
EL,7,-0.8082923218813347,-1.305628878506461,3.058993692519264,1.5903645773114563,2.179760004646697,1.1523660116214607
EL,8,-1.073605852414166,-2.700184612751538,1.5054292226818022,1.1345772039246096,4.627423160924039,3.3980942270554815
EL,9,0.1016404942216645,-1.612138176870757,2.2999450102897816,4.685104549856498,1.6608685017792975,0.9953056920863435
EM,0,0.6158558691347907,2.474746394998699,4.405865128876474,4.98469623442301,2.6402121177385243,2.8060349671358846
EM,1,0.9876457678622955,4.491900677123167,4.595295836092557,3.548744335286092,4.701966903764932,0.34217620088614337
EM,2,-1.05160111674312,2.687379970316802,4.067705583395132,4.521231686226031,2.829779600361592,2.1897023697873843
EM,3,0.8823000416834129,5.463521609087977,1.0201724808506731,3.126694913300037,3.203824366252455,2.5785770061299793
EM,4,0.6640551995873127,5.160804985180477,2.7002568358642884,3.8098526287679464,3.3959069847867736,3.964567189661402
EM,5,0.3283601649175055,3.633044307378858,0.8012827331907637,4.555680827721367,1.796305719771978,4.655683467796875
EM,6,-0.1133445641132541,3.928470157963061,2.143427748614392,2.8043514930733684,0.25116618799775686,4.3881913106767305
EM,7,-0.2037440704263826,4.176804792253004,2.9439594057806047,4.597544383098274,2.9358910629568835,2.2675553880582853
EM,8,0.271418950422272,4.832150113651193,0.5341127377577889,1.3180662882466265,2.8376150093436423,2.9964600865601008
EM,9,-0.4686412710548661,5.834852099821715,0.7302110818112115,4.532620806931037,2.9123530118711813,1.6426463557702689
EN,0,-0.3118339294034378,0.5391931723231639,3.518233371072627,3.3180552072699636,3.5350466698479166,2.129005229207934
EN,1,0.6847765862887443,1.776826700637896,1.3611145311988055,4.9145381199054485,4.603737093195091,3.8989503826762997
EN,2,0.0903549388271544,1.060304742793141,4.287821781332283,3.7457331566342256,2.1466738759955017,1.863300983865602
EN,3,0.1400091470800595,2.593852818809602,4.682368395153005,0.7121693386449337,2.6938313741077162,0.29161120102605925
EN,4,0.3098727331262183,3.013628094446613,1.2904395935426005,4.9039542834477725,1.6126626417075398,3.346533544368262
EN,5,-1.034664203937769,1.585526918805363,3.1901205905344514,4.088761533654713,2.1769352791207446,1.2579929130162744
EN,6,-0.248845198507707,-0.1273255484066378,2.223769602993573,0.586907752731563,3.5036907967543107,1.335157334459183
EN,7,0.6443846613910706,2.908633747705735,1.2169772998306536,3.899610699778622,1.213950201598425,1.9062341066055728
EN,8,-0.8897914339241668,0.8307762896098236,2.748938145225416,4.139929231613221,3.2520509843603898,3.4745528181433802
EN,9,-0.6573628407782395,0.4064066443553704,2.4667673224395954,2.176721555469307,1.5837469951813306,4.237816959497309
EO,0,0.1162783886381434,-0.2025311663390585,2.1995444934231694,3.982225520540061,4.2332739710676535,3.250471996946368
EO,1,-1.046156609240302,-2.808900304137939,2.2060477320851657,3.9887689628573786,2.734742815795324,1.587075849999529
EO,2,-0.08861185312400843,-3.90363783156069,0.9829992350977186,2.99259230816815,3.456861578729542,3.263558268022184
EO,3,-1.457257339366513,-6.285834541455865,0.25603498338541064,2.629873296900285,2.559424738135224,3.061394149123943
EO,4,1.953462572480199,-2.141632102309301,0.43538226286910786,0.43309333743608375,2.5343746728038186,1.659231484899272
EO,5,1.19261738111822,-1.529969989542903,4.940937601351441,3.7603609268641986,2.0103432415720017,0.23864670014823253
EO,6,0.5720915563821602,1.81306295552774,4.137196085607072,1.405404075825949,2.0104734502702093,3.713016799893057
EO,7,-0.4274732633861565,-0.9023942913487311,3.3154318745008022,3.746996531215783,3.994004733031561,4.3514450613270395
EO,8,-1.111382133050656,-3.005891693004261,2.4973929586335952,1.3821697731050844,4.244523697340948,1.1363200877550008
EO,9,-0.6093440483313122,-3.510301613078584,3.7635457046542142,0.8170546142874935,1.689995176105336,4.566466374319165
EP,0,2.123994795214041,1.969643871161161,0.3154287787809832,4.1847491958771,2.233919851795279,3.530582734147304
EP,1,-0.5426730865084549,0.3047578945560598,3.78898975950161,3.5867516666551356,1.6168661329032992,1.2872277689927758
EP,2,0.6663921440786847,1.355614045850534,4.586732302704265,1.3831011264566548,4.178304806807204,3.431137540884977
EP,3,0.05202709901395114,-0.09628490341573426,1.739948254195073,0.5902404980810481,1.5447286380723193,4.8633956854869504
EP,4,-1.691425231715031,-2.765189466033608,1.0092120116849106,1.1579025710397597,3.6322984883719553,2.3076834303698672
EP,5,-1.754202844113759,-4.833377314468841,1.5123657624885258,0.9097855621211848,4.120604749252939,0.8574996607339542
EP,6,-2.317809455376717,-6.950534741068436,1.5261351535558374,3.309074053076317,3.1753582885411653,1.5622339276720232
EP,7,-1.145005243635305,-5.577080679172924,3.9282976816088087,0.499295198682219,0.5142508290006541,4.21132386571167
EP,8,-3.000520265513793,-6.020331552456572,2.529403759972856,1.7874312648081048,1.5280047989912606,0.7390766679526575
EP,9,0.2288638870520364,-4.033231469464058,0.9645848171294868,1.2649902107805655,1.5274593966726497,3.725487959209306
EQ,0,2.675896739849651,3.336752486522447,1.452624705306862,2.310240123507383,0.636606780942533,2.158188303903846
EQ,1,0.7618358438405944,3.792179674049643,2.895739270834691,0.22735962560193246,4.744230195894753,3.9157725077564316
EQ,2,-1.583670353062858,0.626197831990561,1.4391252255057725,4.050622347180819,1.5585515963178942,1.758672645019949
EQ,3,-1.539736939495929,-2.697362668138806,4.691216672960604,3.5466061311924557,1.955582817356484,2.3055072524142535
EQ,4,-0.7422293990525233,-2.826276930724791,3.105854210566194,1.3507307156844635,1.325027081521232,4.758062021989733
EQ,5,-1.317495474171906,-3.396954634233897,0.9549281923773709,4.89281922866477,0.7151856072527754,1.3538577044619569
EQ,6,0.5316151572561276,-2.31738631955793,4.480609459156165,2.2017927308516927,2.7182242206637937,4.909427406681444
EQ,7,0.4614005924262114,-1.76640092423647,4.042744642405016,1.3772003897534533,4.955057646339641,1.7766644473111846
EQ,8,-1.482183241680063,-2.946420746155176,4.778848489787089,3.058041305189575,4.647928829629932,1.7541449153658137
EQ,9,0.5318102364986281,-1.776316576936398,3.3863037455600495,2.5949632063740142,0.4662742800744681,2.118550378399189
ER,0,1.209042114169487,-1.250484170826094,0.4333643987972831,4.8969605438869035,4.347623661857254,3.2598469794855602
ER,1,2.006719459542356,-0.518769189582307,0.8178264459262115,4.125038904721949,4.4661109491128785,1.4522312056106426
ER,2,3.045396381038393,0.9032475436400641,3.7304753704575404,1.7989872884441382,4.599763875899825,1.9476173208607535
ER,3,-1.357315193034442,-3.036725478772133,2.900719318287687,4.053838233600749,4.925000861424661,4.484100672300821
ER,4,3.45975308939872,0.6346557469166028,1.805640854089733,2.6321662148788794,4.5497977116385435,4.407187091559034
ER,5,-0.8442375394290953,-2.856835648580056,1.4811556677744817,0.8558015210957886,0.9266562775659088,4.692196387075874
ER,6,-1.401365762288183,-6.035171376140045,0.34094185996788406,0.9165783890408628,4.7913397492413585,3.936878777710123
ER,7,0.5174614105603712,-4.408532389216805,4.998080198194752,3.9122530738099104,3.3888600987720126,2.531798118426918
ER,8,-0.9907654013001823,-5.837316652330696,4.363965263486561,2.20809288891694,0.8141569727790487,3.997152732202506
ER,9,0.5596898760252201,-4.315523383166981,4.133584510204011,4.063243099786304,1.274190624413452,4.2780691976227105
ES,0,-2.521911488287567,-5.361596708214938,1.145163299132046,3.9524072936019343,0.808143794543561,1.8785056721438758
ES,1,0.4574753686780995,-2.398920704987769,4.17218798614901,4.210024531886403,0.25575766458488564,0.4876897891265662
ES,2,1.62172893838188,-0.4100747807311076,3.7643491724744567,1.3885381775134507,3.7999110176048925,2.5840070550382745
ES,3,-0.8072995660126567,-3.332759986896145,0.8224336949706752,0.5740417766673227,3.515483952184689,4.401682424182566
ES,4,-0.59779277518326,-4.897066252614934,3.2498403842774968,4.559538315923596,2.177214803110718,2.3946964128124275
ES,5,1.311391556766075,-1.157259518542926,3.4494596745436232,3.007775031253553,2.587113659979692,1.350735596158045
ES,6,0.8019716775686809,-1.730557189053122,2.8685408892549122,4.9098307810551125,2.332387125430352,3.0153698835082126
ES,7,-2.072317136555745,-4.470771787893447,4.547218951441632,2.973699035484047,2.025206519815594,0.27253219573921716
ES,8,-0.5485019952372067,-6.32771567955947,1.1365974305556057,2.916645881862682,4.754060870040079,3.52139484176508
ES,9,-0.4435282420425403,-5.442629123455622,1.1209250298675497,0.45682159509124104,1.213094754917225,1.6243419814714406
ET,0,0.05277808789396211,-0.7462580515004434,3.3891441440786614,3.187532773291543,2.512051925635969,4.619557861483825
ET,1,1.417696718147119,0.841134733407054,4.554469494310145,1.182237396507517,2.7164594194312435,0.8632520861777233
ET,2,-1.893725865504082,-2.970139187523369,1.100826198113254,2.322890381294218,2.4356775494643057,3.4202969922836073
ET,3,-1.772787837563394,-5.281361481785207,2.2372778312396178,4.788675494745169,1.9659298923898112,2.232441352402129
ET,4,-1.709948642325568,-4.646574075134962,4.2978370621221105,4.331404320672349,3.846092233130024,1.8277749607876463
ET,5,-0.04579390615024403,-2.378610405753967,4.177773536784377,2.0801011573685027,2.17031786362112,4.105941967940068
ET,6,0.5448561688198749,-3.123194566494224,0.3811737141658574,0.9512281908276843,4.852450476498689,2.1489582391949
ET,7,0.4201698546764011,-1.017027676835532,3.866249300418933,1.3678175641251948,2.085977655556377,2.552901657633504
ET,8,-1.321353974911375,-2.190518851523458,0.26848609520520766,0.31721191460140935,3.7309117024507494,1.3299318629754022
ET,9,0.0602239249622758,-0.7350877388494688,2.921322505291772,3.923063209072623,0.9625238507783824,0.8381441362022819
EU,0,-1.522971884249431,-3.324818371773098,0.4069323233037603,3.4966903371176907,4.534266541664076,4.417167339838303
EU,1,-2.386325060475137,-8.462449491787854,3.3144219412185056,3.685421130693821,1.941397018883857,4.697341211977294
EU,2,0.3128352191056938,-7.015389404960133,3.8620778294613727,0.6099356067086301,3.050000338810223,4.165955504557763
EU,3,-0.6438014169703938,-5.700351460737062,2.7274554737042713,4.394898700516229,0.38310137677071926,3.61525777686267
EU,4,0.6657612956614447,-5.817568361852732,4.7111977944373455,4.993700821949665,4.195831865877047,2.6617649209593415
EU,5,-0.2651027752840621,-6.126808709102278,3.4445245296997764,3.468777356083907,2.5377031293179475,2.4719507728068204
EU,6,-0.002472047830963706,-5.890416870133052,3.6190404518530332,3.172671461229478,2.990630025119988,0.8369404834297716
EU,7,-1.728129907542135,-9.852488430837958,4.21118129856533,4.485428116063348,1.3615507274121708,3.226647076898575
EU,8,1.608521626262461,-4.989548684911266,3.1621659407093627,2.9066086982022896,2.125868791210097,3.612195398188222
EU,9,0.3324720478284235,-5.665347755437132,2.477080175326545,3.555998493826002,3.5979421701636167,1.8166587834446037
EV,0,0.5879220681485708,1.023566555243299,0.3058199452734657,4.653381186328644,0.432594088408619,0.9667793118257189
EV,1,0.5214385378335438,0.9920830955162484,0.41059993044883414,4.065670586188532,4.617613577065841,0.7941329977589171
EV,2,0.4167198582592544,2.233738268528155,2.803208476856864,4.244264294589927,2.1391813089060676,3.305611238509574
EV,3,0.745231068123089,2.389977406295089,3.573850561136414,1.506923810918079,1.1516034700302207,0.46718486581476737
EV,4,-0.4553399112342941,0.8822837115202863,4.5927231741687065,2.4246550128733966,3.6467432529267967,3.039589443558487
EV,5,-0.4445259240972381,-0.672272136633256,4.7014565175723835,2.0464550700643365,3.117847876735396,0.4653286111974003
EV,6,0.124281601324772,0.5414061687136459,2.765614184342338,0.2194688313847314,2.769502363675958,2.709586721359052
EV,7,-1.393939191296504,-2.61625548751199,2.895391770382743,1.0990849238552476,2.2204685718458594,1.6716773337799844
EV,8,-0.366166587583844,-1.169302674046734,4.550285796491424,1.5126642131646049,0.4921773652703713,4.1995249389041005
EV,9,-0.08183227191855086,-1.818598705266111,2.9691948793620107,2.1280422225025344,0.45860534290411276,3.3890689181948983
EW,0,1.936747743791783,2.552610012337026,0.36021415262299056,2.522576256351536,2.9369180265451793,3.9284267904229897
EW,1,1.251751743000907,2.445195099812596,0.8098458390442864,0.8683633948486729,1.3469359730035562,1.0370882092151459
EW,2,-0.934503452020381,1.114566221468321,3.190917272416366,1.2836675022040365,0.24781791550400706,3.233007995789131
EW,3,1.330197458319233,1.565814668708058,3.2183780494676406,3.766740054138508,3.530688438970805,3.1290121962801107
EW,4,-1.194347049188427,-2.017437777919945,1.23845292084516,3.857706202277541,3.969862374306387,0.34857274247850933
EW,5,0.1703684334479224,-2.183968928042008,3.1707343830138917,1.82536959181245,2.7866425372230803,1.0277369926757227
EW,6,-0.5700206632415199,-1.343080394460079,2.3165982158256426,4.335003325776807,4.827396780390435,1.6630192360447213
EW,7,0.2253078225539273,-0.7080180059261023,0.5983468850777852,3.6388324658621216,3.836179027400319,1.489359802194943
EW,8,0.9042181355497432,1.230481765536765,0.7825807561258562,3.5605063936500616,3.9614169724496597,3.519478258352527
EW,9,-1.282967510401067,-0.133882230614664,4.107931784056881,1.4484551443149292,0.6671984907217693,3.6952624014942295
EX,0,0.1249162209928594,-2.539662815219947,4.118628745682625,2.5681072723356815,1.4515975886621566,0.8782993660328331
EX,1,0.9479029389779983,-3.234433376981777,1.503553577792335,4.350600408341286,4.907552043079889,2.4659426964838693
EX,2,-0.1231892504200093,-3.609187937313411,2.281616745157416,0.9736290181205172,2.795398184640261,0.9341157306164152
EX,3,0.2031460978279602,-5.989933851437359,1.0162142515264143,1.0340352022023518,0.3308757900219666,0.9566271269291629
EX,4,0.6470274493590851,-3.075790367063736,3.356762960227645,0.6585092790767206,1.886355467716534,0.4835912540466515
EX,5,1.070457899235396,-2.220255065783942,3.68511149992088,1.7938350864587804,1.4530499390488105,2.986879682795122
EX,6,-1.605052667426663,-3.062054477674398,3.71131150156132,1.6910791102200111,4.546895961317648,4.553404620913893
EX,7,1.628475808908879,-3.787949881598278,0.335250248204618,4.918494807628199,1.6263558677487227,3.7466814191056734
EX,8,2.117740825420585,-1.006906009578818,3.4693321252394154,4.851751426446311,3.4528952857532222,3.64327539306978
EX,9,0.8311239512601953,0.61936056497704,3.756702968270664,0.6737876968561003,3.6586854633789403,0.41994386235980896
EY,0,-2.632528204332477,-3.022688053565967,4.894806795471836,2.6499883837952494,4.194089489530411,1.6907239531490204
EY,1,0.6737292657573725,-0.09901475935258386,0.8891342002398877,4.569722123824428,4.263058352203498,3.3355210131347532
EY,2,-1.44337057473011,-0.8087825054310135,4.690331621374354,4.868975168574727,3.48155530595462,0.23850598125817213
EY,3,-0.3273633865666341,-1.887381195482828,4.7986764717644075,3.186440151069495,1.2199132554764667,3.8537428008008012
EY,4,0.6580077050902168,0.2910742839116788,3.784164916564583,4.868340467563705,1.5348876416882662,0.6953208957643513
EY,5,-0.5246015665833506,0.9927793871950072,4.716489920381283,0.6387140932270612,1.3669177622302258,4.120673629287879
EY,6,0.8204037472799541,1.055076942749453,0.5256013116503764,0.842335073599404,0.2255796042044823,1.8978380169581177
EY,7,1.388532962933785,3.314001921529255,0.2698518426025288,3.666281022721651,1.798073303562691,4.956663837691542
EY,8,0.1424416338939646,0.839803918520859,0.8600181543324883,1.1350755871654645,3.1796840295609528,4.351093089628076
EY,9,-0.7385203695559267,-1.177477225704538,4.353163072367057,3.927229082029906,0.5739596334465341,0.6261769911730563
EZ,0,-1.34722536911933,-0.2253101550157524,2.1490972829947816,4.806854953811004,4.1470083568889,2.2573325903669486
EZ,1,0.9905649111972734,1.398523858611598,3.4780922503863163,1.6134804887855252,2.979930126880532,3.1956861624875716
EZ,2,-0.6286581433478438,0.3354870567555385,2.231204467870415,0.4191454827693788,0.8475218153857107,3.37855209999689
EZ,3,-0.9849829252067261,0.9387730745507875,2.016250908118846,0.27849625753460694,4.372968411054901,2.319199180052977
EZ,4,1.617486523082301,3.104020122103222,4.764065621528643,4.806442286989063,2.2411375864575622,2.08962505605911
EZ,5,2.528477055969518,5.459205533662523,3.3311619150128147,3.8559633493340884,0.41523575633571286,0.35875436282502504
EZ,6,-0.1028163466553368,3.786006552211936,1.658882766926786,0.42010878462164547,1.3895520742296579,4.898373403481198
EZ,7,2.460411288592462,5.558385974870431,2.8560854683973522,1.7961169374908559,2.9216496356383383,1.7546378050214493
EZ,8,-0.1315104229036476,3.500045688260305,0.8932293377844411,4.061277259529249,0.575209021291529,2.2888289370433346
EZ,9,0.6464534408769467,5.386881600435295,4.9786764438648055,4.158901650589476,4.704115261337004,1.622666076615066
FA,0,-1.036731339246471,-1.414896362654273,0.8368170477644163,4.507185246858438,2.5382163511848312,3.3384091693868907
FA,1,2.689731122721899,3.635178988908156,0.5413388580987839,4.9444607466876995,0.5361304124123292,4.0151813236835165
FA,2,-0.7626999078430675,1.832869893024737,1.0597385888664754,0.9377386145339894,0.5087921282560901,3.519647080455707
FA,3,0.04751386519061607,-0.01074338273651909,2.227414641206305,3.5066503914271996,4.082134982041202,3.6675079922869664
FA,4,0.1248758401850922,1.688568471859652,2.833117639021315,2.0942576289808965,1.5357485321655748,0.3371877168417525
FA,5,-0.3973560683768836,1.048192095674132,1.41808894870577,2.4790973012283586,2.2505299649816313,2.1512067762330735
FA,6,1.455811743159686,2.871723229177355,3.881213938986398,0.8106406962430535,4.429125316392434,1.5124132450916905
FA,7,0.231891112981943,3.359437225299449,1.2324567998579197,2.6490482646774782,2.8350082127807466,3.7835914240264708
FA,8,-0.2358176023477806,2.391998286311359,4.985063453654025,1.9355233092098967,3.122486819881251,1.1142158406207103
FA,9,0.8366842747683998,1.739340025653609,3.938958917944603,4.552878011620998,4.8356023406811275,1.3830809870115006
FB,0,2.085253982056248,2.319848388105278,2.662222718129016,1.5571470920859625,2.1239902121656975,1.6505732192387639
FB,1,0.6450675570115311,1.584650410718017,4.2739385960733385,2.52442611347568,3.948527410729634,1.1255127160408893
FB,2,-0.3118408663197397,1.063107196774467,0.696967147859231,3.47862506444864,2.4709055976636733,3.0972507052551195
FB,3,-1.58747378619331,-3.109913459890399,2.5185341584763936,0.29687003901927544,0.4738989381365933,0.5235328209297899
FB,4,0.3034061222449634,-1.500309636337387,3.1985354999366633,3.379748864069502,1.9968691703742745,2.5395116391764483
FB,5,0.001637149353142464,-1.861530062673919,2.2366580260452182,3.4566649827316387,3.9731630298469027,3.0045666520081897
FB,6,-0.1612110915505066,0.08335455112480394,1.2228688199143893,1.6554402368284715,1.8908665333984735,2.314720375405681
FB,7,1.034581613524411,1.176697194174536,0.7398040688052276,3.7691487117452493,2.9142139302512553,1.318438701659622
FB,8,0.2054422025642473,0.7861616491964462,3.581262883598324,3.278232149011735,4.360950355443856,4.064304346732625
FB,9,-1.472553321963019,-0.544103849911296,2.2123653998955812,4.365856768846158,1.2404207966131413,0.7744502052530309
FC,0,-1.428146908899089,-1.549516228244135,2.336186687487034,4.835772405466639,0.868120121502451,2.6955679891512445
FC,1,0.3074996716123632,1.530988842623318,4.1175743600833945,2.589060257885849,0.5101223418964199,3.6709764386717274
FC,2,0.9228275203673972,4.239667892036668,1.051969282362311,4.073040259450146,0.593299861770255,1.2334057400282856
FC,3,2.085735550778104,5.196744838144556,1.629032373177136,2.708614921384617,1.3228663856954803,1.5109419615444009
FC,4,1.033373090426448,6.126591095553385,3.8495961128041314,1.9846793328409096,1.5986283066150382,0.6055113099783229
FC,5,-1.125345989234892,2.797971819023438,4.331237887853156,1.5336448437616945,4.770570670920096,0.9200786629435016
FC,6,-0.1779259788053272,1.330770893896676,1.4597035027714866,2.764079844112824,4.660301553763727,4.278979520637916
FC,7,-0.3316253730894195,1.165529138347247,4.907578456758623,1.5631873891281487,1.546319570182819,3.5780162958108805
FC,8,0.5422287587174911,2.159483680102095,3.756475921750292,0.9159443691899887,2.4915889037954946,4.822377023721974
FC,9,0.3835743464140546,1.800005155701235,2.111603486480386,2.519795164156452,2.2899047094601586,4.051721880117634
FD,0,1.47811474240818,2.400480344771719,3.684074142017643,3.4188287675522697,2.1431846595516006,2.187298272402397
FD,1,0.1289082453666812,2.530024645706481,3.401507382557654,3.295941481895588,4.622839978114937,4.96891262887814
FD,2,1.139807139954306,2.11177408457297,4.953434806769088,4.8555649452150735,4.9020888697514176,0.890817273739843
FD,3,1.167419171262052,3.400013165681835,1.5839355356093316,0.8331669179860994,2.8620964353515856,1.4598851286981878
FD,4,-0.2756754235514273,3.363216163566171,0.31905118193789905,3.7510763071149094,4.948264165252656,1.9770736226801615
FD,5,2.295590324543659,4.706091635841712,0.7371961114659233,0.493594878370711,2.84013049433085,2.4374892183629133
FD,6,0.9033185649009439,5.379178297164166,4.057912650235583,3.094554624630571,3.0461220409469036,4.005464983123566
FD,7,-1.443826400720711,1.53526242470167,4.327120165084713,0.8805081193583562,0.7170676382583339,2.2229432871320545
FD,8,1.886888262296348,3.578838847266623,3.507105280670633,1.1373960390354159,4.117018313615684,2.554012598108333
FD,9,1.492637232000057,2.851352748039936,1.8420011596721,1.505841518474788,1.5347876612979985,2.6447472921675135
FE,0,-0.5900659428361044,-1.278730542782283,1.63897403885166,0.6557343355024712,4.108700534608175,2.566814528634124
FE,1,-0.8191156772444914,-1.746058131483064,4.057726565896873,2.596334899186109,1.4142164974309213,1.7795597886081167
FE,2,-0.6434050492407845,-2.197015532137022,4.205643119846034,1.8602998050209807,0.7926335655292713,3.31438218123142
FE,3,0.4407338181471309,-1.206214513785958,1.6181903640918072,4.101400277499873,4.042170926415612,3.921802195417483
FE,4,1.17078149967492,0.3061497504768605,2.069695345237204,3.203105915181807,0.7057447114447757,1.8932663864814854
FE,5,0.9890645740292657,2.119499565560602,4.710534878422845,3.3031732549821813,1.8762971104175,0.9714400585166867
FE,6,-0.05885631088108144,1.210859221645482,4.906781736165918,1.3834668252316655,4.867346986579944,0.6139762549339679
FE,7,0.7051989169196312,0.01245252947308995,2.3161666365481857,1.9057213182615858,1.609461218713884,0.8497476745195001
FE,8,0.257197450196058,1.660700894055549,2.681450803052792,1.5106820360085007,1.9670492977727836,3.097780912266409
FE,9,0.6123742715593873,0.956633389785488,2.7462734594335876,4.255593910833184,2.5010199023122053,2.076898444313324
FF,0,-0.317423011903593,-1.137271087062264,3.7983210297372807,2.0772794356484128,2.904444756114514,0.5123291606191611
FF,1,0.6542912114812489,-0.5370054265464086,3.0727937453895104,0.47919934064115954,2.904594329605868,0.7719096083365784
FF,2,-0.01375735558906009,-0.9582109724310713,3.767655681545883,4.466045397306655,2.432541759600452,1.8770610208550413
FF,3,0.4912375911079269,0.08763078651441325,1.7601040156571646,3.3958406055640062,2.548619328709763,1.015030229892295
FF,4,-0.1378849457658305,-0.4033385917460184,2.2807731031120464,3.3720189438229053,4.277297397437104,0.9146565624862648
FF,5,0.9141992413321405,-1.196565592113767,0.48359216793173854,1.2551366559609134,3.18471474500879,0.8211939578201015
FF,6,0.3563550488872959,0.9210946073984771,3.7342295223651245,0.48245244841281476,2.7382090277692863,4.429722243032782
FF,7,-0.6430655208795918,-0.5920744393611149,3.228111271862496,1.9655719749094462,1.9979918678703887,1.8855382878081546
FF,8,2.047323452534356,0.3106616213545489,3.7101536481054715,1.181748581438963,1.501483980090961,0.9973536161879568
FF,9,1.459810276182117,1.493558366379233,2.204251033345158,4.24912983124971,3.662572320944288,3.085986210866591
FG,0,-2.260388225728,-1.282258869141147,0.9026367487541678,4.882115856754615,2.0707223669606867,3.711359952932387
FG,1,-0.36564464274074,-0.3860420772267728,3.351570505766329,1.4236266290697428,1.0689865025125496,3.589230455293178
FG,2,-0.5658973382617107,2.084441647166435,4.801146489127604,4.786136244152369,4.289935879683613,0.4565749302297043
FG,3,-1.088251407542778,0.3815431995217722,1.8970280657088006,4.7910106697106105,0.2829785403353927,4.263595709495866
FG,4,-3.297395113242738,-2.450150299387342,2.8105137117604877,2.1995140628116783,4.7167092065803375,4.0192154659507295
FG,5,-0.07870032168771048,-1.139871159458929,3.7652737076681655,4.262041706120829,4.08212730991594,1.1933103635891846
FG,6,-0.6061838513707922,0.1792469243202279,4.156613991767307,3.8194104082988125,4.633983091098112,4.480973618656948
FG,7,-0.6933617582987611,-1.677074516726091,0.44068333282021915,3.534495046706799,3.308176295691094,4.919846578253335
FG,8,-2.607899204620777,-4.781519199697601,2.7791344781916005,4.411821989043139,1.6946924409760784,4.488813730890877
FG,9,-0.2106457821380339,-3.347942650637954,1.7618533335803113,0.9112115916511605,3.4023846510636373,4.7224092022203275
FH,0,-1.231877757649971,-1.423944514353785,4.050921444558051,3.2090186048239553,3.7474857566126376,3.1017935824344067
FH,1,1.289537291425777,0.947912427828191,1.7314814406223333,3.12180456699777,3.0961452309273634,4.542886367329475
FH,2,1.66260670981027,3.5968131714999,2.4091847678855154,2.9673510087748065,0.8080987507110422,4.325085142554868
FH,3,0.3399711712341512,2.734796627160476,1.1292123922844748,4.540289782151438,1.0208679500128683,1.9430794802700833
FH,4,-1.040027069051884,0.5775103950989151,4.624123207518769,2.4224258222222685,2.873336316679142,0.9532225365473639
FH,5,2.020048976117967,3.22736323049455,0.3114685913782404,3.4927022682245004,1.3442744439953371,3.8994699360390004
FH,6,-1.121763535532236,3.09703124531159,4.929692258871717,2.4463110039402047,0.5575513751160344,2.346231244029155
FH,7,-2.251045348821969,-0.4421103195617548,2.084794767598803,4.533124104846272,2.4395380448040145,3.561362549658167
FH,8,0.3263330992639274,2.011513336805552,2.913598115290623,2.4909071310042417,1.536854832402185,1.1371198730162402
FH,9,2.662691210790282,5.349847825279362,1.0408727719894644,0.42794750364664813,3.703111416943706,4.7154140826564195
FI,0,0.2747036442082265,0.577218958911479,3.3465153120139477,1.614289318663395,3.8706178055279943,4.674322495360669
FI,1,0.4259948642265613,1.308978422988093,0.464722067778159,2.5739489324466724,4.959579391586286,1.4158009726272331
FI,2,-0.3409033937820012,2.11804920481514,3.7863364487395272,0.9225318630960597,3.367144401523949,1.416701652580101
FI,3,0.7678835609608508,0.9324152644269795,1.229873113276785,2.938686997850841,2.9108446638466705,4.44559984519349
FI,4,1.007962044368283,0.8787613156169418,2.70205336060963,3.6776893855822075,2.622169258485376,0.415780271238658
FI,5,0.5808559847758972,-0.02112591466887292,4.2935329022217505,3.999126715213396,2.40105877152221,4.249293811420764
FI,6,-0.628232250469457,-1.109913563032809,0.29594339216261556,2.955096957136801,0.2747017445785767,2.649249142999333
FI,7,0.05972990944515022,0.3180800867610167,1.7538162029419873,2.982905921619972,3.8591040446584914,2.2137876719164002
FI,8,-1.965629492370305,-3.323299084382033,0.8484996199065085,1.0366680582506105,2.649045454004261,3.507670561409384
FI,9,-0.3466523343218541,-3.728980048864009,4.031776243595917,0.7535224650460337,4.478141602816196,2.5300427763674773
FJ,0,-0.391816861026221,3.161666786816016,4.7269233537163515,4.888147620916877,4.8889047838871145,3.9944413846636064
FJ,1,-0.6673982517982437,4.481057316685535,4.177781003624004,3.4832928441836497,3.3638194745169785,3.7015446858906955
FJ,2,-0.6052565403192149,3.939236850071302,4.452001826079085,2.6004682522638833,0.5947235575625764,2.491541493556095
FJ,3,-0.06195517462385625,5.266319310596847,1.6343300532937886,0.25122600931520955,0.5762105838453669,4.379579556069115
FJ,4,-0.3673706075759384,5.305050281921822,1.5551760993064092,4.467350337306384,1.2671426491528335,0.4355104020381194
FJ,5,1.216581901340755,7.754509638359115,1.0244963139429526,3.2584120114963913,3.2431558808235104,3.3667545097236173
FJ,6,0.1163025990636655,6.918196795225605,1.0856239031538268,2.714757131947932,1.2406634735001296,3.125724184832957
FJ,7,0.2246600264251735,7.454217551280514,4.986850720082518,3.4517710293091515,3.563136599119269,2.0732206708712075
FJ,8,1.504018883557792,10.41569688723959,1.410852325808576,3.2394293571291817,2.7993323024033754,3.2854787018561664
FJ,9,-0.692477463580899,8.391474655658932,2.4816354673399865,1.7469598266874309,3.7587741831038253,2.0461482903627597
FK,0,0.1299427068070998,-0.372348602744861,2.2916357650462276,2.7913597039604663,3.447468980683679,0.7173411463412704
FK,1,0.5118259854551235,0.3828676779527772,2.825397504634569,1.7231779281290882,1.8595858205173128,3.689082463433454
FK,2,-1.685687288459423,-2.009741016185141,3.1170973301533986,2.6626111627195623,0.4141411180132998,1.7288520803713712
FK,3,2.189677607132728,2.408234247534446,1.4722785447171012,3.9785547918299446,4.657467089828171,4.3071439786553
FK,4,-0.7913981863790047,0.4662621031280604,1.7153640646188455,1.2759241443328777,0.45002532131596845,1.187446961702399
FK,5,-0.04615686090632147,-0.5557324810591182,3.443624538641449,2.687772385645267,0.6561581563200274,1.0204258110825195
FK,6,0.7465672380252522,-1.09750563722069,2.614414011996543,3.8808297247880033,0.9348784491133064,0.7230597527342988
FK,7,1.474286853517089,1.092515358102311,2.7037758832099645,3.798391434745538,4.191348196103765,3.9399685666505064
FK,8,0.4679270949827049,1.371407369689905,4.239165005468948,2.0420146145798093,3.548697903334179,3.864974800230315
FK,9,-0.6111761885891152,-0.6890818344568268,4.4218333473004465,3.177034428997542,0.9633042292278029,1.4125130073772412
FL,0,1.235737581136779,1.597448423371982,4.0267879199077505,0.463846899991961,3.0585022400533,1.7246691183975031
FL,1,-0.07958300629780835,-0.5813463058877779,3.307090679961157,3.44744712193357,4.110778939219164,0.49974463493487153
FL,2,-0.5258797325075518,-0.5521339811254158,2.9060396805154896,1.22118704819019,2.935857590025142,0.7264606303478762
FL,3,-0.5685154709633431,-0.3009294000290933,1.556330426650101,1.1639251426116932,2.8928955370508973,4.8686571100282405
FL,4,-1.218690276916387,0.5842269613487936,3.8333919821939166,2.8018641427284257,0.8021195260292378,1.1146560984403726
FL,5,-0.2313775596807573,-0.572977660323883,3.8506033733178247,2.0323972320076167,3.2465723596703744,2.9060828572531086
FL,6,-0.7218740594195608,-2.167231459192167,4.4984154553788605,1.8516990810073835,1.2931422286582255,4.804439809334206
FL,7,0.6884773941800214,-1.612577907756188,4.95632239191971,4.649075884425907,2.6389299323553956,2.193132324561029
FL,8,-0.3092291566770933,-2.519091556970171,1.9549652120288092,0.7210082245753349,1.4045733009423145,4.1150960281122115
FL,9,2.002557873052182,1.459655735358762,0.27192580119525755,1.2638821541227454,1.5792259401457711,0.5360812855978168
FM,0,0.07695541959584751,0.9377180346943784,1.54952965663441,1.1904548331840894,3.3196891234708366,1.7823497833969368
FM,1,1.298258619942033,1.248968698712746,3.288868570384321,2.9375592227158616,4.2298370036908715,4.109578219093733
FM,2,0.08173109373791887,1.363575443896795,4.519929247985459,0.7784377152148656,4.932197777867093,1.7905774753659842
FM,3,0.8445752520823898,0.9552782525778877,4.591857753921187,1.64049845933953,1.5551259094919523,3.7368433514597155
FM,4,-1.506314216381077,-1.399481665265231,4.5043395140611215,2.7238076636710447,2.001467336174815,3.224148667897899
FM,5,0.06861648983930768,-1.79031902234779,0.49704396876425727,1.021629619266875,2.5284359588130148,1.5684103717191338
FM,6,-2.139883437134693,-3.76897475050033,4.724144478777963,0.4201717010162016,0.42312051109617976,3.236190409834169
FM,7,-1.04103826409627,-5.314502613892581,3.1867038193261723,4.685287444151404,4.470814689060118,3.352581764692443
FM,8,0.5724813756815831,-3.13894730018928,4.427603145203519,4.669229110295043,0.7942586373893488,1.5030470955087238
FM,9,-0.5411355063381176,-3.029096291404442,1.8060224365313404,2.9138347448995776,0.9943385166365637,4.637445074412465
FN,0,-0.6777572667170295,0.426425746624513,3.317045136212693,0.39029538773330363,3.5929297065520864,1.473219704235442
FN,1,0.8928802175152386,1.286953954345769,0.25386368665715564,2.111841832297192,2.438046860640593,1.5039886945617464
FN,2,-0.1848146406314694,0.6848877944534552,4.936472147535829,3.884995498041512,3.4127943293483596,2.8105492851826943
FN,3,-0.925167162034487,-0.9771232470428863,2.0547058369319062,4.040480270779676,1.3569791126099853,2.5675170280457613
FN,4,0.07797253956515715,-0.2284718438315838,4.517491200251289,1.976373248341035,0.23317155909939535,1.9712209987032705
FN,5,3.005787757353669,3.229055166320408,0.9816801711292791,4.674326793117422,0.22347925273489297,3.802277964895971
FN,6,0.5818333542396135,1.482831628020336,3.6500478860852215,4.928546011714185,1.0915016399298305,3.8076780605199607
FN,7,1.20631054502821,2.165492002435769,2.9113827640696983,3.1779212473829856,2.4798622552145666,2.37824789310393
FN,8,0.552067794757106,2.197263224716891,4.55417670908606,2.1303702162875524,4.825928088891094,1.5494062217348583
FN,9,-0.1925471192319851,0.669526291746543,2.5306321175223485,3.952269794725538,2.564680305720177,2.8850280479036754
FO,0,-2.690010440784417,-4.482086350170809,3.787914400543601,0.531679049781862,2.753467605292908,1.511819012782808
FO,1,-0.5636749220800249,-4.651802591635566,2.4726793293840745,2.3597066728083633,4.283819714783711,0.5861312397522791
FO,2,-1.047284922348786,-6.504552203788267,3.4258275242163183,1.664043362673329,3.9233126632637196,0.784105856051315
FO,3,-1.699930206422837,-6.654973464797112,0.8848783976531167,0.8152893606617331,1.3792815675120376,1.5931777528989148
FO,4,-1.605092977045034,-7.914634526808769,0.45698179790518056,4.213054735697362,0.8943232155625109,0.6852422431785492
FO,5,-1.449409624406026,-6.587676415212141,4.531816972395116,2.932039251006532,1.144531252643948,2.173233036997149
FO,6,1.130590036996777,-2.452527766776838,1.0811209788435736,3.450258851055859,3.107514426394271,3.8917550283931965
FO,7,0.3883875699979062,-3.763785098404872,1.7291051313023151,1.5248431313353816,4.94127182368318,3.0451688408937154
FO,8,1.373878449811666,-2.367182129454191,1.0206957314081877,4.463021344125229,3.9818175845076085,1.3507243780973626
FO,9,0.05141350963823149,-3.848142067479224,4.404401044924857,2.585538768792718,2.4248639485248793,0.8677263404558795
FP,0,-0.4429192542996743,0.1405769715413288,4.32701359917135,3.7859550483556395,2.825512460613302,0.5993826764348069
FP,1,-2.564694363062567,-3.778709515427193,3.9892490256435225,4.0084331503289805,3.932080646361126,1.2662420598735649
FP,2,-1.516575320187646,-3.54594100579544,2.014401052232382,3.923822781310103,3.4933028657025265,4.455104799342359
FP,3,-1.705477060699175,-4.910977017742678,1.3642753942712085,2.4495047181933938,0.21193812702772874,0.9262751588659923
FP,4,-0.9923519925848591,-4.493494192628584,0.29096049727189205,1.1422141986712477,2.96331667603684,4.5023101536230845
FP,5,-0.6752611355652401,-4.813372497993371,4.157148451148158,0.8601347747273935,0.6081628142879854,4.601510552845953
FP,6,-0.6029889826790915,-3.094106012860263,4.250702770111421,1.7462451172666964,3.91591620978181,1.5211108225616126
FP,7,-0.079514283551532,-3.303097187813691,4.601907650243208,3.8767053766462003,3.851772740615872,3.528297656810236
FP,8,0.04370862686644097,-1.940968950679955,4.93205136979138,2.3969916766286445,1.6759318424733305,1.9709033766394775
FP,9,-0.1615033023901409,-2.18392383939914,2.858350271622666,0.6138454933191939,1.3751422268925362,0.660630137803007
FQ,0,1.083014366771773,-0.3401820787300114,2.763378003936757,4.221902620120267,4.679502547266601,2.121600365862721
FQ,1,-1.106353780500306,-2.03355756458669,4.463834922911043,4.383200121708712,3.8328794212672386,0.6863432875935738
FQ,2,0.03779224246294399,-3.043846616789075,0.570281411415755,0.4657419646984577,3.8348692398146773,1.6537657474413439
FQ,3,0.09121032829437015,-2.635093794245629,0.7537564132142578,4.904226365104903,3.0059160290629374,2.3363975594438284
FQ,4,0.4316810012075103,-0.7974981115755249,3.086913843127784,2.5426053404493065,2.1303908805303085,2.1221070821395585
FQ,5,0.4962089279496031,-1.951747710766914,1.512235293399119,4.143741583059856,1.1780384923973213,2.3195447593489598
FQ,6,1.46491922619393,0.08057569742027337,4.761452793135399,3.7279395133301256,2.3631751539659054,3.0216049806475302
FQ,7,-0.197441979244536,0.2963682681957522,3.3455013088596837,4.364200630958161,1.479521682778634,0.8926942212588469
FQ,8,-0.5902380783719461,-2.202645691156717,2.686900339793733,4.255989315263962,0.6190512640269172,3.1790072315695777
FQ,9,-0.4463156199612106,-4.225815716102117,1.9382487409943068,4.380505200734809,4.46358848711669,2.545313032220421
FR,0,-0.1220262979367022,0.3396782097146939,3.9374195548173425,2.8491253869198636,0.8468426763116879,1.9642755486463888
FR,1,0.3113175709043618,0.04079180767772372,0.6144133305309737,4.490465564547524,4.70905984925198,4.866761164938587
FR,2,1.215493627491777,3.000811553655349,0.3414438029093084,4.63736123764061,3.04926754146987,4.32732548549718
FR,3,1.849965010605929,3.450604829070075,4.245290472473022,2.1848202132088392,4.2938260852665255,1.0957688987744372
FR,4,-1.931378839947377,-0.1416012346587453,1.2848680813357896,0.8217100225603107,0.577433974571478,4.999420993038643
FR,5,-0.6960157452532532,-1.65359450011727,3.3658356386176354,2.9708893687791558,4.229688151901502,4.442099269727182
FR,6,-0.3635500319667759,-0.05775341866066164,0.28723656214241655,3.9642754754639897,4.973713887740819,4.636516063877209
FR,7,0.3185154683969508,-0.2156853026707319,1.5504980917543127,4.267765965532392,4.348672319157408,4.863708017456041
FR,8,-1.59525749031533,-1.226450026501984,0.44464690924465666,2.4730242805533567,2.7080484943418344,2.9163657960433516
FR,9,0.8242140827811271,1.014642343328483,1.5695992020029619,2.326997918716779,2.0549777465246204,3.468323823944508
FS,0,-0.8721776073137562,-0.1875530622729278,1.446846566055199,4.006765308401936,0.717655280136754,3.4215937949154314
FS,1,-0.7571262804910944,0.2302856850121145,2.2663992429803694,0.9443055654203847,1.3585206659206055,3.601356557597808
FS,2,-1.454782408451947,-0.04777555006790203,4.919851464455918,1.3912748601123583,0.2989689208220909,0.8404725354379188
FS,3,-0.1234136904429601,1.55037560462989,2.100646159878448,4.708963139979615,4.288060184092062,4.817770881695498
FS,4,1.379872698046088,3.619315232234038,2.2778453909858443,0.6116685072431626,2.0976675582496056,1.4841028898633746
FS,5,-0.1352455491568937,2.837726344268987,3.1268541212674172,0.975150966252333,3.322032269427482,2.35563677568318
FS,6,0.6595049486227333,3.288336202465004,4.254627056416013,4.8346513686212464,1.532816414176918,4.723358460689088
FS,7,1.478752316204531,3.778671938428046,1.1629865588824937,0.6715207701582985,3.133084579336643,4.938600528866249
FS,8,-0.4750506186371466,1.403997636736573,3.7571116268686886,4.513957790277954,2.596581871160942,4.303090693425161
FS,9,-0.4299991433632759,1.75044750025836,0.7349917900435183,3.5239500655712046,1.9798869999765256,1.1072291710446505
FT,0,1.413348095599324,3.668876424427078,2.2456229180952416,3.814102605560694,1.1327650382650445,2.055501944035994
FT,1,-0.9861557166598234,1.174688327751876,1.4845735134115525,3.2108697184411388,1.9401611898222793,1.7451963578806902
FT,2,-0.8909375380985209,-0.1349605563158425,4.439150701433151,2.3676463734894098,3.2308418931030762,3.192781034062596
FT,3,-1.955256685440856,-1.86990326667138,1.9427835657771053,1.2086487857598185,3.806401668145113,0.5574986854427897
FT,4,1.288553380445953,1.279498710191609,3.6911566564918643,1.0423907562626245,1.7366695286388905,3.178273240972598
FT,5,-0.1617598485512192,1.732782988584981,4.062320524863671,3.357698912399903,1.2176523463367896,1.2971319942738984
FT,6,0.1028293996076337,1.609401807535191,4.499646174033518,3.7199527081153216,4.0975172393752715,2.588446068490807
FT,7,-1.494971459426122,-0.5023489575441968,0.652109556178764,0.7451963031883246,4.432858781424294,1.4243221869456735
FT,8,0.4821360255354345,0.8226824246563054,1.1233565361877773,0.7908819692245626,4.825143035527871,1.4650538501671964
FT,9,-1.544252301802986,-1.660408326869858,4.456374056061114,4.79936951758465,2.191657482114724,0.5096125014701582
FU,0,-0.06999543827307764,-2.284229144619861,2.9163312341599332,0.5325240125523687,1.219426886216059,4.207137774232081
FU,1,1.313588224283093,-1.8198018821164,3.544982616111112,3.289368211994617,3.7049219543394565,3.9373828238069066
FU,2,0.1651597439156903,-4.582611831629858,2.1011159580846424,4.377910153791598,0.9455346995218274,4.729039753116907
FU,3,-0.7882892109317723,-7.284376105411889,4.001583158084894,0.6408463885386466,2.89881020510718,1.1049496834520944
FU,4,-0.9784120868592886,-5.945576801898596,2.7080572909027274,1.3235941365573212,2.807531336622739,2.6153420304052832
FU,5,2.686930750308349,-4.401220481255955,4.348874485013922,0.9807471357535251,2.7883845522947444,1.4214548119026476
FU,6,2.313832893245047,-2.025377489072606,4.853918350124631,0.9165149341687828,1.7061581152174212,2.1924457536406465
FU,7,0.6456759922893827,-3.224342725668782,4.895513039658131,4.681051370171032,4.518302217799543,0.9650963715154262
FU,8,-0.8341811900616345,-5.135564765250797,4.990977967547848,4.818458662005201,3.5264980975969267,1.0727996903052202
FU,9,0.1056141880463579,-4.930094170075639,1.5768595054793255,1.1812645261131045,3.618897578541903,0.4818032695800495
FV,0,-0.9854198581497373,0.3697349096616497,3.422333190027811,1.994057873271023,2.8945068241714327,2.6353855326550266
FV,1,1.330104510844211,3.460491350895885,1.5401402489084393,1.4824842298317131,0.8376322129436338,0.33336907994141446
FV,2,0.07175818343978743,3.794281595393149,0.2721971663454248,1.7632617527276098,0.72460908557622,1.6261082770442603
FV,3,-1.444410580062349,1.842616702708859,0.6854745753341976,1.5004265184302683,0.28964965045622665,2.223865086528997
FV,4,-0.3020140617615824,3.243510499870329,4.601206910509726,1.1311313834470786,4.240450774070894,3.469011712337236
FV,5,0.9895342391309465,4.516495537276919,3.234986143251136,3.6434808222211728,4.093226055675476,2.713562058087213
FV,6,1.521585432598124,5.812210492927823,0.8494248456196041,4.643294595279104,1.5611258896962408,3.417205536692516
FV,7,0.9232510917791666,5.05783587869375,2.411452890296735,0.8208095130554665,1.8259215797743438,1.0920389730822173
FV,8,1.55273224893538,7.910357347055238,1.0009872382135323,3.944439856934956,4.400115835467389,4.260798331077707
FV,9,0.1857322243904213,7.813584027059476,3.234953525452973,3.183795897128345,2.563481859915025,2.4362354938065263
FW,0,-2.759435883243131,-0.9481128818016578,0.8493420527242859,3.1647595545996987,2.756505755195347,3.7470838189716136
FW,1,0.1444376725873806,-0.4634823528319037,4.433346090377317,3.4420709245026657,2.7693484259541212,1.1463941289006299
FW,2,-0.8664202035958105,-2.405128523458343,2.1140915027472857,3.8469673415970185,0.9159823673638205,3.36904471776217
FW,3,1.116440787566109,1.698272839088261,3.5577320237297925,3.386614125802074,3.5081295301740885,1.0566748635619407
FW,4,0.02334859303027231,1.271825010492174,2.9945831538982213,3.0122541103029286,3.006534730403796,2.8223319909358184
FW,5,-1.700662059959184,-1.050954497071228,1.2548464109583473,3.342879219898084,1.0500384335273263,2.005272392418828
FW,6,0.7658093440927426,0.6941562921354396,3.9724772217730786,0.980722369305794,4.760444903446403,3.6976766763045554
FW,7,1.215776708033499,2.851515870332229,2.0581962538095553,1.9067300868165404,3.9909137510168073,3.3553294670375853
FW,8,0.6708135040169261,2.51978970994828,3.1359485105481375,3.1750421480403834,3.226259756073731,2.005120552450972
FW,9,1.585864587543074,4.35442060456367,3.1101233173831067,4.614535288003942,4.109985117871943,2.3898638723400114
FX,0,1.145551614180057,1.222942089367914,0.20737344460004048,3.6853740642231947,1.268264415492399,1.4314331427548774
FX,1,-0.94822000523994,-1.877691078466262,3.3518166653738373,0.8293261836469259,4.536411903937382,3.6658206375889493
FX,2,-0.4077319007458284,-2.903089413828897,3.1851498201559942,0.4602661803915268,2.7884856453220057,3.6708503513833057
FX,3,0.5698934488932605,-1.104900866395963,1.063502376555294,2.4023109822813606,1.361310905857229,0.2547730749181355
FX,4,-1.2486068327986,-5.150937690379896,0.2615111021993428,2.627786446086505,2.3720945503998525,1.9389290309620582
FX,5,0.9234898093892353,-3.277725600374538,3.0945197606564405,0.4112341328114063,2.3911274702444345,3.5277078703160143
FX,6,-0.07174684778984508,-4.231363180574271,2.0130265445911095,3.5565824770638232,2.4717520182188912,3.9227018927961024
FX,7,1.839066538853191,-2.320617619188535,1.4424508424067328,1.1699373738014878,1.6296864840516265,3.9630431158770425
FX,8,2.05705893537007,-0.8220426527392692,1.2429147601062036,4.923809287290364,3.353144128075548,3.8053519739424857
FX,9,-0.09947260633982899,-1.707547195115933,2.254304503064178,3.654180636208168,2.2430023202232907,4.118729789460382
FY,0,-4.112786174515674,-3.685362272734207,2.089432716026544,2.4748775653895274,3.6967748082027945,3.3001290480974403
FY,1,0.6882606413128595,-2.60062458122811,3.568528345669304,1.660089312528476,3.928715263059524,4.265742951025279
FY,2,0.6055792944222886,1.373127872610592,2.770634784556217,1.6725153568312576,0.36964509432640147,0.32792942401487013
FY,3,0.1322470802496686,2.954264310918382,0.60772253537303,4.850432069325653,1.4197693638459412,2.515703287387167
FY,4,-0.9794781851175083,-0.01596186280831957,1.806479450977669,3.598492168267026,2.575014294377788,3.232561368993833
FY,5,0.3444153288371772,2.005199815679258,3.818315905167163,3.16711604866399,2.353467166608677,3.9671784191834822
FY,6,0.4125370648689661,1.290811969820816,0.9931105046220825,3.4020230261412796,0.5968166857486163,3.0788590326218
FY,7,-1.49484204246037,-0.1350710597531554,2.127956964744553,2.864197840386479,3.839815284527844,4.7808093239054745
FY,8,-1.10935772574006,-0.874674857349916,3.7450921430679704,1.3671279458712542,3.449189156284074,1.9297418639018324
FY,9,0.01328423357043368,-1.016798249816628,1.466856430478142,4.7199108143308015,1.8023569036706866,0.8016419019899117
FZ,0,1.114870202216381,2.051938327881944,2.9531509118942125,1.832959846110628,1.1254223176891613,3.8473111960321216
FZ,1,0.7044849102243409,2.096827277987989,0.24592591273882203,1.6082693549418132,4.966034524306506,2.0861465509431105
FZ,2,-1.02531199054292,0.1374851736419089,1.7206501125479294,4.101931770928002,0.8220333232278121,2.477123351698218
FZ,3,-1.630560371166476,-2.350356814045816,2.7010828603966757,1.7292028005822364,4.722430123682916,3.387212774324826
FZ,4,-0.9534323406474795,-2.890365152161901,0.6175010954591056,1.8003963633923152,3.5367583391351958,2.923422359621866
FZ,5,-0.5808173055163234,-3.664063228809604,1.309281341307346,3.5976603932448685,4.355328968055574,0.5656927420556188
FZ,6,1.491589143480134,-0.8167532515837929,1.8477405422156223,2.8797320036816343,3.627290927272871,1.0913472030192763
FZ,7,-2.645769981912948,-3.627143706262338,4.873202511587298,4.098801087919883,3.882197817833916,0.27050234259955364
FZ,8,-0.3535090132176372,-2.548464124347361,4.039899529784052,3.1646660889437244,0.3122904827385483,3.021202630759666
FZ,9,-0.6476275142200183,-0.5008888098713682,3.4374169421523044,0.2307110978642209,0.5702832499876725,4.447449347600256
GA,0,-1.052592890892697,-0.3096234567441356,0.9950338467533122,3.3868295085158073,1.272079006691351,2.6486302774386643
GA,1,0.9508181982935077,-0.1242451264658567,2.651955697103381,3.2065378357205705,2.540564752218064,0.9655790187684077
GA,2,0.5010822114277637,-0.4276147498320167,2.612856181021446,2.8802156425489094,1.6509747163953499,4.080329288885165
GA,3,1.389370790657766,2.067953615096448,4.020118766423797,4.541370802831381,3.416732246498949,3.326633170633097
GA,4,1.181403899910349,2.039802692393295,4.522707784944587,4.28319252943064,4.072578764412532,2.453110456185932
GA,5,-0.6436221267043976,-0.2856712627556274,3.8205113813324436,2.030819055614478,1.5743246372410038,4.720250185091983
GA,6,-1.145646574893754,-3.180786851640396,3.303286313378517,3.0967076891885457,2.0930230987171425,4.7460591404784
GA,7,2.382667225804946,-0.2753138291271011,4.507698356444815,3.85927805069879,0.8277431399985571,2.2994103373965964
GA,8,0.1680908320318568,0.1317594237805235,1.5267222975403114,3.1995014298065527,4.770451872877764,2.955585063943545
GA,9,0.4193063507972692,-0.883999506559078,2.8794669311702203,0.342509461470916,2.8148516503024292,3.5834086257009794
GB,0,0.1519829185323312,0.610705757305973,3.7688538796308335,1.3421253043071781,1.1686041923141663,4.607132138523161
GB,1,-2.03004517753593,-1.423269315218114,2.122330437508505,4.928054881862939,0.39849603106526943,3.1665272389752546
GB,2,-2.13664520340077,-2.549393483708411,3.056917196506002,4.394231218601628,2.5504181975442646,4.403650084700273
GB,3,-1.82289524872107,-5.277857679422159,0.7355604508675491,4.044671061925877,2.563876231080654,4.93132448289965
GB,4,0.9452105498119213,-2.434410904177818,3.9310378827135866,1.6763966353910105,4.743522683625598,1.9141136731409638
GB,5,1.272976307840031,0.7250204735154636,3.2503123857932437,1.2610289220417088,1.6398916204249268,0.2303061531037015
GB,6,0.5983758864407545,0.4802271050373991,3.4225402128108455,4.324324739162013,1.9429764940113379,1.4750710137063638
GB,7,-0.9607829948286571,-0.2300470972830946,4.282517064636439,3.2337855223644603,1.91701040461813,0.39374144171940983
GB,8,1.237897136776353,0.2942554117013811,1.639957208667933,2.033540845818112,0.8493143608342504,3.7448714491056467
GB,9,-0.7846724620399979,0.1071736210236787,1.5047783288131535,0.9243004280642555,4.646376960875373,1.2240870821768226
GC,0,0.1045627999018819,-0.7403452452349752,3.3678090159696588,4.435597386103369,4.148346918551673,2.7431747411421354
GC,1,-0.4799730602487401,-2.374899423642291,1.0242544034460612,4.81055465890172,2.158581765542915,4.778610800577165
GC,2,0.4924019135179776,-0.3059389433261719,3.4137254538181723,1.2593259783159854,3.741791999983331,2.3121826953198616
GC,3,1.803058145061714,1.580342875965576,1.705516554791598,4.617773569208966,4.07326122002122,3.209852332798557
GC,4,-1.007563902130048,-1.070224447673175,1.2034615508950932,4.94514534264657,1.053418394168582,4.61978900910151
GC,5,-1.100711101003039,-1.632387527608866,1.4455904551071839,1.5905390435058822,0.5540747750870869,2.824307120022741
GC,6,0.2887014876166096,-0.8185316112719584,0.2977599621968297,1.0515091716636067,0.23655144213902146,3.2104485244639576
GC,7,-0.0786761167809385,-0.519230912797057,3.0133680622840537,4.100701675151756,0.24294211041630726,3.4612299890899245
GC,8,2.530254971085107,-0.5890627544255338,1.3314690854276252,1.4749163913743009,3.7337350800287075,2.929141397590529
GC,9,1.179810746956289,0.9895451983220317,0.8721200427150457,2.451504733820125,1.7773264090683019,3.4082057481393457
GD,0,-0.69419005668149,-1.529413000960946,0.21126032327342958,0.6899028025902199,4.581913568023519,2.8246949863409005
GD,1,-1.23502553590772,-2.667858155434033,0.3982761615446606,3.4309683092006744,3.3332677166780913,0.756035501978849
GD,2,-0.5613475344386847,0.1837268387588096,0.7724374272076631,3.76264196921216,0.3950713709407143,3.804720438364958
GD,3,-0.8742823953769272,-0.6916784250152671,3.862582373794462,0.45092662821565827,4.44412083539855,2.000838540178866
GD,4,-0.07821946596445602,-1.268267095917923,3.4668436317118343,4.91368492651687,3.92333584950668,2.8097259882608996
GD,5,0.3246814652168164,-3.11087145082323,1.1082490110367367,3.6696621536768617,3.7142701987587796,4.118796921872324
GD,6,1.816571209361097,0.5721362382512722,3.6793057666275186,2.736011262291004,0.7237679471894456,3.6606185763979577
GD,7,-0.4435100037579219,-1.761097923554199,3.3876163514968707,1.829300380357605,0.7404263560819879,4.076318980208461
GD,8,-0.8248871174522364,-3.124369344283835,4.737674088614573,3.2881574738949415,4.875233806432668,4.347075046268518
GD,9,0.1031362068682296,-2.527826932853589,3.0131236169081697,4.266322771053611,2.48065907409172,4.629805998747905
GE,0,0.1895678983655703,0.8817869746376643,1.9665407695668446,4.338844991445536,4.845744114956483,3.8800305134689035
GE,1,2.104983989096755,2.300020226970678,0.885977450333886,3.030210378763808,4.6335941048053915,0.29165378892259125
GE,2,-0.2681089361952099,0.3214083416308943,2.837724353220049,1.4958912180221713,1.4878386477707182,3.239159991902754
GE,3,0.06780817357268362,-0.13089552827958,0.7265054620899325,2.6075987030523264,1.9385602274822489,4.13476893587235
GE,4,-2.516015271456221,-3.378014362758915,4.507028325424327,1.8855152991720185,1.7536831274823823,3.7343856372185407
GE,5,-0.1256080017400885,-2.673920465237153,4.356242497793876,0.7139406380171276,4.709764041801091,2.795666375762996
GE,6,0.8731525103540094,-1.518772661836032,1.001427566731326,2.506667023490626,0.2539746199597374,1.5744305906294853
GE,7,-0.5833376291978686,-1.095442940533645,1.6382212681391533,4.809447955190773,1.044439393702691,4.647329059633196
GE,8,-0.2671312732733381,-0.5900717962549924,1.2285376656713598,4.158094277300141,3.498559857007202,3.8441315062523276
GE,9,1.039699708836487,0.2854149357667545,3.73818157653508,1.0935272403205034,0.22939048919756344,4.339756864267494
GF,0,-1.657831002291104,-3.121283649118639,2.022869854760354,3.931867426758967,3.2727532955332475,2.7720970730293213
GF,1,1.428712154736982,-1.420649461031124,1.6201952125319001,4.327801592059237,1.3796454113616035,1.613814547558065
GF,2,-0.5781281232746254,-2.839531931181074,4.964216665751117,2.1974399889990734,4.4596220723965585,3.9051434043192566
GF,3,-0.9295254048477695,-4.961925141039646,0.8789740308365521,2.9435038224820023,4.9134199899797695,2.61956900263155
GF,4,-1.325522301081064,-5.873532007139229,3.699057934734279,2.1372186207345827,3.235360699899933,0.8475716870945864
GF,5,0.4203097523200455,-4.536015708382829,0.8399775420141502,2.5306167295401907,2.6790549832393147,1.01196523484959
GF,6,2.914979876861753,-0.9120810296152022,1.1024898837050994,2.3254348802808,3.74110082240531,2.3819452453184353
GF,7,0.6897331533820554,-1.611661556960283,2.332506894646872,0.40984601257890924,2.924717167075234,2.2767503440408383
GF,8,-1.468884617560339,-4.7839746292037,4.2398045873543,0.6348433445977506,4.968737594354255,0.9779660122338556
GF,9,1.163991427139886,-3.315121242253145,0.30121764911541826,4.497504379235833,3.9694166666856456,3.50925882220206
GG,0,-0.2599515259059733,0.05133128954715765,3.455283638195139,2.6755686082351446,4.452205787535893,0.8420055380619793
GG,1,1.467403795878936,1.53639590954958,3.5861751480062107,2.179346937788881,4.151758296893675,3.6030880054817014
GG,2,1.266612160141578,3.000835260012825,3.6674981316118003,2.57729827688229,2.568653835379754,2.633754983953462
GG,3,-2.433679945426784,1.01831690997155,0.6783071217306926,3.238545406452654,2.8534037976133915,4.71088488114976
GG,4,-1.301185069145861,-0.8783323115000417,4.653517202629488,2.6366384203608386,3.7616227455045355,4.762151007417231
GG,5,0.6363134938109181,-0.48825557968485,3.7123149145484726,2.2501018623024045,3.1411532395006083,0.2638523543678758
GG,6,-0.368442083332719,-1.482069255217174,2.031566707484596,0.887721204005973,2.480744670743339,1.414315749292002
GG,7,-0.6743481125676125,-0.5840679026885344,1.6118789849255561,2.733193214234342,3.905032869241896,2.8410001424130513
GG,8,0.09082053867504503,1.316872267880015,2.2810873733314065,3.390601750314074,2.2754715354549595,0.4898217144260048
GG,9,-2.063777584043842,-1.030144164200604,3.003027962884508,4.231784446917057,0.8280962671294669,1.9936611862694607
GH,0,-0.2090885698888926,0.1765980158802309,3.4644990443819923,4.011649879854226,0.8565466719800026,1.3065766057748172
GH,1,2.944081004465252,4.513305606515654,3.327501822222851,3.3723424661031394,3.9042712263200743,3.741951342323983
GH,2,1.05771231733983,4.645010507512602,4.803093973689775,1.1829426204140663,0.6192476932998009,4.803165172403078
GH,3,2.408534853588951,5.735369328696113,4.36606263900827,1.7328578420084506,2.7935165648667946,1.712370131235457
GH,4,0.2869388368031168,3.065155597202772,0.30011331243690564,4.4375931016618395,0.21214245658017408,1.5610318789084991
GH,5,1.366843377992401,4.196595566511341,1.6042980758581111,3.220059319279922,0.7412279455034969,2.775593141480581
GH,6,1.509510517490145,3.3817288499055,4.426940749763487,4.793438514724424,1.9464879061424878,0.8541855392570894
GH,7,-0.1897468336252527,1.328519093624478,4.83978870885238,2.744801298060636,2.3602696941244545,4.886519263939533
GH,8,-0.3606131098902363,0.7471488280121235,3.0794485360260997,2.8213314460518153,4.080313018450444,3.5326837469951062
GH,9,0.7397611548976671,1.039604933793056,0.49107830151208776,0.7714640475761478,1.2130552554689267,2.270603493876929
GI,0,1.343040389929365,1.367716213634825,0.5454867420218459,0.7283903724437437,4.175198165872557,0.29290375505534455
GI,1,-1.200455459974668,-1.065832678247386,2.1135949286964717,2.3844965545333774,4.399801929559788,4.271226283012125
GI,2,-0.242160929106193,0.6404715523106586,4.584119146117936,2.4957110755122236,0.2654759219495091,4.215189630163654
GI,3,0.7026991796890947,2.589012165730472,3.345308877313418,2.052037572357729,2.410293762743095,0.292201289699541
GI,4,-0.1421723701387451,0.007210525262845158,2.100323722952491,2.574387069913979,4.027824368522846,1.475528185438585
GI,5,1.287319951494837,2.527523678096499,4.038478846366025,2.576498753119919,4.448125936491938,2.7698600478479065
GI,6,-1.829431915098412,-0.2426763589660845,1.655527960290634,0.7220076426561011,4.204581698373789,1.3748469915912875
GI,7,2.340093835554715,3.09832838612328,3.8938205674411566,1.7338997197339676,3.217627487456338,0.8513464534685826
GI,8,-0.6753881757300583,1.765123594499878,4.8162755568536255,0.7720692432250118,1.1759904610301397,4.649177084507083
GI,9,-0.2506772148480801,1.402191544978833,2.8376508085901304,0.6462680414545806,1.6310671231409695,1.3275329406413137
GJ,0,-0.995203184698429,-0.1613349445447277,0.8521722555931388,1.624333189263276,2.6201065853659946,2.995491540580854
GJ,1,3.304393438053831,4.578768240584949,1.4781471568839684,0.9534513553436708,1.7452266714463676,4.3762353982577435
GJ,2,-0.3777233359745468,2.025419515681538,3.720822246428115,0.844605608182073,2.5203123500887785,0.9210707481805644
GJ,3,-0.5470549113140606,2.205373371727917,1.727265503603574,2.3254679377573972,4.0064856918027445,3.4145246879049718
GJ,4,1.414588632407221,4.376150346487311,0.6795582578406383,0.7683201688820211,2.778687333042439,2.700180646926979
GJ,5,1.127305819580238,5.063800196732222,3.608204966082933,1.8553919560910703,3.1686987569875615,3.3045927078916804
GJ,6,0.9746224335818249,6.962602231863445,0.24475492311003944,1.8563009906112247,4.271999639641549,3.7979827024717787
GJ,7,0.5761333314210337,4.929446494165429,2.8042251675034047,4.282631122954048,2.843225553087974,1.8668374927831817
GJ,8,-0.3466395495340988,4.457586332100744,0.42425798045915664,1.0959596219690768,1.2895751561262363,0.3347295430726842
GJ,9,-0.5459635926199624,2.95161554245829,1.7885317193812995,3.6340365608904643,3.254582728332391,2.6738744341859344
GK,0,-1.393513616389728,0.4429353932557551,3.1714280159856223,2.649161125252486,0.2712162305583002,1.9822216573116944
GK,1,-1.327795582080247,-0.4798240154172462,4.627046222512326,4.678684092809407,1.1880543464724858,0.5581050737624705
GK,2,1.613692914739451,0.9395243506936117,4.326518295120266,0.5447818175531418,4.889600340991249,1.4876084798072142
GK,3,2.294464729658129,4.029698808029168,1.893289659237225,0.9638226236427383,1.382405642188181,0.6117999259759686
GK,4,-0.1799923208605025,2.106603699125036,4.295206265219449,2.8659378776147486,2.508907807374648,2.236700285890556
GK,5,0.9565685677395594,0.9408315247809811,4.250865195797364,0.4776449071834671,1.8703016206156047,2.0332877833438383
GK,6,-0.418497928195219,0.03719389915345295,4.082403197495601,4.546453111622476,3.3609958496045533,2.6470185014542102
GK,7,0.0661061707263583,1.018574432676559,2.9845984872803033,4.2253473993421125,4.376187655068475,2.1162916877002824
GK,8,0.752530024259102,2.929547640615177,4.470806835147027,1.5889448435415559,3.9658589011723038,3.6360313381239613
GK,9,-0.06935690767530936,2.137712643540238,1.901076191136978,0.6005099822369152,3.5813983107388183,4.436212063908203
GL,0,0.4439022100568322,1.140593337062588,0.6482197452493592,3.3107695109706556,1.6860882027057837,3.817785144262227
GL,1,0.4643106464107559,-0.8350959003283397,3.4344486872557995,3.6060411276190987,1.156409519025408,1.1160089223227823
GL,2,-0.07149607845274836,-1.534243365994009,3.037757452650392,0.37017436021370714,2.1965579191058002,3.8198925592064255
GL,3,0.568194205856754,-1.287291270282007,3.959500843306744,1.0164095588753113,2.6253131253188307,1.3335341151172573
GL,4,0.9741008115410711,-0.6403790386257703,4.117274708384791,2.0383322272208675,1.6272574415834997,3.0138348185839487
GL,5,0.4302329897798317,-0.4886721413183038,3.223154318539039,2.601008576015538,2.426697202580321,1.2167691633967215
GL,6,-0.6248158472121425,-0.634870503385407,3.309470737221266,2.3310346657560452,1.2643217466964334,0.7620318434915176
GL,7,-1.575269308049284,-2.618670084858065,3.8760824993996166,2.2740368958026327,3.099964679872062,2.3156272582369595
GL,8,0.218294978283868,-1.790262879551523,3.895373670696741,3.769419043299902,3.292844049969969,1.307247395914915
GL,9,-0.1938177499869603,-1.807060316261437,1.4926285748338624,0.5627948815683423,0.6916576127574354,4.0927349251982434
GM,0,-0.3755535230254533,-0.3866688578803237,4.130983658923298,3.028811633672179,0.6988534720689475,1.1757895893258958
GM,1,-0.07288738378930389,0.4356859535901161,1.56192389967259,2.237936228687058,1.6361960430509663,1.8081044581234702
GM,2,2.511743895218008,2.966811022862547,2.627037480340958,4.780843478973281,3.3353225123440375,1.4430560537670352
GM,3,-1.412766538142861,1.324456682631382,2.7930129129904766,4.988011083149801,0.7362886186722808,0.9382426946048221
GM,4,-1.974066541530399,0.08684409736714926,4.817258704068401,1.687750333739589,2.775794432390128,1.7119306392941744
GM,5,0.3702136038263028,1.263614746525907,2.2323182838617748,3.154992121827786,2.9725729615324985,2.9355543643464057
GM,6,-0.5925701441418604,0.6914814179259143,3.834614592533276,3.76661304811845,4.681580017495945,2.1172455383593487
GM,7,0.9524252367155837,3.289207638530469,3.1691881971639306,4.312356461984564,1.5227293217673679,4.637634010478454
GM,8,-0.0008572923175071967,1.643021984492448,2.1818880404819363,1.4533390830981083,0.8165786533030268,0.53210394471319
GM,9,0.9236196409439493,1.843402659411921,2.51209345320956,1.7978074496259668,3.170418967789464,3.4081135539479614
GN,0,-0.1172440082721604,1.328650877763893,0.7802447306676135,1.446810415135285,3.1856748752037993,0.5598583686100781
GN,1,-1.075713575351778,-2.458889228454252,1.1761000913721724,4.777879161077889,4.468220131212268,3.4510116632338486
GN,2,-0.2481160784741155,-4.385098614403537,2.2341893592952333,3.99155133223937,2.1315545937130125,2.4782851523916345
GN,3,1.137701968187836,-2.343938388932571,2.223287980278004,3.808874633588233,4.152649096548148,3.768054394281401
GN,4,1.154889623401449,-3.917088728254192,0.8658045032686839,1.3716086761408723,3.720503903329568,1.7713040336522103
GN,5,0.8380670161276478,-3.272591073864771,3.6730297042598474,1.5471509899524456,2.466497539101717,0.5388306176545908
GN,6,1.016123866651967,-0.3623481657627354,1.3791161900354205,1.5699456041577655,4.106600156761941,2.375538049026703
GN,7,-1.662903714019362,-4.450185332668466,0.476279316663455,0.8167522054162588,4.852619438657673,3.1423076495889344
GN,8,-1.555272095588376,-7.253810901652429,1.4190418750779878,4.471574049220885,0.6199836277905106,0.42387282740135923
GN,9,-1.342293423935956,-8.282820021939855,3.878474437484299,1.3379554263762186,2.17992663062117,3.77157757376051
GO,0,1.104413412687253,0.8812189159843082,4.7813764972769475,1.8559735398090447,3.809496267746418,2.181291051741785
GO,1,0.8193858055787367,1.408345331526907,3.9675751518371043,3.019458983523613,3.932917897903384,2.5569202984261152
GO,2,-1.579943969331433,-1.832208156039992,2.177948700274299,4.00988867750194,0.786523654779232,0.3669381797692506
GO,3,-0.09429526708989855,-1.392220085807325,0.2816468906987975,3.173365074138199,2.329397212942015,2.8298347053168533
GO,4,1.572675217207415,0.9123920672810466,3.313909665075984,2.0293192438297885,0.8763715126281062,4.461476673247568
GO,5,1.245335562188972,2.43037872203715,0.9378610029402998,3.5286919091412874,2.6222194986274263,4.70953008604916
GO,6,0.4454769754228464,0.6676021498682388,3.5395797481375335,4.571991530395152,2.9408165242551125,0.392660072878625
GO,7,-0.7678141487777304,-3.415833129283708,4.9884024516592005,1.1142950606571014,3.423810944552574,3.1753757107277414
GO,8,1.215991273404016,-2.798257163769179,4.7579461006739745,4.187581615714744,0.4310246468427554,1.8464522050172956
GO,9,0.02264096635674123,-2.988317102623852,4.166460476497656,0.5636227681299599,2.028902034260393,1.70322397590193
GP,0,-0.5154921961598933,-1.63553262492955,1.0383899896072823,3.736501411991039,3.3182219748534694,3.789840716673137
GP,1,-1.00968474163792,-2.94112684070003,2.453205120764593,2.2321695105192547,1.6946281326823642,2.344916930437769
GP,2,0.8090567571750464,-0.9627361721725565,4.841332046772024,4.561741935170171,1.7023860184574855,0.9589665686631395
GP,3,-1.803489801431293,-1.710205189184232,3.3244984051973905,2.8019838654644054,2.2293327950497512,3.71098471286463
GP,4,-0.2701258287951036,-2.37809750189465,0.40048555444975326,2.4267454257739365,1.1224970540864578,2.2742787122899224
GP,5,0.3434025781045654,-1.017851634024564,1.4008041588316575,3.5907750706127852,2.36658257224276,2.6886554399169333
GP,6,-1.185640170301736,-2.165761821448283,4.027037907666087,3.0586459277478473,0.8535734085474613,2.376477216381181
GP,7,-0.89601285222471,-2.915961473209411,1.7758567644423806,2.49123572090296,2.077116958865954,1.5539529779874917
GP,8,1.262929608703223,-0.7968891112763484,1.7077730998906642,2.97442232589113,3.946966212265629,2.8427451621082653
GP,9,0.2668377731939205,-1.156611271396002,3.4971824147950996,0.7768886347720529,4.651727356982393,4.6769276098264285
GQ,0,1.130693922256209,4.042422374042039,4.7457614693334875,1.2468498640229786,0.4242794177661203,2.635994549327219
GQ,1,-0.4128580494652569,1.736811877197769,0.22657646042499452,3.8071666153999373,3.4097619105032497,0.6768078430335509
GQ,2,-0.1649578615970853,1.475005997088286,0.9828453228978205,1.443749936405376,3.8062427396580043,0.5255428819637317
GQ,3,1.179603114381339,2.782223251943403,3.5214313735719283,1.73508399674441,4.664241437597271,1.7963335903335997
GQ,4,0.3431555269326441,3.463367122309458,2.8551205964018433,1.6172605330568193,2.4144693161095816,0.9515555469700547
GQ,5,-0.8242328702672059,3.766650523414309,4.100223828797875,2.669290847230934,0.9617032615895034,0.7046876424731718
GQ,6,1.617930681256332,4.609992350956805,4.577073579138317,1.8435162479822658,4.079292860930935,0.3222924321316789
GQ,7,-0.3407745574242579,2.15120217426778,1.1210130573493644,3.8394477634276205,1.3986050617066168,2.6267738506326643
GQ,8,-0.1679967825675656,3.07889383410093,4.599697086822903,3.985160734719461,2.2963743027294625,3.3793333980488542
GQ,9,-0.8759223352240364,2.981613257562604,1.28803534921663,4.546701453790854,0.8391281409159583,2.2791929493794068
GR,0,-0.5750151087316576,-1.459082232224657,2.3514762860415184,4.543719567744606,3.706494986749758,1.1256663810899472
GR,1,-0.1190740718097752,-0.03172421631333792,4.87138503294297,2.1403575198440765,2.930660319030862,1.8481073262597085
GR,2,0.7790758706922598,-0.04312714977441723,0.8830875788971277,1.299894171682508,2.1723293435316524,2.496194981900772
GR,3,-0.6782328294178591,-0.2903251367609245,3.399282343085378,3.483859215858793,1.0932364779511063,3.4326909165954107
GR,4,-1.288785253163867,-1.165243697410372,2.5706374635017117,4.471589737887889,1.3729387041336578,3.464027466294167
GR,5,1.300428567356921,2.093249847821375,3.7023032345775935,4.03307979084768,2.6575242991741375,1.8583603062498482
GR,6,0.9836969798029233,3.102526180847423,0.361006120346984,4.328354030233953,3.210664428838358,4.644465207780191
GR,7,-0.4741441327678183,1.139397915678247,0.5985963817692461,1.3523923758233114,4.382953337706133,4.537272084887945
GR,8,1.11639002915358,3.39960524982723,1.5770529865971412,4.9253645086977915,0.45820132295160754,1.7308949251474925
GR,9,-0.7545900327064451,0.9450738139428427,0.8098046504167287,2.312375167436379,4.998335638994873,1.1375606556215825
